"","modified","institutionCode","collectionCode","catalogNumber","scientificName","family","genus","specificEpithet","scientificNameAuthorship","identifiedBy","dateIdentified","typeStatus","recordNumber","recordedBy","year","month","day","country","stateProvince","municipality","locality","decimalLongitude","decimalLatitude","occurrenceRemarks","occurrenceID","bibliographicCitation","acceptedNameUsage","identificationQualifier","infraspecificEpithet","fieldNumber","comments","FID","new_Lat","new_Lon","notes"
"1",NA,"UFPI","TEPB","31096","Terminalia actinophylla Mart.","Combretaceae","Terminalia","actinophylla","Mart.","RIBEIRO, R. T. M.","2017-08-07T00:00:00.000+0000",NA,"110","Neto, J.R.A",2016,5,10,"brazil","piaui","sigefredo pacheco","Olho D'água da Fazenda",NA,NA,"Ambiente: Caatinga <ll>dwc_commonname:</ll> Chapada","BRA:UFPI:TEPB:0000031096",NA,"Terminalia actinophylla Mart.",NA,NA,NA,NA,5082,-4.980148,-4.980148,"centroide mpo"
"2",NA,"UNICAMP","UEC","192341","Terminalia actinophylla Mart.","Combretaceae","Terminalia","actinophylla","Mart.",NA,NA,NA,"138","Silvestre, L.F.V.",2015,5,3,"brazil","goias","cavalcante","Engenho II, Sítio Histórico Kalunga",0,0,"Arbóreo, 15m; Cerrado sensu stricto denso","BRA:UNICAMP:UEC:0000192341",NA,"Terminalia actinophylla Mart.",NA,NA,NA,NA,3384,-13.635097,-47.696037,"centroide mpo (0)"
"3",NA,"Cenargen","CEN","95612","Terminalia actinophylla Mart.","Combretaceae","Terminalia","actinophylla","Mart.","R. F. Haidar",NA,NA,"1772","Ricardo Flores Haidar",2015,6,23,"brazil","bahia","formosa do rio preto","Expedição Parque Nacional Serra das Confusões - Coleta de dados de flora para tese de Ricardo Haidar e Gabriel Damasco. Fuso: 23 L. E: 478110,421 N: 8778131,865 Alt: 476,936",-45.200277,-11.053055,"Doação.","BRA:Cenargen:CEN:0000095612",NA,"Terminalia actinophylla Mart.",NA,NA,NA,NA,3741,-11.053055,-45.200277,"original coordinates"
"4","2017-10-15T10:44:28.000+0000","JBRJ","RB","RB00990671","Terminalia actinophylla Mart.","Combretaceae","Terminalia","actinophylla","Mart.",NA,NA,NA,"1073","L.J.T. Cardoso; S. Neves",2015,7,9,"brazil","maranhao","barao de grajau","ca. de 2km da margem do Rio Parnaíba. Próximo a localidade de Cana. Coordenada aproximada do indivíduo (WGS84). A vegetação aparenta um contato entre Savana-Estépica Florestada-Floresta Estacional Decidual.",-42.935,-6.650556,"Frequente. Espécie com os maiores indivíduos arbóreos (DAP e altura) desse trecho de vegetação. Casca grossa, fissurada, de cor escura. Folhas membranáceas, agrupadas no ápice e nos nós dos ramos. Frutos secos amarronzados.","urn:catalog:JBRJ:RB:990671",NA,"Terminalia actinophylla Mart.",NA,NA,NA,NA,4706,-6.650556,-42.935,"original coordinates"
"5",NA,"Universidade Federal da Bahia (UFBA)","ALCB","122135","Terminalia actinophylla Mart.","Combretaceae","Terminalia","actinophylla","Mart.","Ribeiro, RTM","2018-05-11T00:00:00.000+0000",NA,"24147","Guedes, ML; Chagas, F das; Silveira, ER",2015,10,6,"brazil","maranhao","barra do corda","Cachoeira do Rio do Corda.",-45.292778,-5.688056,"de ca 20 m de altura. Folhas cartáceas. Frutos sâmaras.","BRA:UFBA:ALCB:0000122135",NA,"Terminalia actinophylla Mart.",NA,NA,NA,NA,4962,-5.688056,-45.292778,"original coordinates"
"6","2017-10-08T18:34:05.000+0000","JBRJ","RB","RB01099205","Terminalia actinophylla Mart.","Combretaceae","Terminalia","actinophylla","Mart.","MARQUETE, N.F.S.",NA,NA,"1110","L.J.T. Cardoso; P. Farag, O. Samor & P. Gomes",2015,11,12,"brazil","piaui","sao francisco de assis do piaui","Coordenadas exatas do indivíduo (WGS84). Savana-estépica arborizada.",-41.533611,-8.254444,"Grande árvore da Caatinga florescendo massivamente. Copa frondosa, ampla, ramificando a 3m, ramos grossos; ritidoma marrom, fissurado, desprendimento em placas; folhas jovens verde-claro; flores muito perfumadas; frutos amadurescendo e frutos maduros, secos, marrom.","urn:catalog:JBRJ:RB:1099205",NA,"Terminalia actinophylla Mart.",NA,NA,NA,NA,4232,-8.254444,-41.533611,"original coordinates"
"7","2017-10-14T02:10:10.000+0000","JBRJ","RB","RB00861658","Terminalia actinophylla Mart.","Combretaceae","Terminalia","actinophylla","Mart.","MARQUETE, N.F.S. & RIBEIRO, R.T.M.","2016-10-10T00:00:00.000+0000",NA,"6625","B.M.T. Walter; C.E.B. Proença; I.R. da Costa; S.R. Silva",2014,1,25,"brazil","piaui","oeiras","Estrada Oeiras para Picos. À cerca de 5km da cidade de Oeiras.",-42.085278,-6.972222,"Árvore com 7m de altura; botões florais marrom-ferrugíneos; espécie em início de floração; nas linhas de drenagem ocorre grandes indíviduos; com diâmetros à altura do peito maiores que 40cm e altura 14m","urn:catalog:JBRJ:RB:861658",NA,"Terminalia actinophylla Mart.",NA,NA,NA,NA,4579,-6.972222,-42.085278,"original coordinates"
"8",NA,"Universidade Federal da Bahia (UFBA)","ALCB","116732A","Terminalia actinophylla Mart.","Combretaceae","Terminalia","actinophylla","Mart.","Ribeiro, RTM","2018-05-11T00:00:00.000+0000",NA,"22035a","Guedes, ML; Kelmo, F; Alunos de Ecologia",2014,4,15,"brazil","bahia","marau","Litoral Sul, Ponto 21.",-38.948611,-13.972778,"de ca 7 m de altura. Folhas cartáceas, discolores. Inflorescência espiciforme. Frutos com duas alas seríceas.","BRA:UFBA:ALCB:000116732A",NA,"Terminalia actinophylla Mart.",NA,NA,NA,NA,3329,-13.972778,-38.948611,"original coordinates"
"9",NA,"Universidade Federal da Bahia (UFBA)","ALCB","116724A","Terminalia actinophylla Mart.","Combretaceae","Terminalia","actinophylla","Mart.","Ribeiro, RTM","2018-05-11T00:00:00.000+0000",NA,"22027a","Guedes, ML; Kelmo, F; Alunos de Ecologia",2014,4,14,"brazil","bahia","marau","Litoral Sul",-38.947222,-13.964444,"de ca 10 m de altura. Folhas na porção terminal dos ramos, cartáceas, discolores. Inflorescência axilar. Frutos sâmaras.","BRA:UFBA:ALCB:000116724A",NA,"Terminalia actinophylla Mart.",NA,NA,NA,NA,3329,-13.964444,-38.947222,"original coordinates"
"10",NA,"Universidade Federal da Bahia (UFBA)","ALCB","113687","Terminalia actinophylla Mart.","Combretaceae","Terminalia","actinophylla","Mart.","Ribeiro, RTM","2018-05-11T00:00:00.000+0000",NA,"s.n.","Guedes, ML; Souza, IF",2014,4,14,"brazil","bahia","marau","Litoral Sul, Ponto 12.",-38.947222,-13.964444,"Folhas subcoriáceas, discolores, dispostas na porção terminal dos ramos. Inflorescência espiciforme. Frutos sâmaras.","BRA:UFBA:ALCB:0000113687",NA,"Terminalia actinophylla Mart.",NA,NA,NA,NA,3329,-13.964444,-38.947222,"original coordinates"
"11",NA,"Universidade Federal da Bahia (UFBA)","ALCB","117896","Terminalia actinophylla Mart.","Combretaceae","Terminalia","actinophylla","Mart.","Ribeiro, RTM","2018-05-11T00:00:00.000+0000",NA,"22956","Guedes, ML; Kelmo, F; Alunos de Kelmo da Disciplina Ecologia",2014,11,6,"brazil","bahia","marau","Litoral Sul, Caminho Barra Grande para Itaipú de Fora.",-38.933333,-13.95,"de ca 8 m de altura. Folhas coriáceas, discolores. Inflorescência espiciforme, flores cremes. Frutos sâmaras, imaturas, verdes.","BRA:UFBA:ALCB:0000117896",NA,"Terminalia actinophylla Mart.",NA,NA,NA,NA,3329,-13.95,-38.933333,"original coordinates"
"12",NA,"Universidade Federal do Ceará, UFC","EAC","54960","Terminalia actinophylla Mart.","Combretaceae","Terminalia","actinophylla","Mart.","Loiola, M.I.B.; Soares Neto, R.L.","2012-04-01T00:00:00.000+0000",NA,"s.n.","Farias, R.R.",2012,1,7,"brazil","piaui","jerumenha","substrato arenoso.",0,0,"Árvore, frequente.; Cerrado.","BRA:UFC:EAC:0000054960",NA,"Terminalia actinophylla Mart.",NA,NA,NA,NA,4531,-7.114524,-43.501324,"centroide mpo (0)"
"13",NA,"UEFS","HUEFS","179126","Terminalia actinophylla Mart.","Combretaceae","Terminalia","actinophylla","Mart.","P.Broddle","2015-01-01T00:00:00.000+0000",NA,"56350","Harley, R.M.",2012,1,21,"brazil","piaui","sao raimundo nonato","Serra Vermelha.",-42.728611,-8.881667,NA,"BRA:UEFS:HUEFS:0000179126",NA,"Terminalia actinophylla Mart.",NA,NA,NA,NA,4095,-8.881667,-42.728611,"original coordinates"
"14",NA,"UEFS","HUEFS","179171","Terminalia actinophylla Mart.","Combretaceae","Terminalia","actinophylla","Mart.","P.Broddle","2015-01-01T00:00:00.000+0000",NA,"56395","Harley, R.M.",2012,1,23,"brazil","piaui","oeiras","Margem da BR-230 com destino a Oeiras-Floriano, ca. 26 km da cidade.",-42.286667,-7.005,"Ecótone entre caatinga e cerrado.","BRA:UEFS:HUEFS:0000179171",NA,"Terminalia actinophylla Mart.",NA,NA,NA,NA,4579,-7.005,-42.286667,"original coordinates"
"15",NA,"Universidade Regional do Cariri (URCA)","HCDAL","7771","Terminalia actinophylla Mart.","Combretaceae","Terminalia","actinophylla","Mart.",NA,NA,NA,"s.n.","Silva, M.A.P.; Santos, M.A.F. das",2012,1,26,"brazil","ceara","crato","Estrada Crato-Exú, Chapada do Araripe.",-39.541611,-7.289056,"Árvore ca. 8m.","BRA:URCA:HCDAL:0000007771",NA,"Terminalia actinophylla Mart.",NA,NA,NA,NA,4489,-7.289056,-39.541611,"original coordinates"
"16",NA,"UEFS","HUEFS","179144","Terminalia actinophylla Mart.","Combretaceae","Terminalia","actinophylla","Mart.","P.Broddle","2015-01-01T00:00:00.000+0000",NA,"56368","Harley, R.M.",2012,1,22,"brazil","piaui","colonia do piaui","PI 143 em direção a Oeiras, ca. 10 km de Colônia do Piauí.",-42.151389,-7.293611,NA,"BRA:UEFS:HUEFS:0000179144",NA,"Terminalia actinophylla Mart.",NA,NA,NA,NA,4466,-7.293611,-42.151389,"original coordinates"
"17",NA,"UEFS","HUEFS","179128","Terminalia actinophylla Mart.","Combretaceae","Terminalia","actinophylla","Mart.","P.Broddle","2015-01-01T00:00:00.000+0000",NA,"56352","Harley, R.M.",2012,1,21,"brazil","piaui","sao raimundo nonato","Parque Nacional Serra da Capivara, Baixão das Andorinhas.",-42.698056,-8.866111,NA,"BRA:UEFS:HUEFS:0000179128",NA,"Terminalia actinophylla Mart.",NA,NA,NA,NA,4095,-8.866111,-42.698056,"original coordinates"
"18",NA,"UFPI","TEPB","28193","Terminalia actinophylla Mart.","Combretaceae","Terminalia","actinophylla","Mart.",NA,NA,NA,"4","Farias, R.R",2012,2,25,"brazil","piaui","jatoba do piaui","Alto do Comandante, Fazenda Lourdes",-42.051806,-4.861639,"Árvore; fruto imaturo verde; frequente; laterita Ambiente: Complexo de Campo Maior <ll>dwc_commonname:</ll> Chapada-cascudo","BRA:UFPI:TEPB:0000028193",NA,"Terminalia actinophylla Mart.",NA,NA,NA,NA,5100,-4.861639,-42.051806,"original coordinates"
"19","2014-07-08T01:47:48.000+0000","JBRJ","RB","RB00818884","Terminalia actinophylla Mart.","Combretaceae","Terminalia","actinophylla","Mart.",NA,NA,NA,"04","R.R. Farias; R.N",2012,2,25,"brazil","piaui","jatoba do piaui","Alto do Comandante, Fazenda Lourdes.",-42.051667,-4.861389,"Árvore. Fruto imaturo verde. Complexo de campo maior. Frequente. Laterita","urn:catalog:JBRJ:RB:818884",NA,"Terminalia actinophylla Mart.",NA,NA,NA,NA,5100,-4.861389,-42.051667,"original coordinates"
"20",NA,"Universidade Federal do Ceará, UFC","EAC","53936","Terminalia actinophylla Mart.","Combretaceae","Terminalia","actinophylla","Mart.","Loiola, M.I.B.","2013-05-03T00:00:00.000+0000",NA,"12","Farias, R.R.",2012,4,13,"brazil","piaui","itaueira","BR 135, Substrato arenoso.",-43.125278,-7.428611,"Árvore; fruto vermelho.","BRA:UFC:EAC:0000053936",NA,"Terminalia actinophylla Mart.",NA,NA,NA,NA,4407,-7.428611,-43.125278,"original coordinates"
"21",NA,"Universidade Federal do Ceará, UFC","EAC","53934","Terminalia actinophylla Mart.","Combretaceae","Terminalia","actinophylla","Mart.","Loiola, M.I.B.","2013-05-03T00:00:00.000+0000",NA,"08","Farias, R.R.",2012,4,14,"brazil","piaui","bom jesus","BR 351, Substrato arenoso.",-44.532222,-9.311389,"Árvore.; Cerrado","BRA:UFC:EAC:0000053934",NA,"Terminalia actinophylla Mart.",NA,NA,NA,NA,4042,-9.311389,-44.532222,"original coordinates"
"22",NA,"Universidade Federal do Ceará, UFC","EAC","53933","Terminalia actinophylla Mart.","Combretaceae","Terminalia","actinophylla","Mart.","Loiola, M.I.B.","2013-05-03T00:00:00.000+0000",NA,"14","Farias, R.R.",2012,4,15,"brazil","piaui","floriano","BR 135, Substrato arenoso.",-43.126667,-7.301944,"Árvore.; Cerrado","BRA:UFC:EAC:0000053933",NA,"Terminalia actinophylla Mart.",NA,NA,NA,NA,4569,-7.301944,-43.126667,"original coordinates"
"23",NA,"Universidade Federal do Ceará, UFC","EAC","53935","Terminalia actinophylla Mart.","Combretaceae","Terminalia","actinophylla","Mart.","Loiola, M.I.B.","2013-05-03T00:00:00.000+0000",NA,"07","Farias, R.R.",2012,4,13,"brazil","piaui","amarante","BR 343, Substrato arenoso.",-42.803333,-6.591944,"Árvore; fruto vermelho.; Cerrado","BRA:UFC:EAC:0000053935",NA,"Terminalia actinophylla Mart.",NA,NA,NA,NA,4779,-6.591944,-42.803333,"original coordinates"
"24",NA,"UFPI","TEPB","28345","Terminalia actinophylla Mart.","Combretaceae","Terminalia","actinophylla","Mart.","RIBEIRO, R. T. M.","2017-08-08T00:00:00.000+0000",NA,"7","R. R. S. Farias",2012,4,13,"brazil","piaui","amarante","BR 343",-42.803389,-6.591944,"Frutos vermelhos Ambiente: Cerrado <ll>dwc_commonname:</ll> Chapada","BRA:UFPI:TEPB:0000028345",NA,"Terminalia actinophylla Mart.",NA,NA,NA,NA,4779,-6.591944,-42.803389,"original coordinates"
"25",NA,"Universidade Federal do Ceará, UFC","EAC","53937","Terminalia actinophylla Mart.","Combretaceae","Terminalia","actinophylla","Mart.","Loiola, M.I.B.","2013-05-03T00:00:00.000+0000",NA,"11","Farias, R.R.",2012,4,15,"brazil","piaui","canto do buriti","BR 135, Substrato arenoso.",-42.968889,-8.117778,"Árvore.; Cerrado-caatinga","BRA:UFC:EAC:0000053937",NA,"Terminalia actinophylla Mart.",NA,NA,NA,NA,4208,-8.117778,-42.968889,"original coordinates"
"26",NA,"UFPI","TEPB","27963","Terminalia actinophylla Mart.","Combretaceae","Terminalia","actinophylla","Mart.","RIBEIRO, R. T. M.","2017-08-07T00:00:00.000+0000",NA,"5","Carvalho, C.S",2011,5,25,"brazil","piaui","assuncao do piaui","Comunidade Quilombola Sítio Velho",NA,NA,"Ambiente: Cerrado/Caatinga <ll>dwc_commonname:</ll> Chapada","BRA:UFPI:TEPB:0000027963",NA,"Terminalia actinophylla Mart.",NA,NA,NA,NA,4915,-5.880033,-5.880033,"centroide mpo"
"27",NA,"UEFS","HUEFS","177708","Terminalia actinophylla Mart.","Combretaceae","Terminalia","actinophylla","Mart.","R.T.M.Ribeiro","2018-05-01T00:00:00.000+0000",NA,"10169","Melo, E.",2011,7,18,"brazil","piaui","caracol","Estrada para Serra Grande. Entrada em Guarita. Fora do Parque.",-43.165278,-8.879722,NA,"BRA:UEFS:HUEFS:0000177708",NA,"Terminalia actinophylla Mart.",NA,NA,NA,NA,4076,-8.879722,-43.165278,"original coordinates"
"28",NA,"UFPI","TEPB","27922","Terminalia actinophylla Mart.","Combretaceae","Terminalia","actinophylla","Mart.","RIBEIRO, R. T. M.","2017-08-08T00:00:00.000+0000",NA,"52","BEIRÃO, D.D.C.",2011,11,11,"brazil","piaui","floriano","Área agrícola prox. Apiário 2 Agroindústria",NA,NA,"Árvpre, pétalas laranjas Ambiente: Mata ciliar <ll>dwc_commonname:</ll> Chapada","BRA:UFPI:TEPB:0000027922",NA,"Terminalia actinophylla Mart.",NA,NA,NA,NA,4569,-7.005733,-7.005733,"centroide mpo"
"29",NA,"Universidade Federal do Ceará, UFC","EAC","47164","Terminalia actinophylla Mart.","Combretaceae","Terminalia","actinophylla","Mart.","Soares Neto, R.L.","2012-04-01T00:00:00.000+0000",NA,"2264","Castro, A.S.F.",2010,2,25,"brazil","piaui","itaueira","3km ao norte, estrada para Floriano",0,0,"Árvore; fruto vermelho.; Cerrado","BRA:UFC:EAC:0000047164",NA,"Terminalia actinophylla Mart.",NA,NA,NA,NA,4407,-7.502578,-43.131386,"centroide mpo (0)"
"30","2017-10-19T00:12:00.000+0000","JBRJ","RB","RB00702644","Terminalia actinophylla Mart.","Combretaceae","Terminalia","actinophylla","Mart.","N.F.da S.Marquete","2012-03-27T00:00:00.000+0000",NA,"14732","L.P.de Queiroz; P.G.Ribeiro, D.Cardoso &R.M.Salas",2010,5,22,"brazil","bahia","pilao arcado","Iú Grande.",-42.836111,-10.071111,"Árvore ca. 3.0m alt, copada. Folhas cartáceas. Frutos imaturos creme-esverdeado com margem de ala rosada. Dossel a ca. 4.0m.","urn:catalog:JBRJ:RB:702644",NA,"Terminalia actinophylla Mart.",NA,NA,NA,NA,3913,-10.071111,-42.836111,"original coordinates"
"31",NA,"UEFS","HUEFS","167412","Terminalia actinophylla Mart.","Combretaceae","Terminalia","actinophylla","Mart.","R.T.M.Ribeiro","2018-05-01T00:00:00.000+0000",NA,"8880","Melo, E.",2010,11,24,"brazil","piaui","caracol","Área próxima aos cálices rochosos.",-43.482222,-9.220833,"Ecotono cerrado/caatinga ""Carrasco"".","BRA:UEFS:HUEFS:0000167412",NA,"Terminalia actinophylla Mart.",NA,NA,NA,NA,4076,-9.220833,-43.482222,"original coordinates"
"32",NA,"Universidade Federal de Minas Gerais (UFMG)","BHCB","143774","Terminalia actinophylla Mart.","Combretaceae","Terminalia","actinophylla","Mart.",NA,"2009-01-01T00:00:00.000+0000",NA,"s.n.","Rodrigues, J; et al.",2009,3,10,"brazil","piaui","floriano",NA,0,0,"Árvore ca. 12m alt.; caule acinzentado; folha membranácea; fruto maduro avermelhado.","BRA:UFMG:BHCB:0000143774",NA,"Terminalia actinophylla Mart.",NA,NA,NA,NA,4569,-7.005733,-43.079108,"centroide mpo (0)"
"33",NA,"UEFS","HUEFS","148810","Terminalia actinophylla Mart.","Combretaceae","Terminalia","actinophylla","Mart.",NA,NA,NA,"16174","Rodrigues, J.",2009,3,10,"brazil","piaui","floriano",NA,NA,NA,NA,"BRA:UEFS:HUEFS:0000148810",NA,"Terminalia actinophylla Mart.",NA,NA,NA,NA,4569,-7.005733,-7.005733,"centroide mpo"
"34",NA,"UEFS","HUEFS","148809","Terminalia actinophylla Mart.","Combretaceae","Terminalia","actinophylla","Mart.",NA,NA,NA,"16182","Barbeiro, S.C.",2009,3,11,"brazil","piaui","ribeiro goncalves",NA,NA,NA,NA,"BRA:UEFS:HUEFS:0000148809",NA,"Terminalia actinophylla Mart.",NA,NA,NA,NA,4274,-7.97398,-7.97398,"centroide mpo"
"35",NA,"UEMA","SLUI","3736","Terminalia actinophylla Mart.","Combretaceae","Terminalia","actinophylla","Mart.",NA,NA,NA,NA,"S.M.C. Barbeiro et al.",2009,3,11,"brazil","piaui","ribeiro goncalves",NA,NA,NA,"Doação","BRA:UEMA:SLUI:0000003736",NA,"Terminalia actinophylla Mart.",NA,NA,NA,NA,4274,-7.97398,-7.97398,"centroide mpo"
"36",NA,"UEFS","HUEFS","148808","Terminalia actinophylla Mart.","Combretaceae","Terminalia","actinophylla","Mart.",NA,NA,NA,"16120","Rodrigues, J.",2009,3,6,"brazil","piaui","floriano",NA,NA,NA,NA,"BRA:UEFS:HUEFS:0000148808",NA,"Terminalia actinophylla Mart.",NA,NA,NA,NA,4569,-7.005733,-7.005733,"centroide mpo"
"37",NA,"NY","NY","1184073","Terminalia actinophylla Mart.","Combretaceae","Terminalia","actinophylla","Mart.","N. M. F. da Silva",NA,NA,"16363","G. Martinelli",2009,4,11,"brazil","piaua-",NA,"EstaÃ§Ã£o UruÃ§ui-Una. Entre os Mun. de Baixa Grande do Ribeiro e Currais, estrada Currais para o Rio UruÃ§ui.",-44.9972,-8.885,NA,"f3c28e6a-4dac-43ea-9c5c-97759a949bdc",NA,"Terminalia actinophylla Mart.",NA,NA,NA,NA,NA,-8.885,-44.9972,"original coordinates"
"38",NA,"UEFS","HUEFS","163375","Terminalia actinophylla Mart.","Combretaceae","Terminalia","actinophylla","Mart.",NA,NA,NA,"16363","Martinelli, G.",2009,4,11,"brazil","piaui","bom jesus","Estação Ecológica Urucui-Una. Entre os municípios de Baixa Grande do Ribeiro e Currais, Estrada para o rio Uruçuí",-44.997222,-8.885,"Cerrado com afloramentos rochosos.","BRA:UEFS:HUEFS:0000163375",NA,"Terminalia actinophylla Mart.",NA,NA,NA,NA,4042,-8.885,-44.997222,"original coordinates"
"39",NA,"UFPI","TEPB","27636","Terminalia actinophylla Mart.","Combretaceae","Terminalia","actinophylla","Mart.","RIBEIRO, R. T. M.","2017-08-08T00:00:00.000+0000",NA,"6023","Miranda, A.M",2009,5,15,"brazil","piaui","guadalupe",NA,NA,NA,"Árvore ca. 8m alt.; caule marrom; folhas levemente crassas; frutos imaturos verdes Ambiente: Cerrado","BRA:UFPI:TEPB:0000027636",NA,"Terminalia actinophylla Mart.",NA,NA,NA,NA,4623,-6.841927,-6.841927,"centroide mpo"
"40",NA,"UFPI","TEPB","23445","Terminalia actinophylla Mart.","Combretaceae","Terminalia","actinophylla","Mart.","RIBEIRO, R. T. M.","2017-08-07T00:00:00.000+0000",NA,"252","Oliveira, F. C. S.",2008,1,20,"brazil","piaui","oerias","Carolina",-42.027467,-7.0384,"Arbusto, flor verde, muito frequente, substrrato arenoso. Usos: madeireiro, medicinal, melífero, produção de energia. Ambiente: Transição Cerrado/Caatinga <ll>dwc_commonname:</ll> Chapada","BRA:UFPI:TEPB:0000023445",NA,"Terminalia actinophylla Mart.",NA,NA,NA,NA,NA,-7.0384,-42.027467,"original coordinates"
"41","2017-04-26T09:58:35.000+0000","JBRJ","RB","RB01304923","Terminalia actinophylla Mart.","Combretaceae","Terminalia","actinophylla","Mart.","Nilda Marquete Ferreira da Silva & R. Marquete",NA,NA,"581a","V.F. Mansano; E.F. Guimarçaes, F. Filardi, L. Araújo & G. Heiden",2008,1,25,"brazil","bahia","itacare","Trilha da Boa paz, estrada Itacaré-Ilhéus, próximo a guarda rodoviária.",NA,NA,"Frutas membranáceos","urn:catalog:JBRJ:RB:1304923",NA,"Terminalia actinophylla Mart.",NA,NA,NA,NA,3305,-14.360606,-14.360606,"centroide mpo"
"42",NA,"Universidade Federal da Bahia (UFBA)","ALCB","90225","Terminalia actinophylla Mart.","Combretaceae","Terminalia","actinophylla","Mart.","Ribeiro, RTM","2018-05-11T00:00:00.000+0000",NA,"2652","Queiroz, EP",2008,1,20,"brazil","bahia","cairu","Baixo Sul, Morrode São Paulo lha de Tinharé",0,0,"ca. 15 m. Folhas cartáceas, glabras. Frutos verdes-amarelados.","BRA:UFBA:ALCB:0000090225",NA,"Terminalia actinophylla Mart.",NA,NA,NA,NA,3402,-13.507976,-38.983317,"centroide mpo (0)"
"43",NA,"Cenargen","CEN","72383","Terminalia actinophylla Mart.","Combretaceae","Terminalia","actinophylla","Mart.","J. B. Pereira",NA,NA,"165","João Benedito Pereira",2008,2,29,"brazil","tocantins","palmeiropolis","Torres 127 a 132, córrego Curuá.",-48.230277,-12.979444,NA,"BRA:Cenargen:CEN:0000072383",NA,"Terminalia actinophylla Mart.",NA,NA,NA,NA,3457,-12.979444,-48.230277,"original coordinates"
"44","2017-10-18T13:47:42.000+0000","JBRJ","RB","RB00570071","Terminalia actinophylla Mart.","Combretaceae","Terminalia","actinophylla","Mart.","Nilda Marquete Ferreira da Silva",NA,NA,"16398","G. Martinelli; M.A.Moraes, E.Ferrnandes",2008,4,13,"brazil","goias","cavalcante","Chapada dos Veadeiros, RPPN Vale das Araras. Cerradão em margem de rio.",-47.450556,-13.816389,"Arvoreta, com 7m, crescendo na margem de rio; folhas verdes levemente discolores. Frutos com alas castanho-esverdeadas.","urn:catalog:JBRJ:RB:570071",NA,"Terminalia actinophylla Mart.",NA,NA,NA,NA,3384,-13.816389,-47.450556,"original coordinates"
"45",NA,"Cenargen","CEN","73719","Terminalia actinophylla Mart.","Combretaceae","Terminalia","actinophylla","Mart.","N. M. F. da Silva",NA,NA,"16398","Gustavo Martinelli",2008,4,13,"brazil","goias","cavalcante","Chapada dos Veadeiros. RPPN Vale das Araras.",-47.450555,-13.816388,"Crescendo na margem de rio, folhas verdes levemente discolores. Frutos com alas castanho - esverdeadas. Doação do Jardim Botânico do Rio de Janeiro, RB - 485553","BRA:Cenargen:CEN:0000073719",NA,"Terminalia actinophylla Mart.",NA,NA,NA,NA,3384,-13.816388,-47.450555,"original coordinates"
"46","2011-11-04T11:59:00.000+0000","MO","MO","100426012","Terminalia actinophylla Mart.","Combretaceae","Terminalia","actinophylla","Mart.","C. Stace","2010-01-01T00:00:00.000+0000",NA,"Amorim 6766","Amorim",2007,1,3,"brazil","bahia",NA,"Ilha de Boipeba. Arquipélago do Mun. de Cairu; APA Tinharé/Biopeba.",-38.916667,-13.619444,NA,"urn:catalog:MO:Tropicos:100426012","http://www.tropicos.org/Specimen/100426012","Terminalia actinophylla Mart.",NA,NA,NA,NA,NA,-13.619444,-38.916667,"original coordinates"
"47",NA,"Universidade Regional do Cariri (URCA)","HCDAL","2777","Terminalia actinophylla Mart.","Combretaceae","Terminalia","actinophylla","Mart.",NA,NA,NA,"99","Alencar, A.L.; et al.",2007,1,18,"brazil","ceara","crato","Malhada Bonita, Chapada do Araripe.",-39.441389,-7.363889,"Arbusto ca. 3m; fruto verde.","BRA:URCA:HCDAL:0000002777",NA,"Terminalia actinophylla Mart.",NA,NA,NA,NA,4489,-7.363889,-39.441389,"original coordinates"
"48",NA,"UESC","UESC","12021","Terminalia actinophylla Mart.","Combretaceae","Terminalia","actinophylla","Mart.",NA,NA,NA,"6766",NA,2007,1,3,"brazil","bahia","cairu",NA,-38.916667,-13.619444,"Floresta Ombrófila Densa. Área Perturbada.; Árvore, ca. 20m de altura.; Folhas em sílica-gel","BRA:UESC:UESC:0000012021",NA,"Terminalia actinophylla Mart.",NA,NA,NA,NA,3402,-13.619444,-38.916667,"original coordinates"
"49",NA,"UFPI","TEPB","23413","Terminalia actinophylla Mart.","Combretaceae","Terminalia","actinophylla","Mart.","RIBEIRO, R. T. M.","2017-08-08T00:00:00.000+0000",NA,"16","Oliveira, F. C. S.",2007,3,10,"brazil","piaui","oeiras","Sete Galhos (Propriedade do S. Pedro)",-42.0469,-7.08745,"Árvore, flor vermelha, muito frequente, substrato arenoso. Usos: madeireiro, forrageiro, melífero, produção de energia, medicinal. Ambiente: Transição Cerrado/Caatinga <ll>dwc_commonname:</ll> Catinga-de-porco","BRA:UFPI:TEPB:0000023413",NA,"Terminalia actinophylla Mart.",NA,NA,NA,NA,4579,-7.08745,-42.0469,"original coordinates"
"50",NA,"UFPI","TEPB","22375","Terminalia actinophylla Mart.","Combretaceae","Terminalia","actinophylla","Mart.","RIBEIRO, R. T. M.","2017-08-08T00:00:00.000+0000",NA,"438","L. Santos",2007,3,18,"brazil","piaui","monsenhor gil","Boa Esperança",-42.625233,-5.528517,"árvore 10m, fruto seco marron, solo pedregoso, muito freqüente, planta medicinal. Ambiente: Cerrado <ll>dwc_commonname:</ll> Chapada","BRA:UFPI:TEPB:0000022375",NA,"Terminalia actinophylla Mart.",NA,NA,NA,NA,4975,-5.528517,-42.625233,"original coordinates"
"51",NA,"UFPI","TEPB","22374","Terminalia actinophylla Mart.","Combretaceae","Terminalia","actinophylla","Mart.","RIBEIRO, R. T. M.","2017-08-08T00:00:00.000+0000",NA,"437","L. Santos",2007,3,18,"brazil","piaui","monsenhor gil","Boa Esperança",-42.625933,-5.532183,"árvore 6m, fruto seco marron, muito freqüente, solo arenoso, planta medicinal. Ambiente: Cerrado <ll>dwc_commonname:</ll> Chapada","BRA:UFPI:TEPB:0000022374",NA,"Terminalia actinophylla Mart.",NA,NA,NA,NA,4975,-5.532183,-42.625933,"original coordinates"
"52",NA,"UFPI","TEPB","23414","Terminalia actinophylla Mart.","Combretaceae","Terminalia","actinophylla","Mart.","RIBEIRO, R. T. M.","2017-08-08T00:00:00.000+0000",NA,"37","Oliveira, F. C. S.",2007,3,10,"brazil","piaui","oeiras","Povoado Espirito Santo",NA,NA,"Árvore, flor esverdeada, pouco frequente, substrato arenoso. Usos: medicinal, madeireiro, produção de energia e melífero. Ambiente: Transição Cerrado/Caatinga <ll>dwc_commonname:</ll> Chapada","BRA:UFPI:TEPB:0000023414",NA,"Terminalia actinophylla Mart.",NA,NA,NA,NA,4579,-6.967161,-6.967161,"centroide mpo"
"53",NA,"Cenargen","CEN","71392","Terminalia actinophylla Mart.","Combretaceae","Terminalia","actinophylla","Mart.","B. M. T. Walter & R. P. Oliveira",NA,NA,"11621","Glocimar Pereira-Silva",2007,3,27,"brazil","tocantins","sao salvador do tocantins","Fazenda Serrinha (próximo ao curso d'água).",-48.246388,-12.811666,"Área de influência direta (lago).","BRA:Cenargen:CEN:0000071392",NA,"Terminalia actinophylla Mart.",NA,NA,NA,NA,3520,-12.811666,-48.246388,"original coordinates"
"54",NA,"Cenargen","CEN","71486","Terminalia actinophylla Mart.","Combretaceae","Terminalia","actinophylla","Mart.","B. M. T. Walter & R. P. Oliveira",NA,NA,"11734","Glocimar Pereira-Silva",2007,5,10,"brazil","tocantins","palmeiropolis","Fazenda do Sr. José Martins.",-48.145555,-13.133055,"Área de influência indireta.","BRA:Cenargen:CEN:0000071486",NA,"Terminalia actinophylla Mart.",NA,NA,NA,NA,3457,-13.133055,-48.145555,"original coordinates"
"55",NA,"Escola Superior de Agricultura Luiz de Queiroz, ESALQ","ESA","ESA099691","Terminalia actinophylla Mart.","Combretaceae","Terminalia","actinophylla","Mart.","Marquete, O.","2007-01-01T00:00:00.000+0000",NA,"15159","Martinelli, G.",2007,6,20,"brazil","piaui","curimata",NA,NA,NA,NA,"BRA:ESALQ:ESA:0ESA099691",NA,"Terminalia actinophylla Mart.",NA,NA,NA,NA,3924,-9.940793,-9.940793,"centroide mpo"
"56",NA,"Universidade Federal de Minas Gerais (UFMG)","BHCB","135831","Terminalia actinophylla Mart.","Combretaceae","Terminalia","actinophylla","Mart.",NA,NA,NA,"16159","Martinelli, G; Moraes, MA",2007,6,20,"brazil","piaui","curimata","Área de Proteção ambiental do Rangel",-44.549722,-9.838056,"Caatinga com afloramentos rochosos. Arbusto, 4 m, heliófila, folhas levemente discolores, frutos imaturos verde-amarelados.","BRA:UFMG:BHCB:0000135831",NA,"Terminalia actinophylla Mart.",NA,NA,NA,NA,3924,-9.838056,-44.549722,"original coordinates"
"57",NA,"UEFS","HUEFS","130800","Terminalia actinophylla Mart.","Combretaceae","Terminalia","actinophylla","Mart.",NA,NA,NA,"16159","Martinelli, G.",2007,6,20,"brazil","piaui","curimata","Área de Proteção Ambiental do Range.",-43.549722,-9.838056,NA,"BRA:UEFS:HUEFS:0000130800",NA,"Terminalia actinophylla Mart.",NA,NA,NA,NA,3924,-9.838056,-43.549722,"original coordinates"
"58",NA,"NY","NY","1019423","Terminalia actinophylla Mart.","Combretaceae","Terminalia","actinophylla","Mart.",NA,NA,NA,"16159","G. Martinelli",2007,6,20,"brazil","piaua-",NA,"Ãrea de ProteÃ§Ã£o Ambiental do Rangel.",-44.5497,-9.8381,NA,"5da8fa5f-dbb7-4a36-a17a-b3153a868b8e",NA,"Terminalia actinophylla Mart.",NA,NA,NA,NA,NA,-9.8381,-44.5497,"original coordinates"
"59",NA,"Cenargen","CEN","71630","Terminalia actinophylla Mart.","Combretaceae","Terminalia","actinophylla","Mart.","B. M. T. Walter & R. P. Oliveira",NA,NA,"11883","Glocimar Pereira-Silva",2007,7,10,"brazil","tocantins","palmeiropolis","Estrada Palmeirópolis - Minaçú, cerca de 7 km a norte do rio Mucambão.",-48.323611,-13.155555,"Base amarela e ala vermelha. Área de influência indireta.","BRA:Cenargen:CEN:0000071630",NA,"Terminalia actinophylla Mart.",NA,NA,NA,NA,3457,-13.155555,-48.323611,"original coordinates"
"60",NA,"Universidade Federal de Goiás (UFG)","HJ","2941","Terminalia actinophylla Mart.","Combretaceae","Terminalia","actinophylla","Mart.",NA,NA,NA,"676","Guilherme, F.A.G. et al.",2007,8,9,"brazil","goias","aparecida do rio doce","PCH Irara.",NA,NA,"Cerrado.","BRA:UFG:HJ:0000002941",NA,"Terminalia actinophylla Mart.",NA,NA,NA,NA,2767,-18.216359,-18.216359,"centroide mpo"
"61",NA,"Universidade Federal do Ceará, UFC","EAC","39881","Terminalia actinophylla Mart.","Combretaceae","Terminalia","actinophylla","Mart.","Soares Neto, R.L.","2012-04-01T00:00:00.000+0000",NA,"2177","Oliveira, M.",2006,2,17,"brazil","piaui","capitao de campos","Vegetação arborea densa; Solo argilo-arenoso.",0,0,"Árvore ca. 5 m alt.; fruto esverdeado. Frequente.; Cerradão","BRA:UFC:EAC:0000039881",NA,"Terminalia actinophylla Mart.",NA,NA,NA,NA,5139,-4.525067,-41.902201,"centroide mpo (0)"
"62",NA,"UEFS","HUEFS","107065","Terminalia actinophylla Mart.","Combretaceae","Terminalia","actinophylla","Mart.","C.A.Stace","2007-06-01T00:00:00.000+0000",NA,"1549","Souza, E.B.",2006,3,19,"brazil","bahia","pilao arcado","""Lú Pequeno"", ca. de 55 Km W de Pilão Arcado na estrada para Brejo de Zacarias.",-42.856667,-10.104444,"Vegetação de caatinga arbustiva, esparsa, sobre solo arenoso.","BRA:UEFS:HUEFS:0000107065",NA,"Terminalia actinophylla Mart.",NA,NA,NA,NA,3913,-10.104444,-42.856667,"original coordinates"
"63",NA,"Cenargen","CEN","62710","Terminalia actinophylla Mart.","Combretaceae","Terminalia","actinophylla","Mart.","E. B. A. Dias",NA,NA,"10460","Glocimar Pereira-Silva",2006,6,7,"brazil","tocantins","parana","Canteiro de obras do UHE São Salvador.",-48.225833,-12.820555,"Área de influência direta (canteiro).","BRA:Cenargen:CEN:0000062710",NA,"Terminalia actinophylla Mart.",NA,NA,NA,NA,3504,-12.820555,-48.225833,"original coordinates"
"64",NA,"UFPI","TEPB","22377","Terminalia actinophylla Mart.","Combretaceae","Terminalia","actinophylla","Mart.","RIBEIRO, R. T. M.","2017-08-08T00:00:00.000+0000",NA,"303","L. Santos",2006,8,26,"brazil","piaui","monsenhor gil","Fazenda Saquinho",NA,NA,"árvore 6m, fruto seco, muito freqüente, solo areno-pedregoso, usado para problemas intestinais.. Ambiente: Cerrado <ll>dwc_commonname:</ll> Chapadeiro/Chapada","BRA:UFPI:TEPB:0000022377",NA,"Terminalia actinophylla Mart.",NA,NA,NA,NA,4975,-5.608041,-5.608041,"centroide mpo"
"65",NA,"Cenargen","CEN","71183","Terminalia actinophylla Mart.","Combretaceae","Terminalia","actinophylla","Mart.","B. M. T. Walter",NA,NA,"11040","Glocimar Pereira-Silva",2006,10,23,"brazil","tocantins","parana","Entroncamento obra - balsa do Coronel, km 33.",-48.126388,-12.996666,"Pétalas marrom anteras branca. Área de influência indireta.","BRA:Cenargen:CEN:0000071183",NA,"Terminalia actinophylla Mart.",NA,NA,NA,NA,3504,-12.996666,-48.126388,"original coordinates"
"66",NA,"Universidade Regional do Cariri (URCA)","HCDAL","2798","Terminalia actinophylla Mart.","Combretaceae","Terminalia","actinophylla","Mart.",NA,NA,NA,"HCDAL2798","Figueredo, J.M.; et al.",2006,11,22,"brazil","ceara","barbalha","Fazenda Murici, Divisa Barbalha-Jardim.",-31.340167,-7.454278,"Árvore ca. 10m; flora de dois em dois ramos; gemas nas pontas; folhas verdes na floração.","BRA:URCA:HCDAL:0000002798",NA,"Terminalia actinophylla Mart.",NA,NA,NA,NA,4437,-7.454278,-31.340167,"original coordinates"
"67",NA,"UFPI","TEPB","25709","Terminalia actinophylla Mart.","Combretaceae","Terminalia","actinophylla","Mart.","RIBEIRO, R. T. M.","2017-08-08T00:00:00.000+0000",NA,"109","J.M. Silva",2006,11,13,"brazil","piaui","canavieira","Estrada em direção à saida da fazenda boqueirão.",NA,NA,"Árvores de 4,5 Metros, esporóforo flores amarrozadas. Ambiente: Cerrado <ll>dwc_commonname:</ll> Catinga-de-porco-lisa","BRA:UFPI:TEPB:0000025709",NA,"Terminalia actinophylla Mart.",NA,NA,NA,NA,4403,-7.513887,-7.513887,"centroide mpo"
"68","2015-05-21T12:37:40.000+0000","JBRJ","RB","RB00789288","Terminalia actinophylla Mart.","Combretaceae","Terminalia","actinophylla","Mart.","R.L. Soares Neto",NA,NA,"4591","Paula- Souza, J; et.al",2005,1,24,"brazil","goias","alto paraiso de goias","Paraíso de Goiás. Parque Nacional da Chapada dos Veadeiros. Próximo á Cachoeira 80.",-47.833333,-14.15,"Árvore, ca. 8 m alt. Frutos rosados.","urn:catalog:JBRJ:RB:789288",NA,"Terminalia actinophylla Mart.",NA,NA,NA,NA,3323,-14.15,-47.833333,"original coordinates"
"69",NA,"Universidade Federal do Ceará, UFC","EAC","56858","Terminalia actinophylla Mart.","Combretaceae","Terminalia","actinophylla","Mart.","Loiola, M.I.B.","2014-08-15T00:00:00.000+0000",NA,"4693","Miranda, A.M.",2005,1,22,"brazil","piaui","urucui",NA,0,0,"Arbusto de 2 metros; caule amarronzado; folhas crassas; inflorescência amarronzada; frutos imaturos marrons.","BRA:UFC:EAC:0000056858",NA,"Terminalia actinophylla Mart.",NA,NA,NA,NA,4317,-7.79245,-44.569397,"centroide mpo (0)"
"70",NA,"UEFS","HUEFS","93182","Terminalia actinophylla Mart.","Combretaceae","Terminalia","actinophylla","Mart.","R.T.M.Ribeiro","2018-05-01T00:00:00.000+0000",NA,"10186","Queiroz, L.P.de",2005,3,14,"brazil","piaui","oeiras","Estrada para Tanque do Piauí.",-42.076111,-6.945833,NA,"BRA:UEFS:HUEFS:0000093182",NA,"Terminalia actinophylla Mart.",NA,NA,NA,NA,4579,-6.945833,-42.076111,"original coordinates"
"71",NA,"IMA","MAC","56413","Terminalia actinophylla Mart.","Combretaceae","Terminalia","actinophylla","Mart.","R.L.Soares Neto","2012-01-01T00:00:00.000+0000",NA,"4962","A.M.Miranda",2005,3,3,"brazil","piaui","amarante","Lage.",-43.429722,-6.403056,"Árvore ca. 8 m. Caule marrom, folhas fracamente crassas. Frutos verdes. Frequente.; Caatinga.","BRA:IMA:MAC:0000056413",NA,"Terminalia actinophylla Mart.",NA,NA,NA,NA,4779,-6.403056,-43.429722,"original coordinates"
"72",NA,"Universidade Federal da Bahia (UFBA)","ALCB","94010","Terminalia actinophylla Mart.","Combretaceae","Terminalia","actinophylla","Mart.","Ribeiro, RTM","2018-05-11T00:00:00.000+0000",NA,"4962","Miranda, AM",2005,3,3,"brazil","piaui","almarante","Lage",0,0,"ca. 8m de altura. Caule marrom. Folhas fracamente crassas. Frutos verdes.","BRA:UFBA:ALCB:0000094010",NA,"Terminalia actinophylla Mart.",NA,NA,NA,NA,NA,NA,NA,"centroide mpo (0)"
"73",NA,"UnB","UB","16471","Terminalia actinophylla Mart.","Combretaceae","Terminalia","actinophylla","Mart.","Gomes, BM",NA,NA,"s.n.16","Nascimento Júnior, IC; Equipe da CHESF CT nº 1.92.2004.0150.00/PETCON",2005,6,6,"brazil","piaui","guadalupe","Usina Hidrelétrica de Boa Esperança - Divisa dos estados do Piauí e Maranhão",-43.675556,-6.818056,"Fuso 23M.; Árvore 5m x 30cm; Bioma cerrado / área de transição.","BRA:UnB:UB:0000016471",NA,"Terminalia actinophylla Mart.",NA,NA,NA,NA,4623,-6.818056,-43.675556,"original coordinates"
"74",NA,"UnB","UB","22462","Terminalia actinophylla Mart.","Combretaceae","Terminalia","actinophylla","Mart.","Gomes, BM",NA,NA,"1738","Nascimento Júnior, IC; Equipe da CHESF CT nº 1.92.2004.0150.00/PETCON",2005,7,NA,"brazil","maranhao","barao de grajau",NA,0,0,"Árvore 9m x 45cm; .","BRA:UnB:UB:0000022462",NA,"Terminalia actinophylla Mart.",NA,NA,NA,NA,4706,-6.593014,-43.187757,"centroide mpo (0)"
"75","2017-10-06T00:28:12.000+0000","JBRJ","RB","RB00138768","Terminalia actinophylla Mart.","Combretaceae","Terminalia","actinophylla","Mart.","M.L. Fonseca",NA,NA,"5850","M.L. Fonseca; R.C. Mendonça; F.C.A. Oliveirea; S.A. Pequeno & G.P. Araújo",2005,8,31,"brazil","goias","minacu","Local da travessia da balsa.",-48.047222,-13.525,"Árvore heliófila. 35 centímetros de DAP. Folhas cartáceas; frtuso alados imaturos de cor verde, maduros cor marrom. Comum","urn:catalog:JBRJ:RB:138768",NA,"Terminalia actinophylla Mart.",NA,NA,NA,NA,3403,-13.525,-48.047222,"original coordinates"
"76",NA,"UEFS","HUEFS","101026","Terminalia actinophylla Mart.","Combretaceae","Terminalia","actinophylla","Mart.","C.A.Stace","2007-06-01T00:00:00.000+0000",NA,"10885","Queiroz, L.P.de",2005,9,7,"brazil","bahia","pilao arcado","Barra do Brejo, ca. 55 Km de Pilão Arcado na estrada para Brejo de Zacarias.",-42.837778,-10.083611,"Caatinga sobre areia quartzosa, perponderante mente abustiva, dorsel ca. 3,0 m alt.","BRA:UEFS:HUEFS:0000101026",NA,"Terminalia actinophylla Mart.",NA,NA,NA,NA,3913,-10.083611,-42.837778,"original coordinates"
"77",NA,"Cenargen","CEN","61317","Terminalia actinophylla Mart.","Combretaceae","Terminalia","actinophylla","Mart.","B. M. T. Walter",NA,NA,"4112","Anderson Cássio Sevilha",2004,4,2,"brazil","tocantins","parana",NA,-47.221111,-12.838611,NA,"BRA:Cenargen:CEN:0000061317",NA,"Terminalia actinophylla Mart.",NA,NA,NA,NA,3504,-12.838611,-47.221111,"original coordinates"
"78",NA,"Universidade Tecnológica Federal do Paraná (UTFPR)","HCF","1685","Terminalia actinophylla Mart.","Combretaceae","Terminalia","actinophylla","Mart.","M.G. Caxambu","2008-01-09T00:00:00.000+0000",NA,"5489","R.C. Mendonça",2004,4,13,"brazil","goias","cavalcante","Estrada de chão entre Cavalcante e Araí",-47.475056,-13.671333,"árvore heliófita ca. 3,5 m altura e 0,07 m DAP; saxícola; folhas cartáceas; inflorescência pêndula; frutos imaturos cor verde. Vegetação: cerrado rupestre. Relevo: Inclinado. Solo: rochoso arenoso entre as rochas.","BRA:UTFPR:HCF:0000001685",NA,"Terminalia actinophylla Mart.",NA,NA,NA,NA,3384,-13.671333,-47.475056,"original coordinates"
"79","2017-10-19T12:02:17.000+0000","JBRJ","RB","RB00526985","Terminalia actinophylla Mart.","Combretaceae","Terminalia","actinophylla","Mart.","MARQUETE, N.F.S. & RIBEIRO, R.T.M.",NA,NA,"5489","R. C. Mendonça; M. L. Fonseca, F. C. A. Oliveira & E. Cardoso",2004,4,13,"brazil","goias","cavalcante","Estrada de chão Cavalcante/Araí, antes do lugarejo chamado Santo Antônio.",-47.475,-13.671389,"Árvore heliófila, ca. 3,5 m de altura; 0,07 m DAP; saxícola; folhas cartáceas, inflorescência pêndula; frutos imaturos cor verde.","urn:catalog:JBRJ:RB:526985",NA,"Terminalia actinophylla Mart.",NA,NA,NA,NA,3384,-13.671389,-47.475,"original coordinates"
"80",NA,"Universidade Tecnológica Federal do Paraná (UTFPR)","HCF","3884","Terminalia actinophylla Mart.","Combretaceae","Terminalia","actinophylla","Mart.","M.L. Fonseca","2004-06-01T00:00:00.000+0000",NA,"5295","M.L. Fonseca",2004,5,19,"brazil","goias","cavalcante","RPPN - Vale das Araras/Propriedade de",-47.447222,-13.826167,"árvore heliófita, saxícola ca. 6 m alt. e 0,14 m DAP. Casca estriada; folhas membranáceas; frutos imaturos amarronzados. Comum. Solo: areno/pedregoso. Vegetação: mata de galeria do Rio São Bartolomeu. Coord. UTM: E 0235.407 m N 8.470.096 m (23 L).","BRA:UTFPR:HCF:0000003884",NA,"Terminalia actinophylla Mart.",NA,NA,NA,NA,3384,-13.826167,-47.447222,"original coordinates"
"81",NA,"UnB","UB","88234","Terminalia actinophylla Mart.","Combretaceae","Terminalia","actinophylla","Mart.","Fonseca, ML",NA,NA,"5295","Fonseca, ML",2004,5,NA,"brazil","goias","cavalcante","Cavalcante, RPPN Vale das Araras",-47.447222,-13.826167,NA,"BRA:UnB:UB:0000088234",NA,"Terminalia actinophylla Mart.",NA,NA,NA,NA,3384,-13.826167,-47.447222,"original coordinates"
"82",NA,"UEFS","HUEFS","86297","Terminalia actinophylla Mart.","Combretaceae","Terminalia","actinophylla","Mart.","C.A.Stace","2006-09-01T00:00:00.000+0000",NA,"5023","França, F.",2004,8,1,"brazil","piaui","altos","c. 9km NE de Altos",-42.409722,-4.996389,NA,"BRA:UEFS:HUEFS:0000086297",NA,"Terminalia actinophylla Mart.",NA,NA,NA,NA,5076,-4.996389,-42.409722,"original coordinates"
"83",NA,"Universidade Federal do Ceará, UFC","EAC","54767","Terminalia actinophylla Mart.","Combretaceae","Terminalia","actinophylla","Mart.","Ribeiro, R.T.M.","2018-01-17T00:00:00.000+0000",NA,"2782","Lima-Verde, L.W.",2004,8,19,"brazil","piaui","altos","Fazenda São José (Sr. Pedro) saindo para Campo Mai",0,0,"Arbóreo.; Cerrado.","BRA:UFC:EAC:0000054767",NA,"Terminalia actinophylla Mart.",NA,NA,NA,NA,5076,-5.014458,-42.468941,"centroide mpo (0)"
"84",NA,"Universidade Federal do Ceará, UFC","EAC","50873","Terminalia actinophylla Mart.","Combretaceae","Terminalia","actinophylla","Mart.","Soares Neto, R.L.","2012-04-01T00:00:00.000+0000",NA,"2873","Lima-Verde, L.W.",2004,8,20,"brazil","piaui","campo maior",NA,0,0,"Árvore.; Cerrado de moita","BRA:UFC:EAC:0000050873",NA,"Terminalia actinophylla Mart.",NA,NA,NA,NA,5095,-4.876684,-42.145541,"centroide mpo (0)"
"85",NA,"Cenargen","CEN","53341","Terminalia actinophylla Mart.","Combretaceae","Terminalia","actinophylla","Mart.","B. M. T. Walter",NA,NA,"384","José Floriano Barêa Pastore",2003,3,7,"brazil","goias","cavalcante","Caminho para a cachoeira Santa Bárbara.",NA,NA,"Povoado Kalunga. Foto.","BRA:Cenargen:CEN:0000053341",NA,"Terminalia actinophylla Mart.",NA,NA,NA,NA,3384,-13.635097,-13.635097,"centroide mpo"
"86","2017-10-18T12:27:59.000+0000","JBRJ","RB","RB01184186","Terminalia actinophylla Mart.","Combretaceae","Terminalia","actinophylla","Mart.","N.F.S. marquete & R.T.H. Ribeiro","2016-10-10T00:00:00.000+0000",NA,"908","F.F. Mazine; S. Vieira & R. Tsuji",2003,3,21,"brazil","goias","cavalcante","Estrada de terra de Cavalcante para Colinas do Sul, beira da estrada",-47.770278,-14.003889,"Árvore. Frutos amarelos-esverdeados. Prensado em álcool","urn:catalog:JBRJ:RB:1184186",NA,"Terminalia actinophylla Mart.",NA,NA,NA,NA,3384,-14.003889,-47.770278,"original coordinates"
"87",NA,"Universidade Federal do Ceará, UFC","EAC","47283","Terminalia actinophylla Mart.","Combretaceae","Terminalia","actinophylla","Mart.","Loiola, M.I.B.","2010-08-23T00:00:00.000+0000",NA,"M68","Costa, J.M.",2003,7,31,"brazil","piaui","castelo do piaui","Área de extração popular, Solo pedregoso.",0,0,"Árvore, 8m, frequência regular; fruto verde-amarelado; caule com listas.; Transição cerrado-mata ciliar","BRA:UFC:EAC:0000047283",NA,"Terminalia actinophylla Mart.",NA,NA,NA,NA,5026,-5.31743,-41.572779,"centroide mpo (0)"
"88",NA,"Cenargen","CEN","60582","Terminalia actinophylla Mart.","Combretaceae","Terminalia","actinophylla","Mart.","A. A. Silva",NA,NA,"3586","Anderson Cássio Sevilha",2003,9,14,"brazil","tocantins","parana","Fazenda Petrolina.",-47.21639,-12.90583,NA,"BRA:Cenargen:CEN:0000060582",NA,"Terminalia actinophylla Mart.",NA,NA,NA,NA,3504,-12.90583,-47.21639,"original coordinates"
"89","2015-03-11T11:12:35.000+0000","JBRJ","RB","RB00071916","Terminalia actinophylla Mart.","Combretaceae","Terminalia","actinophylla","Mart.","Nilda Marquete",NA,NA,"432","R. Farias; M.R.A. Mendes",2002,1,12,"brazil","piaui","campo maior","Fazenda Lourdes, Baixão da Cobra.",-42.0725,-4.855556,"Àrvore, flor marrom, frutos imaturos. Pouca frequencia","urn:catalog:JBRJ:RB:71916",NA,"Terminalia actinophylla Mart.",NA,NA,NA,NA,5095,-4.855556,-42.0725,"original coordinates"
"90",NA,"Universidade Federal do Ceará, UFC","EAC","54956","Terminalia actinophylla Mart.","Combretaceae","Terminalia","actinophylla","Mart.","Loiola, M.I.B.","2014-01-07T00:00:00.000+0000",NA,"84","Lopes, C.G.",2002,4,6,"brazil","piaui","campo maior","Fazenda Lourdes, Alto do Comandante, complexo campo maior, substrato pedregoso.",0,0,"Árvore.","BRA:UFC:EAC:0000054956",NA,"Terminalia actinophylla Mart.",NA,NA,NA,NA,5095,-4.876684,-42.145541,"centroide mpo (0)"
"91",NA,"UFPI","TEPB","20704","Terminalia actinophylla Mart.","Combretaceae","Terminalia","actinophylla","Mart.","RIBEIRO, R. T. M.","2017-08-08T00:00:00.000+0000",NA,"1341","A.S.F. Castro",2002,7,21,"brazil","piaui","piripiri","Canto do Araçá",-41.721667,-4.421389,"Árvore Ambiente: Cerrado <ll>dwc_commonname:</ll> Chapada","BRA:UFPI:TEPB:0000020704",NA,"Terminalia actinophylla Mart.",NA,NA,NA,NA,5168,-4.421389,-41.721667,"original coordinates"
"92",NA,"Universidade Federal do Ceará, UFC","EAC","54939","Terminalia actinophylla Mart.","Combretaceae","Terminalia","actinophylla","Mart.","Loiola, M.I.B.","2014-01-07T00:00:00.000+0000",NA,"49","Lopes, C.G.",2002,10,26,"brazil","piaui","campo maior","Fazenda Lourdes, Alto do Comandante, substrato arenoso, complexo campo maior.",0,0,"Arbusto; flor amarela.;","BRA:UFC:EAC:0000054939",NA,"Terminalia actinophylla Mart.",NA,NA,NA,NA,5095,-4.876684,-42.145541,"centroide mpo (0)"
"93","2017-10-19T11:59:19.000+0000","JBRJ","RB","RB00424946","Terminalia actinophylla Mart.","Combretaceae","Terminalia","actinophylla","Mart.","Nilda Marquete","2006-01-01T00:00:00.000+0000",NA,"1165","P. Fiaschi; J. L. da Paixão & B. C. Clifton",2002,11,16,"brazil","bahia","camamu","Proximidades da Praia de Pratigi.",-38.985,-13.713056,"Árvore ca. 12 m de altura. Flores creme.","urn:catalog:JBRJ:RB:424946",NA,"Terminalia actinophylla Mart.",NA,NA,NA,NA,3347,-13.713056,-38.985,"original coordinates"
"94","2014-09-02T06:07:00.000+0000","MO","MO","100430306","Terminalia actinophylla Mart.","Combretaceae","Terminalia","actinophylla","Mart.","X. Cornejo","2010-01-01T00:00:00.000+0000",NA,"Fiaschi 1165","Pedro Fiaschi|J. Lima Paixão|L.L. da Paixão|B.C. Clifton",2002,11,16,"brazil","bahia",NA,"Proximidades da Praia de Pratigi.",-38.985,-13.713056,NA,"urn:catalog:MO:Tropicos:100430306","http://www.tropicos.org/Specimen/100430306","Terminalia actinophylla Mart.",NA,NA,NA,NA,NA,-13.713056,-38.985,"original coordinates"
"95",NA,"Cenargen","CEN","40935","Terminalia actinophylla Mart.","Combretaceae","Terminalia","actinophylla","Mart.","G. Pereira-Silva",NA,NA,"4615","Glocimar Pereira-Silva",2001,1,24,"brazil","goias","cavalcante","Cerca de 2 km após a entrada para o rio Macacão na direção da Serra Branca.",-48.09639,-13.57806,"Área de influência da futura Hidrelétrica de Cana Brava.","BRA:Cenargen:CEN:0000040935",NA,"Terminalia actinophylla Mart.",NA,NA,NA,NA,3384,-13.57806,-48.09639,"original coordinates"
"96",NA,"Cenargen","CEN","43134","Terminalia actinophylla Mart.","Combretaceae","Terminalia","actinophylla","Mart.","G. Pereira-Silva",NA,NA,"5228","Glocimar Pereira-Silva",2001,7,10,"brazil","goias","cavalcante","Canteiro da obra, rio do Carmo, km 01 próximo a porteira trancada.",-48.13222,-13.39528,"Germoplasma coletado de 6 árvores. Área de influência da futura Hidrelétrica de Cana Brava, influência indireta.","BRA:Cenargen:CEN:0000043134",NA,"Terminalia actinophylla Mart.",NA,NA,NA,NA,3384,-13.39528,-48.13222,"original coordinates"
"97",NA,"Cenargen","CEN","43540","Terminalia actinophylla Mart.","Combretaceae","Terminalia","actinophylla","Mart.","G. Pereira-Silva",NA,NA,"5249","Glocimar Pereira-Silva",2001,7,13,"brazil","goias","colinas do sul","Balsa do Rubão (rio Tocantins) Colinas do Sul, km 5.",-48.13667,-13.788888,"Área de influência da futura Hidrelétrica de Cana Brava, influência indireta.","BRA:Cenargen:CEN:0000043540",NA,"Terminalia actinophylla Mart.",NA,NA,NA,NA,3349,-13.788888,-48.13667,"original coordinates"
"98",NA,"UFPI","TEPB","17136","Terminalia actinophylla Mart.","Combretaceae","Terminalia","actinophylla","Mart.","N. Marquete","2002-09-01T00:00:00.000+0000",NA,"217","M.R.A. Mendes",2000,1,21,"brazil","piaui","sao jose do piaui","Morro do Baixio",NA,NA,"Arvoreta, pouco frequente, frutos imaturos, solo arenoso Ambiente: Caatinga <ll>dwc_commonname:</ll> Chapada","BRA:UFPI:TEPB:0000017136",NA,"Terminalia actinophylla Mart.",NA,NA,NA,NA,4629,-6.822554,-6.822554,"centroide mpo"
"99","2017-10-18T22:49:13.000+0000","JBRJ","RB","RB00071879","Terminalia actinophylla Mart.","Combretaceae","Terminalia","actinophylla","Mart.","Nilda marquete",NA,NA,"216","M. R.A.Mendes; R.S.Albino & J.O.S. Oliveira",2000,1,21,"brazil","piaui","sao jose do piaui","Morro Baxio.",NA,NA,"àrvore ca. de 4m.Frutos imaturos. Frequencia boa","urn:catalog:JBRJ:RB:71879",NA,"Terminalia actinophylla Mart.",NA,NA,NA,NA,4629,-6.822554,-6.822554,"centroide mpo"
"100","2014-07-07T23:13:59.000+0000","JBRJ","RB","RB00071898","Terminalia actinophylla Mart.","Combretaceae","Terminalia","actinophylla","Mart.","Nilda Marquete",NA,NA,"313","M.R.A.Mendes; R.S.Albino & S.O.S.Oliveira",2000,2,24,"brazil","piaui","sao jose do piaui","Morro Baixio.",NA,NA,"Arvoreta. Frutos imaturos . Frequencia boa","urn:catalog:JBRJ:RB:71898",NA,"Terminalia actinophylla Mart.",NA,NA,NA,NA,4629,-6.822554,-6.822554,"centroide mpo"
"101","2014-07-07T23:14:10.000+0000","JBRJ","RB","RB00071905","Terminalia actinophylla Mart.","Combretaceae","Terminalia","actinophylla","Mart.","Nilda Marquete",NA,NA,"314","M.R.A.Mendes; R.S.Albino & M.O.S. Oliveira",2000,2,24,"brazil","piaui","sao jose do piaui","Morro do Baixio.",NA,NA,"Arvoreta, frutos avermelhados. Frequencia pouca.","urn:catalog:JBRJ:RB:71905",NA,"Terminalia actinophylla Mart.",NA,NA,NA,NA,4629,-6.822554,-6.822554,"centroide mpo"
"102","2014-09-17T05:30:00.000+0000","MO","MO","100438531","Terminalia actinophylla Mart.","Combretaceae","Terminalia","actinophylla","Mart.","X. Cornejo","2010-01-01T00:00:00.000+0000",NA,"Jardim 2631","Jomar G. Jardim|W. Wayt Thomas|Sérgio C. de Sant'Ana|Marccus V. Alves|E.A. Rocha|Benjamin M. Torke",2000,2,2,"brazil","bahia",NA,"Ca. 7 km N do Povoado de Saquaíra, Península de Maraú.",-38.950556,-13.986111,NA,"urn:catalog:MO:Tropicos:100438531","http://www.tropicos.org/Specimen/100438531","Terminalia actinophylla Mart.",NA,NA,NA,NA,NA,-13.986111,-38.950556,"original coordinates"
"103",NA,"NY","NY","01195935","Terminalia actinophylla Mart.","Combretaceae","Terminalia","actinophylla","Mart.","X. Cornejo","2010-01-01T00:00:00.000+0000",NA,"2631","J. G. Jardim",2000,2,2,"brazil","bahia",NA,"Ca. 7 km N do Povoado de SaquaÃ­ra, PenÃ­nsula de MaraÃº",-38.9506,-13.9861,NA,"c3e17062-4fd7-40d1-b59f-2ff1171e04ae",NA,"Terminalia actinophylla Mart.",NA,NA,NA,NA,NA,-13.9861,-38.9506,"original coordinates"
"104",NA,"Universidade Federal da Bahia (UFBA)","ALCB","47785","Terminalia actinophylla Mart.","Combretaceae","Terminalia","actinophylla","Mart.","Ribeiro, RTM","2018-05-11T00:00:00.000+0000",NA,"460","Oliveira, RP de; Harley, RM; et al.",2000,4,3,"brazil","bahia","formosa do rio preto","Estrada para a Fazenda Estrondo, ca. 4 km da cidade.",-44.942778,-10.906111,"Ca. 20 m de alt.; Tronco 80 cm diam. Folhas levemente discolores, papiráceas. Eixo da infrutescência pendente. Fruto com alas verde - avermelhada.","BRA:UFBA:ALCB:0000047785",NA,"Terminalia actinophylla Mart.",NA,NA,NA,NA,3741,-10.906111,-44.942778,"original coordinates"
"105",NA,"UFPI","TEPB","13042","Terminalia actinophylla Mart.","Combretaceae","Terminalia","actinophylla","Mart.",NA,NA,NA,"344","M. R. A. Mendes",2000,4,11,"brazil","piaui","bocaina","Morro do Curral Velho",-41.3025,-6.915194,"Árvore, pouco frequente, frutos imaturos, solo pedregoso. Ambiente: Caatinga <ll>dwc_commonname:</ll> Chapada-lisa","BRA:UFPI:TEPB:0000013042",NA,"Terminalia actinophylla Mart.",NA,NA,NA,NA,4611,-6.915194,-41.3025,"original coordinates"
"106",NA,"Cenargen","CEN","39908","Terminalia actinophylla Mart.","Combretaceae","Terminalia","actinophylla","Mart.","R. G. Chacon",NA,NA,"2688","Taciana Barbosa Cavalcanti",2000,10,5,"brazil","goias","minacu",NA,-48.17167,-13.48333,"Área do futuro lago da AHE Cana Brava, influência direta. Botões vináceos a esverdeados.","BRA:Cenargen:CEN:0000039908",NA,"Terminalia actinophylla Mart.",NA,NA,NA,NA,3403,-13.48333,-48.17167,"original coordinates"
"107",NA,"UFPI","TEPB","21272","Terminalia actinophylla Mart.","Combretaceae","Terminalia","actinophylla","Mart.","R. G. Chacon","2001-11-01T00:00:00.000+0000",NA,"2688","T.B. Cavalcanti et al.",2000,10,5,"brazil","goias","campinacu",NA,-48.171667,-13.483333,"Árvore com 10m de altura, botões vináceos a esverdeados","BRA:UFPI:TEPB:0000021272",NA,"Terminalia actinophylla Mart.",NA,NA,NA,NA,3355,-13.483333,-48.171667,"original coordinates"
"108",NA,"Cenargen","CEN","40007","Terminalia actinophylla Mart.","Combretaceae","Terminalia","actinophylla","Mart.","G. Pereira-Silva",NA,NA,"4327","Glocimar Pereira-Silva",2000,11,7,"brazil","goias","minacu","Estrada Minaçu - Balsa ""Porto dos Paulistas"", cerca de 8,2 km de Minaçu (km marcados no rio Bonito).",-48.155833,-13.51667,"Área de influência da futura Hidrelétrica de Cana Brava.","BRA:Cenargen:CEN:0000040007",NA,"Terminalia actinophylla Mart.",NA,NA,NA,NA,3403,-13.51667,-48.155833,"original coordinates"
"109",NA,"Cenargen","CEN","40257","Terminalia actinophylla Mart.","Combretaceae","Terminalia","actinophylla","Mart.","B. M. T. Walter",NA,NA,"4523","Bruno Machado Teles Walter",2000,11,7,"brazil","goias","cavalcante","Estrada de terra saindo da balsa do ""Porto dos Paulistas"" (no rio Tocantins) para o Buracão. À cerca de 800 m do rio.",-48.14278,-13.49556,"Planta comum em Matas secas. Futuro reservatório da Hidrelétrica Cana Brava.","BRA:Cenargen:CEN:0000040257",NA,"Terminalia actinophylla Mart.",NA,NA,NA,NA,3384,-13.49556,-48.14278,"original coordinates"
"110",NA,"UFPI","TEPB","11054","Terminalia actinophylla Mart.","Combretaceae","Terminalia","actinophylla","Mart.","RIBEIRO, R. T. M.","2017-08-07T00:00:00.000+0000",NA,NA,"A. Castro",1999,11,27,"brazil","piaui","monsenhor gil","Fazenda Saquinho",NA,NA,"árvore, flor marrom, frequente Ambiente: Cerrado","BRA:UFPI:TEPB:0000011054",NA,"Terminalia actinophylla Mart.",NA,NA,NA,NA,4975,-5.608041,-5.608041,"centroide mpo"
"111",NA,"UFPI","TEPB","10089","Terminalia actinophylla Mart.","Combretaceae","Terminalia","actinophylla","Mart.","RIBEIRO, R. T. M.","2017-08-08T00:00:00.000+0000",NA,NA,"Graça et al.",1998,2,13,"brazil","piaui","nazare do piaui","Estrada para Salvador",NA,NA,"Árvore, botões marrons Ambiente: Cerrado <ll>dwc_commonname:</ll> Catinga-de-porco","BRA:UFPI:TEPB:0000010089",NA,"Terminalia actinophylla Mart.",NA,NA,NA,NA,4556,-7.052053,-7.052053,"centroide mpo"
"112","2017-10-13T11:28:05.000+0000","JBRJ","RB","RB00072746","Terminalia actinophylla Mart.","Combretaceae","Terminalia","actinophylla","Mart.","NILDA MARQUETE F. DA SILVA ET M. DA C. VALENTE",NA,NA,"4226","B.M.T. WALTER ET AL; AÉCIO AMARAL SANTOS ; ERNESTINO DE SOUZA GOMES GUARINO; ADEMIR ALVES DE SOUZA.",1998,7,14,"brazil","goias","campinacu","NO ANTIGO VALE DO RIO BOA NOVA.",-48.383333,-13.766667,"ÁRVORE , APENAS A COPA FORA DA ÁGUA . FREQUÊNCIA NO LOCAL ;MADUROS CASTANHO-ESCUROS A AVERMELHADOS .","urn:catalog:JBRJ:RB:72746",NA,"Terminalia actinophylla Mart.",NA,NA,NA,NA,3355,-13.766667,-48.383333,"original coordinates"
"113",NA,"Cenargen","CEN","31515","Terminalia actinophylla Mart.","Combretaceae","Terminalia","actinophylla","Mart.","B. M. T. Walter",NA,NA,"4226","Bruno Machado Teles Walter",1998,7,14,"brazil","goias","campinacu","No antigo vale do rio Boa Nova.",-48.38333,-13.76667,"Apenas a copa fora d`água. Reservatório em formação do AHE Serra da Mesa.","BRA:Cenargen:CEN:0000031515",NA,"Terminalia actinophylla Mart.",NA,NA,NA,NA,3355,-13.76667,-48.38333,"original coordinates"
"114",NA,"UnB","UB","9766","Terminalia actinophylla Mart.","Combretaceae","Terminalia","actinophylla","Mart.","Rocha, DMS",NA,NA,"43A","Rocha, DMS; Silva, AP",1998,8,30,"brazil","goias","sao domingos","Parque Estadual Terra Ronca",0,0,"Pau-pombo. Capoeira (gramia) campo de cultura de milho e arroz abandonado. Entre dois afloramentos calcários.; Árvore 6m. Fruto esverdeado.; .","BRA:UnB:UB:0000009766",NA,"Terminalia actinophylla Mart.",NA,NA,NA,NA,3399,-13.536781,-46.486593,"centroide mpo (0)"
"115",NA,"UnB","UB","10424","Terminalia actinophylla Mart.","Combretaceae","Terminalia","actinophylla","Mart.","Rocha, DMS",NA,NA,"110A","Rocha, DMS",1998,9,2,"brazil","goias","sao domingos","Parque Estadual Terra Ronca. Pasto abandonado",0,0,"Árvore 7m. Fruto imaturos esverdeados.; Mata seca. Dolina. Buraco da Arara.","BRA:UnB:UB:0000010424",NA,"Terminalia actinophylla Mart.",NA,NA,NA,NA,3399,-13.536781,-46.486593,"centroide mpo (0)"
"116",NA,"UFPI","TEPB","17405","Terminalia actinophylla Mart.","Combretaceae","Terminalia","actinophylla","Mart.","B. M. T. Walter","1998-01-01T00:00:00.000+0000",NA,"3679","B.M.T. Walter et al.",1997,1,28,"brazil","goias","colinas do sul","Coleta de barco no lago em processo de enchimento no AHE Serra da Mesa (segmento Tocantizinho)",-48.283333,-13.933333,"Árvores (local alagado - somente as copas fora d'água), fruto creme-amarronzado, frequente, pouco solo areno-argiloso, relevo acidentado Ambiente: Cerrado denso em transição com mata seca (mesofítica)","BRA:UFPI:TEPB:0000017405",NA,"Terminalia actinophylla Mart.",NA,NA,NA,NA,3349,-13.933333,-48.283333,"original coordinates"
"117",NA,"Cenargen","CEN","31824","Terminalia actinophylla Mart.","Combretaceae","Terminalia","actinophylla","Mart.","B. M. T. Walter",NA,NA,"3679","Bruno Machado Teles Walter",1997,1,28,"brazil","goias","colinas do sul","Coleta de barco no lago em processo de enchimento no AHE Serra da Mesa (segmento Tocantinzinho).",-48.28333,-13.93333,"Reservatório do AHE Serra da Mesa - em formação. Coleta de 3 indivíduos. Alguns frutos castanhos.","BRA:Cenargen:CEN:0000031824",NA,"Terminalia actinophylla Mart.",NA,NA,NA,NA,3349,-13.93333,-48.28333,"original coordinates"
"118",NA,"Universidade Federal Rural de Pernambuco, UFRPE","HST","6566","Terminalia actinophylla Mart.","Combretaceae","Terminalia","actinophylla","Mart.","R.T.M.Ribeiro","2017-10-26T00:00:00.000+0000",NA,"7924","L.P.Félix; et M.F.O.Pires",1997,5,24,"brazil","piaui","monsenhor gil",NA,NA,NA,"Arvoreta; frutos amarronzados.","BRA:UFRPE:HST:0000006566",NA,"Terminalia actinophylla Mart.",NA,NA,NA,NA,4975,-5.608041,-5.608041,"centroide mpo"
"119","2017-10-19T01:22:09.000+0000","JBRJ","RB","RB00072835","Terminalia actinophylla Mart.","Combretaceae","Terminalia","actinophylla","Mart.","Nilda Marquete & M.de C. Valente",NA,NA,"448","Cordovil Silva; Aécio Amaral Santos, Jaão Benedito, Manoel Viana dos Santos & Pedro Paulo Morães Monteiro.",1996,5,21,"brazil","goias","niquelandia","Fazenda Santo Antonio da Serra Negra (arredantário Divino Duarte).",-48.3775,-14.040555,"Árvore de 8m e 50cm de DAP. Cor do fruto marrom maduro.","urn:catalog:JBRJ:RB:72835",NA,"Terminalia actinophylla Mart.",NA,NA,NA,NA,3284,-14.040555,-48.3775,"original coordinates"
"120",NA,"Cenargen","CEN","30581","Terminalia actinophylla Mart.","Combretaceae","Terminalia","actinophylla","Mart.","B. M. T. Walter",NA,NA,"448","Sebastião Pinheiro Cordovil da Silva",1996,5,21,"brazil","goias","niquelandia","Fazenda Santo Antônio da Serra Negra (arredantário Divino Duarte).",-48.3775,-14.04056,NA,"BRA:Cenargen:CEN:0000030581",NA,"Terminalia actinophylla Mart.",NA,NA,NA,NA,3284,-14.04056,-48.3775,"original coordinates"
"121","2017-10-13T11:07:29.000+0000","JBRJ","RB","RB00072816","Terminalia actinophylla Mart.","Combretaceae","Terminalia","actinophylla","Mart.","Bruno M.T.Walter","1998-01-01T00:00:00.000+0000",NA,"3395","Bruno M.T.Walter; João Benedito Pereira, Aécio Amaral dos Santoa, João Marcelo de Rezende, Sebastião Pinheiro Cordovil da Silva",1996,8,17,"brazil","goias","campinacu","Apos corrego Boa NOva em direção as grandes matas mesofiticas. Na região da estrada velha Minaçu-obra.",-48.416667,-13.816667,"Árvore, 11 metros de altura, frutos maduros castanhos.","urn:catalog:JBRJ:RB:72816",NA,"Terminalia actinophylla Mart.",NA,NA,NA,NA,3355,-13.816667,-48.416667,"original coordinates"
"122",NA,"Cenargen","CEN","31597","Terminalia actinophylla Mart.","Combretaceae","Terminalia","actinophylla","Mart.","B. M. T. Walter",NA,NA,"3395","Bruno Machado Teles Walter",1996,8,17,"brazil","goias","campinacu","Após córrego Boa Nova em direção às grandes Matas Mesofíticas. Na região da estrada velha Minaçu-obra.",-48.41667,-13.81667,"Futuro Reservatório do AHE-Serra da Mesa.","BRA:Cenargen:CEN:0000031597",NA,"Terminalia actinophylla Mart.",NA,NA,NA,NA,3355,-13.81667,-48.41667,"original coordinates"
"123","2017-10-17T13:45:48.000+0000","JBRJ","RB","RB00513974","Terminalia actinophylla Mart.","Combretaceae","Terminalia","actinophylla","Mart.","N. Marquete F. ds Silva",NA,NA,"2755","R. Marquete; A .Vaz, R.C. Mendonça, M.L., G.N. de JesusA .Vaz, R.C. Mendonça, M.L., G.N. de Jesus",1996,10,22,"brazil","goias","alto paraiso de goias","Chapada dos Veadediros, ponto de descanso.",NA,NA,"Árvore com 6 m de alto; Heliófila; Tronco com casca escamosa, marrom; Folhas membranáceas, discolores verdes, opacas em ambas as faces; Frutos secos, indeiscentes, imaturos verdes.","urn:catalog:JBRJ:RB:513974",NA,"Terminalia actinophylla Mart.",NA,NA,NA,NA,3323,-14.183117,-14.183117,"centroide mpo"
"124","2015-05-21T12:37:47.000+0000","JBRJ","RB","RB00513972","Terminalia actinophylla Mart.","Combretaceae","Terminalia","actinophylla","Mart.",NA,NA,NA,"2740","R. Marquete; A .Vaz, R.C. Mendonça, M.L., G.N. de JesusA .Vaz, R.C. Mendonça, M.L., G.N. de Jesus",1996,10,22,"brazil","goias","alto paraiso de goias","Chapada dos Veadeiros, descendo a trilha da corrente.",NA,NA,"Árvore com 5 m de alt; Heliófila, saxícola; Tronco com casca escamosa, cinza; Folhas membranáceas, discolores verdes, opacas em ambas as faces; Inflorescência pêndula com flores verdes/avinosados; Frutos secos, imaturos esverdeados.","urn:catalog:JBRJ:RB:513972",NA,"Terminalia actinophylla Mart.",NA,NA,NA,NA,3323,-14.183117,-14.183117,"centroide mpo"
"125",NA,"Cenargen","CEN","44702","Terminalia actinophylla Mart.","Combretaceae","Terminalia","actinophylla","Mart.","B. M. T. Walter",NA,NA,"1494","Luciano de Bem Bianchetti",1996,12,17,"brazil","goias","colinas do sul","Área a ser inundada.",-48.31333,-13.94361,NA,"BRA:Cenargen:CEN:0000044702",NA,"Terminalia actinophylla Mart.",NA,NA,NA,NA,3349,-13.94361,-48.31333,"original coordinates"
"126",NA,"UEFS","HUEFS","30507","Terminalia actinophylla Mart.","Combretaceae","Terminalia","actinophylla","Mart.","C.A.Stace","2002-12-01T00:00:00.000+0000",NA,"814","Funch, L.S.",1995,1,15,"brazil","bahia","lencois","Rio Lençóis.",-41.403056,-12.560278,NA,"BRA:UEFS:HUEFS:0000030507",NA,"Terminalia actinophylla Mart.",NA,NA,NA,NA,3540,-12.560278,-41.403056,"original coordinates"
"127",NA,"Cenargen","CEN","22495","Terminalia actinophylla Mart.","Combretaceae","Terminalia","actinophylla","Mart.","N. M. F. da Silva",NA,NA,"2383","Bruno Machado Teles Walter",1995,6,20,"brazil","goias","minacu","Estrada Minaçu/AHE Serra da Mesa, km 12 a partir da entrada pelo lado de Minaçu.",-48.25,-13.61667,"Fuste com fissuras e gretas. Área de influência do AHE Serra da Mesa. Cerradão c/ sub-bosque repleto de Bauhinia sp.; Manihot sp. e Cnidosculus sp..","BRA:Cenargen:CEN:0000022495",NA,"Terminalia actinophylla Mart.",NA,NA,NA,NA,3403,-13.61667,-48.25,"original coordinates"
"128",NA,"UFPI","TEPB","10015","Terminalia actinophylla Mart.","Combretaceae","Terminalia","actinophylla","Mart.","RIBEIRO, R. T. M.","2017-08-07T00:00:00.000+0000",NA,"1052","M.S.B. Nascimento",1995,6,13,"brazil","piaui","castelo do piaui","Fazenda Cipó de Cima",-41.5525,-5.322222,"Árvore de 10m, folhas congestas, frutos semelhantes ao do gênero Combretum, flores visitadas por abelhas, encontrando-se disponível para os animais na estação da seca e das chuvas, relevo palno, solo arenoso apresentando boa drenagem Ambiente: Transição c","BRA:UFPI:TEPB:0000010015",NA,"Terminalia actinophylla Mart.",NA,NA,NA,NA,5026,-5.322222,-41.5525,"original coordinates"
"129","2017-10-13T11:05:17.000+0000","JBRJ","RB","RB00072879","Terminalia actinophylla Mart.","Combretaceae","Terminalia","actinophylla","Mart.","Nilda Marquete & M. da C. Valente",NA,NA,"1460","Taciana Barbosa Cavalcanti; B. Walte & J.B.Pereira",1995,6,23,"brazil","goias","minacu","Estrada Colinas do Sul- UHE Serra da Mesa. Estradinha que sobe para a serra do Retrato.",-5.351944,-13.783333,"Àrvore 3m altura, frutos castanhos","urn:catalog:JBRJ:RB:72879",NA,"Terminalia actinophylla Mart.",NA,NA,NA,NA,3403,-13.783333,-5.351944,"original coordinates"
"130",NA,"UFPI","TEPB","19361","Terminalia actinophylla Mart.","Combretaceae","Terminalia","actinophylla","Mart.","N. M. F. Silva",NA,NA,"2383","B.M.T. Walter et al.",1995,6,20,"brazil","goias","minacu","Estrada Minacu/AHE Serra da Mesa, km 12 a partir da entrada pelo lado de Minacu",-48.25,-13.616667,"Árvore 11m altura, DAP 20cm, frutos castanhos (maduros), fuste com fissuras e gretas, relevo acidentado, solo areno-argiloso com afloramento de rochas e cascalho, frequente Ambiente: Cerradão mesotrófico, com dossel a 8/10m de altura","BRA:UFPI:TEPB:0000019361",NA,"Terminalia actinophylla Mart.",NA,NA,NA,NA,3403,-13.616667,-48.25,"original coordinates"
"131",NA,"Cenargen","CEN","24921","Terminalia actinophylla Mart.","Combretaceae","Terminalia","actinophylla","Mart.","B. M. T. Walter",NA,NA,"1460","Taciana Barbosa Cavalcanti",1995,6,23,"brazil","goias","minacu","Estrada Colinas do Sul - UHE Serra da Mesa. Estradinha que sobe para a Serra do Retrato.",-48.28333,-13.78333,"No cerrado de afloramento rochoso.","BRA:Cenargen:CEN:0000024921",NA,"Terminalia actinophylla Mart.",NA,NA,NA,NA,3403,-13.78333,-48.28333,"original coordinates"
"132","2017-10-13T11:29:54.000+0000","JBRJ","RB","RB00072722","Terminalia actinophylla Mart.","Combretaceae","Terminalia","actinophylla","Mart.","MARQUETE N.F. DA SILVA",NA,NA,"2779","B.A.S.PEREIRA ; M.P.NETO & D.ALVARENGA",1995,6,20,"brazil","goias","teresina de goias","FAZ. RIO DAS ALMAS , KM 55 DA ESTRADA ALTO PARAÍSO / TERESINA DE GOIAS . .",-47.333333,-13.75,"ÁRVORE CA.10 M ALT. ; FRUTO IMATURO COR VERDE PARDACENTA.","urn:catalog:JBRJ:RB:72722",NA,"Terminalia actinophylla Mart.",NA,NA,NA,NA,3380,-13.75,-47.333333,"original coordinates"
"133",NA,"UEFS","HUEFS","51651","Terminalia actinophylla Mart.","Combretaceae","Terminalia","actinophylla","Mart.","C.A.Stace","2002-12-01T00:00:00.000+0000",NA,"10205","Thomas, W.W.",1994,1,30,"brazil","bahia","ilheus","10km south of Ilhéus (Pontal) on road to Olivença, then 3km west, Fazenda Manquinho.",-39.083333,-14.916667,"Restinga.","BRA:UEFS:HUEFS:0000051651",NA,"Terminalia actinophylla Mart.",NA,NA,NA,NA,3250,-14.916667,-39.083333,"original coordinates"
"134","2008-05-27T22:02:00.000+0000","MO","MO","3313866","Terminalia actinophylla Mart.","Combretaceae","Terminalia","actinophylla","Mart.","C.A. Stace","1997-01-01T00:00:00.000+0000",NA,"Thomas 10205","W. Wayt Thomas",1994,1,30,"brazil","bahia",NA,"Mun. Ilheus. 10 km S of Ilheus (Pontal) on road to Olivença, then 3 km W, Fazenda Manquinho. Forest with Attalea funifera (piaçava). Disturbed restinga forest.",-39.08333,-14.91666,NA,"urn:catalog:MO:Tropicos:3313866","http://www.tropicos.org/Specimen/3313866","Terminalia actinophylla Mart.",NA,NA,NA,NA,NA,-14.91666,-39.08333,"original coordinates"
"135",NA,"Universidade Federal da Bahia (UFBA)","ALCB","049894","Terminalia actinophylla Mart.","Combretaceae","Terminalia","actinophylla","Mart.","Stace, CA","1997-01-01T00:00:00.000+0000",NA,"s/n","Thomas, W; Carvalho, AM de; Kallunki, J",1994,1,30,"brazil","bahia","ilheus",NA,-39.116667,-14.683333,NA,"BRA:UFBA:ALCB:0000049894",NA,"Terminalia actinophylla Mart.",NA,NA,NA,NA,3250,-14.683333,-39.116667,"original coordinates"
"136",NA,"UEFS","HUEFS","21154","Terminalia actinophylla Mart.","Combretaceae","Terminalia","actinophylla","Mart.","C.A.Stace","2002-12-01T00:00:00.000+0000",NA,"PCD1453","Guedes, M.L.S.",1994,11,28,"brazil","bahia","palmeiras","Pai Inácio. Cercado.",-41.466667,-12.45,"Afloramentos rochosos.","BRA:UEFS:HUEFS:0000021154",NA,"Terminalia actinophylla Mart.",NA,NA,NA,NA,3525,-12.45,-41.466667,"original coordinates"
"137",NA,"UnB","UB","22273","Terminalia actinophylla Mart.","Combretaceae","Terminalia","actinophylla","Mart.","Ratter, JA",NA,NA,"7424","Ratter, JA",1994,11,12,"brazil","goias","alto paraiso de goias","Alto Paraíso de Goiás",-47.383333,-13.916667,".","BRA:UnB:UB:0000022273",NA,"Terminalia actinophylla Mart.",NA,NA,NA,NA,3323,-13.916667,-47.383333,"original coordinates"
"138",NA,"NY","NY","565694","Terminalia actinophylla Mart.","Combretaceae","Terminalia","actinophylla","Mart.","C. A. Stace","1993-01-01T00:00:00.000+0000",NA,"9594","W. W. Thomas",1993,1,24,"brazil","piaua-",NA,"36 km northwest of Picos on BR 316 to Teresina",-41.8,-6.88,NA,"6791aa75-a0fd-4630-8113-9d52b6a0eb8d",NA,"Terminalia actinophylla Mart.",NA,NA,NA,NA,NA,-6.88,-41.8,"original coordinates"
"139","2017-10-13T11:16:41.000+0000","JBRJ","RB","RB00072761","Terminalia actinophylla Mart.","Combretaceae","Terminalia","actinophylla","Mart.","J.TEIXEIRA E N. MARQUETE",NA,NA,"1177","T.B. CAVALCANTI ; B.M.T.WALTER & D.M.S. DA ROCHA ; H.G.P. DOS SANTOS : P.C. DA SILVA & N.P.V. BATISTA",1992,3,11,"brazil","goias","minacu","ÁREA DE EMPRESTIMO ME 33 . PROXIMO AO PORTÃO DE SAÍDA PARA MINACU.",-4.139167,-13.45,"ÁRVORE BIFURCADA DE 8 M DE ALT. 25-15 CM DAP; FRUTOS IMATUROS VINACEOS E ESVERDEADOS.","urn:catalog:JBRJ:RB:72761",NA,"Terminalia actinophylla Mart.",NA,NA,NA,NA,3403,-13.45,-4.139167,"original coordinates"
"140",NA,"Cenargen","CEN","18028","Terminalia actinophylla Mart.","Combretaceae","Terminalia","actinophylla","Mart.","B. M. T. Walter",NA,NA,"1177","Taciana Barbosa Cavalcanti",1992,3,11,"brazil","goias","minacu",NA,-48.35,-13.45,"Frutos imaturos vináceos a esverdeados.","BRA:Cenargen:CEN:0000018028",NA,"Terminalia actinophylla Mart.",NA,NA,NA,NA,3403,-13.45,-48.35,"original coordinates"
"141",NA,"UFPI","TEPB","17409","Terminalia actinophylla Mart.","Combretaceae","Terminalia","actinophylla","Mart.","B. Walter","1998-02-01T00:00:00.000+0000",NA,"1616","B.M.T. Walter et al.",1992,6,11,"brazil","goias","niquelandia","Faz. Serra Negra (niqueltocantins), Serra Negra, P/O Lado do Bagagem, ao lado da linha de transmissão (elet.)",-48.316667,-14.033333,"Árvore 8m altura, frutos imaturos verdes, maduros castanhos , solo arenoso, relevo ondulado, frequencia ocasional Ambiente: Cerrado com elementos de mata seca e cerrado S.S.","BRA:UFPI:TEPB:0000017409",NA,"Terminalia actinophylla Mart.",NA,NA,NA,NA,3284,-14.033333,-48.316667,"original coordinates"
"142",NA,"Cenargen","CEN","24514","Terminalia actinophylla Mart.","Combretaceae","Terminalia","actinophylla","Mart.","B. M. T. Walter",NA,NA,"1616","Bruno Machado Teles Walter",1992,6,11,"brazil","goias","niquelandia","Fazenda Serra Negra (Niqueltocantins). Serra Negra para o lado do rio Bagagem, ao lado da linha de transmissão.",-48.31667,-14.03333,"Bacia de inundação da UHE Serra da Mesa.","BRA:Cenargen:CEN:0000024514",NA,"Terminalia actinophylla Mart.",NA,NA,NA,NA,3284,-14.03333,-48.31667,"original coordinates"
"143",NA,"US","Botany","3337410","Terminalia actinophylla Mart.","Combretaceae","Terminalia","actinophylla","Mart.",NA,NA,NA,"4111","A. M. Carvalho & Grupo da Biologia",1992,11,9,"brazil","bahia",NA,"km 16 da Rodovia Ilhéus / Itabuna. Campus da Universidade Estadual de Santa Cruz. Plantação de cacau com árvores nativas. CABRUCA",NA,NA,NA,"http://n2t.net/ark:/65665/394067b7e-f57f-4a57-b276-f97d4768224f",NA,"Terminalia actinophylla Mart.",NA,NA,NA,NA,NA,-12.47295682,-12.47295682,"centroide estado"
"144","2008-05-27T22:02:00.000+0000","MO","MO","3183809","Terminalia actinophylla Mart.","Combretaceae","Terminalia","actinophylla","Mart.","C.A. Stace","1993-01-01T00:00:00.000+0000",NA,"Carvalho 4111","Carvalho",1992,NA,NA,"brazil","bahia",NA,"Mun. De Ilheus, km 16 da Rod. Ilheus/Itabuna. Campus da Universidade Estadual de Santa Cruz. Regiao da Mata Higrofila Sul Baiana. Plantacao de cacau com arvores natives. CABRUCA.",NA,NA,NA,"urn:catalog:MO:Tropicos:3183809","http://www.tropicos.org/Specimen/3183809","Terminalia actinophylla Mart.",NA,NA,NA,NA,NA,-12.47295682,-12.47295682,"centroide estado"
"145",NA,"Universidade Federal do Ceará, UFC","EAC","18029","Terminalia actinophylla Mart.","Combretaceae","Terminalia","actinophylla","Mart.","Castro, A.S.F.","2010-06-18T00:00:00.000+0000",NA,"4492-10","Lisboa, P.",1991,2,10,"brazil","piaui","oeiras","Ramal à direita da estr. Oeiras - Picos, km 2, Solo lageiro",0,0,"Caatinga rupestre","BRA:UFC:EAC:0000018029",NA,"Terminalia actinophylla Mart.",NA,NA,NA,NA,4579,-6.967161,-42.164247,"centroide mpo (0)"
"146","2014-07-07T23:16:00.000+0000","JBRJ","RB","RB00072773","Terminalia actinophylla Mart.","Combretaceae","Terminalia","actinophylla","Mart.","NILDA MARQUETE F. DA SILVA","1991-01-01T00:00:00.000+0000",NA,"1536","B.A.S. PEREIRA  ; B.M.T.WALTER, D. ALVARENGA & F.C.A. OLIVEIRA",1991,2,23,"brazil","goias","goias","MARGEM DIREITA DO RIO TOCANTINS . CANTEIRO DE OBRAS DA USINA HIDRELÉTRICA DA SERRA DA MESA.",NA,NA,"ÁRVORE CA. 8,00 M DE ALT. FRUTOS IMATUROS DE COR PARDA .","urn:catalog:JBRJ:RB:72773",NA,"Terminalia actinophylla Mart.",NA,NA,NA,NA,3095,-15.847211,-15.847211,"centroide mpo"
"147",NA,"UFPI","TEPB","17410","Terminalia actinophylla Mart.","Combretaceae","Terminalia","actinophylla","Mart.","B. Walter","2000-01-01T00:00:00.000+0000",NA,"695","B.M.T. Walter et al.",1991,11,18,"brazil","goias","minacu","500 metros ao sul do aeroporto do canteiro da UHE Serra da Mesa, área de influência direta",-48.35,-13.816667,"Árboreo 5m altura, fruto verde ferrugínea (imaturo), população com indivíduos de mais de 12m e DAP's superiores a 35cm, frequente na região em ambientes florestais, indivíduos em plena frutificação, relevo acidentado, frequente, solo areno-argiloso, latos","BRA:UFPI:TEPB:0000017410",NA,"Terminalia actinophylla Mart.",NA,NA,NA,NA,3403,-13.816667,-48.35,"original coordinates"
"148",NA,"Cenargen","CEN","15301","Terminalia actinophylla Mart.","Combretaceae","Terminalia","actinophylla","Mart.","B. M. T. Walter",NA,NA,"695","Bruno Machado Teles Walter",1991,11,18,"brazil","goias","minacu","500 metros ao Sul do aeroporto do canteiro da UHE Serra da Mesa. Área de influência direta.",-48.35,-13.81667,"População com indivíduos de mais de 12 m e DAP's superiores a 35 cm. Freqüente na região em ambientes florestais. Indivíduos em plena frutificação. Local com predominância de Terminalia sp.. Dossel d","BRA:Cenargen:CEN:0000015301",NA,"Terminalia actinophylla Mart.",NA,NA,NA,NA,3403,-13.81667,-48.35,"original coordinates"
"149","2014-07-22T12:01:59.000+0000","JBRJ","RB","RB00281323","Terminalia actinophylla Mart.","Combretaceae","Terminalia","actinophylla","Mart.","N. Marquete F. da Silva",NA,NA,"4012","V. F. Ferreira; et al",1988,11,22,"brazil","goias","minacu","Serra da Mesa, Rio Tocantins, represa de Serra da Mesa, reserva dos índios Ava-Canoeiros.",NA,NA,"àrv. pequena, frutos dourados","urn:catalog:JBRJ:RB:281323",NA,"Terminalia actinophylla Mart.",NA,NA,NA,NA,3403,-13.498189,-13.498189,"centroide mpo"
"150",NA,"Universidade Federal do Ceará, UFC","EAC","15182","Terminalia actinophylla Mart.","Combretaceae","Terminalia","actinophylla","Mart.","Castro, A.S.F.","2010-06-18T00:00:00.000+0000",NA,"s.n.","Fernandes, A.",1987,12,28,"brazil","piaui","oeiras",NA,0,0,"Árvore, 7m; Carrasco","BRA:UFC:EAC:0000015182",NA,"Terminalia actinophylla Mart.",NA,NA,NA,NA,4579,-6.967161,-42.164247,"centroide mpo (0)"
"151","2014-07-07T22:19:44.000+0000","JBRJ","RB","RB00676545","Terminalia actinophylla Mart.","Combretaceae","Terminalia","actinophylla","Mart.",NA,NA,NA,"2812","Laure Emperaire",1986,2,6,"brazil","piaui","sao raimundo nonato","Zabele.",NA,NA,"Sobre afloramento de arenito ca. 4 m. de altura.","urn:catalog:JBRJ:RB:676545",NA,"Terminalia actinophylla Mart.",NA,NA,NA,NA,4095,-8.96647,-8.96647,"centroide mpo"
"152","2017-10-10T23:32:04.000+0000","JBRJ","RB","RB00072901","Terminalia actinophylla Mart.","Combretaceae","Terminalia","actinophylla","Mart.",NA,NA,NA,"2736","Laure Emperaire",1985,2,NA,"brazil","piaui","sao raimundo nonato","Sítio do Meio.",NA,NA,"Folhas com galhas, altura 4-5m.Flores amareladas","urn:catalog:JBRJ:RB:72901",NA,"Terminalia actinophylla Mart.",NA,NA,NA,NA,4095,-8.96647,-8.96647,"centroide mpo"
"153",NA,"UFPI","TEPB","4116","Terminalia actinophylla Mart.","Combretaceae","Terminalia","actinophylla","Mart.","RIBEIRO, R. T. M.","2017-08-07T00:00:00.000+0000",NA,NA,"A.B. de Sousa",1985,6,2,"brazil","piaui","amarante","Dois Coqueiros",NA,NA,"Árvore Ambiente: Cerrado","BRA:UFPI:TEPB:0000004116",NA,"Terminalia actinophylla Mart.",NA,NA,NA,NA,4779,-6.370401,-6.370401,"centroide mpo"
"154","2014-07-07T23:16:21.000+0000","JBRJ","RB","RB00072893","Terminalia actinophylla Mart.","Combretaceae","Terminalia","actinophylla","Mart.",NA,NA,NA,"226","Laure Emperaire",1984,2,1,"brazil","piaui","sao raimundo nonato","Boqueirão Grande.",NA,NA,"Folhas com 2 tipos de galhos, árvore com 4m altura","urn:catalog:JBRJ:RB:72893",NA,"Terminalia actinophylla Mart.",NA,NA,NA,NA,4095,-8.96647,-8.96647,"centroide mpo"
"155",NA,"UFPI","TEPB","18324","Terminalia actinophylla Mart.","Combretaceae","Terminalia","actinophylla","Mart.","RIBEIRO, R. T. M.","2017-08-07T00:00:00.000+0000",NA,"2331","L. Emperaire",1984,2,1,"brazil","piaui","sao raimundo nonato","Boqueirão Grande",NA,NA,"Árvore 3,5m Ambiente: Caatinga arbustiva","BRA:UFPI:TEPB:0000018324",NA,"Terminalia actinophylla Mart.",NA,NA,NA,NA,4095,-8.96647,-8.96647,"centroide mpo"
"156",NA,"MBM","MBM","98113","Terminalia actinophylla Mart.","Combretaceae","Terminalia","actinophylla","Mart.","Stace, CA",NA,NA,"330","Silva, SB; et al.",1984,3,21,"brazil","piaui","amarante","Fazenda Bernadete",0,0,NA,"BRA:MBM:MBM:0000098113",NA,"Terminalia actinophylla Mart.",NA,NA,NA,NA,4779,-6.370401,-42.787654,"centroide mpo (0)"
"157",NA,"NY","NY","00908132","Terminalia actinophylla Mart.","Combretaceae","Terminalia","actinophylla","Mart.","C. A. Stace","2006-06-01T00:00:00.000+0000",NA,"330","S. B. d. Silva",1984,3,21,"brazil","piaua-",NA,"Fazenda Bernadete. Folha SB.23-Z-B. Ponto 08",-42.97,-6.18,NA,"a89a19e8-903b-4f2d-b059-e99e34cf8b22",NA,"Terminalia actinophylla Mart.",NA,NA,NA,NA,NA,-6.18,-42.97,"original coordinates"
"158",NA,"UFPI","TEPB","3513","Terminalia actinophylla Mart.","Combretaceae","Terminalia","actinophylla","Mart.","RIBEIRO, R. T. M.","2017-08-08T00:00:00.000+0000",NA,NA,"F.M.T. Freire",1984,8,18,"brazil",NA,NA,"Fazenda Barreiro",NA,NA,"Árvore 4-5m, flor esverdeada Ambiente: Carrasco <ll>dwc_commonname:</ll> Chapada","BRA:UFPI:TEPB:0000003513",NA,"Terminalia actinophylla Mart.",NA,NA,NA,NA,NA,NA,NA,"no coordinates, municipality or state provided"
"159","2012-03-09T05:17:00.000+0000","MO","MO","100142395","Terminalia actinophylla Mart.","Combretaceae","Terminalia","actinophylla","Mart.","C. Stace","1985-01-01T00:00:00.000+0000",NA,"Schatz 780","George E. Schatz|J.U. Santos|Edith L. Taylor|Nelson A. Rosa|T. Rebbeck|Carlos S. Rosário|J.B.F. da Silva|M. Rosa",1983,3,2,"brazil","maranhao",NA,"Municipio Barra do Corda, Cachoerinha, 57 km SSW of Barra do Corda, along the Rio Corda.",-45.366667,-5.883333,NA,"urn:catalog:MO:Tropicos:100142395","http://www.tropicos.org/Specimen/100142395","Terminalia actinophylla Mart.",NA,NA,NA,NA,NA,-5.883333,-45.366667,"original coordinates"
"160",NA,"NY","NY","565695","Terminalia actinophylla Mart.","Combretaceae","Terminalia","actinophylla","Mart.","C. A. Stace","1985-01-01T00:00:00.000+0000",NA,"780","G. E. Schatz",1983,3,2,"brazil","maranhao",NA,"Cachoerinha, 57 km SSw of Barra do Corda, along the Rio Corda",-45.37,-5.88,NA,"6ea813bf-3230-4d7e-8131-e08faf69fe8d",NA,"Terminalia actinophylla Mart.",NA,NA,NA,NA,NA,-5.88,-45.37,"original coordinates"
"161",NA,"US","Botany","3263362","Terminalia actinophylla Mart.","Combretaceae","Terminalia","actinophylla","Mart.",NA,NA,NA,"780","G. Schatze, J. U. Santos, E. Taylor, N. A. Rosa, C. S. Rosario, C. S. Rosario & El al.",1983,3,2,"brazil","maranhao",NA,"Cachoeirinha, 57km SSW of Barra do Corda, along the Rio Corda",-5.37,-5.88,NA,"http://n2t.net/ark:/65665/3ef29467b-f53c-4680-9423-73d9995fcae9",NA,"Terminalia actinophylla Mart.",NA,NA,NA,NA,NA,-5.88,-5.37,"original coordinates"
"162",NA,"UFPI","TEPB","6241","Terminalia actinophylla Mart.","Combretaceae","Terminalia","actinophylla","Mart.","RIBEIRO, R, T. M.",NA,NA,NA,"R.C.B. Nunes",1983,5,8,"brazil","piaui","monsenhor gil",NA,NA,NA,"Árvore Ambiente: Cerrado","BRA:UFPI:TEPB:0000006241",NA,"Terminalia actinophylla Mart.",NA,NA,NA,NA,4975,-5.608041,-5.608041,"centroide mpo"
"163",NA,"UEFS","HUEFS","9289","Terminalia actinophylla Mart.","Combretaceae","Terminalia","actinophylla","Mart.","C.A.Stace","2002-12-01T00:00:00.000+0000",NA,"271","Lima, J.C.de",1983,11,15,"brazil","bahia","seabra",NA,NA,NA,NA,"BRA:UEFS:HUEFS:0000009289",NA,"Terminalia actinophylla Mart.",NA,NA,NA,NA,3539,-12.419967,-12.419967,"centroide mpo"
"164",NA,"UFPI","TEPB","985","Terminalia actinophylla Mart.","Combretaceae","Terminalia","actinophylla","Mart.","RIBEIRO, R. T. M.","2017-08-07T00:00:00.000+0000",NA,NA,"Arrais, M.G.M",1980,3,3,"brazil","piaui",NA,"Entre Várzea Grande e Oeiras",NA,NA,"Árvore Ambiente: Várzea <ll>dwc_commonname:</ll> Chapada-preta","BRA:UFPI:TEPB:0000000985",NA,"Terminalia actinophylla Mart.",NA,NA,NA,NA,NA,-7.38798322,-7.38798322,"centroide estado"
"165",NA,"Universidade Federal do Ceará, UFC","EAC","18888","Terminalia actinophylla Mart.","Combretaceae","Terminalia","actinophylla","Mart.","Castro, A.S.F.","2010-06-18T00:00:00.000+0000",NA,"130","Salgado, O.A.",1980,6,2,"brazil","piaui","sao jose do piaui",NA,-41.583333,-6.8,"Árvore, ca. 10m, DAP 50cm, caule cinza-escuro","BRA:UFC:EAC:0000018888",NA,"Terminalia actinophylla Mart.",NA,NA,NA,NA,4629,-6.8,-41.583333,"original coordinates"
"166",NA,"Universidade Federal do Ceará, UFC","EAC","5995","Terminalia actinophylla Mart.","Combretaceae","Terminalia","actinophylla","Mart.","Castro, A.S.F.","2010-06-18T00:00:00.000+0000",NA,"s.n.","Nunes, E.",1979,4,27,"brazil","piaui",NA,"estrada Oeiras-Gaturiano., substrato arenoso.",0,0,"Árvore, 7-9m, abundante.; Carrasco.","BRA:UFC:EAC:0000005995",NA,"Terminalia actinophylla Mart.",NA,NA,NA,NA,NA,-7.38798322,-42.9686162,"centroide estado (0)"
"167","2017-10-16T22:10:42.000+0000","JBRJ","RB","RB00071968","Terminalia actinophylla Mart.","Combretaceae","Terminalia","actinophylla","Mart.","Nilda Marquete",NA,NA,"3886","G. Martinelli",1978,1,24,"brazil","goias","alto paraiso de goias","43 Km ao norte de Alto Paraiso de Goiás, Chapada dos Veadeiros.",NA,NA,"Árvore com +ou- 6m, heliófila, saxícola, folhas verdes concolor com nervuras, alvacentas, frutos maduros de cor castanho.","urn:catalog:JBRJ:RB:71968",NA,"Terminalia actinophylla Mart.",NA,NA,NA,NA,3323,-14.183117,-14.183117,"centroide mpo"
"168","2014-07-07T23:14:10.000+0000","JBRJ","RB","RB00071955","Terminalia actinophylla Mart.","Combretaceae","Terminalia","actinophylla","Mart.","C.A. Stace",NA,NA,"41","Alberto Dombrós",1978,3,8,"brazil","goias","goias","Estrada Formoso-Paraná. próximo a Palmerapólis. Folha: SO-22-XA.",-48.4,-13,"Árvore com maosi ou menos 10 metros de altura e 80 centímetros de diâmetro, com frutos maduros de coloração cinza/marrom. Freqüência mediana.","urn:catalog:JBRJ:RB:71955",NA,"Terminalia actinophylla Mart.",NA,NA,NA,NA,3095,-13,-48.4,"original coordinates"
"169","2014-07-07T23:16:01.000+0000","JBRJ","RB","RB00072784","Terminalia actinophylla Mart.","Combretaceae","Terminalia","actinophylla","Mart.","NILDA MARQUETE FERREIRA DA SILVA",NA,NA,"120","JOSÉ S. ASSIS",1978,4,8,"brazil","piaui",NA,"SERRA DA TABATINGA.",-44.45,-10.583333,"ÁRVORE ; 12 M DE ALT. E 25 CM DE DIÂMETRO , COM FRUTOS JOVENS DE COLORAÇÃO VERDE . FREQUÊNCIA MEDIANA","urn:catalog:JBRJ:RB:72784",NA,"Terminalia actinophylla Mart.",NA,NA,NA,NA,NA,-10.583333,-44.45,"original coordinates"
"170",NA,"UFPI","TEPB","54","Terminalia actinophylla Mart.","Combretaceae","Terminalia","actinophylla","Mart.","RIBEIRO, R. T. M.","2017-08-07T00:00:00.000+0000",NA,NA,"Emperaire, L",1978,5,14,"brazil","piaui","sao raimundo nonato","Serra da Capivara",NA,NA,"Arbórea Ambiente: Caatinga","BRA:UFPI:TEPB:0000000054",NA,"Terminalia actinophylla Mart.",NA,NA,NA,NA,4095,-8.96647,-8.96647,"centroide mpo"
"171",NA,"Universidade Federal do Ceará, UFC","EAC","5138","Terminalia actinophylla Mart.","Combretaceae","Terminalia","actinophylla","Mart.","Castro, A.S.F.","2010-06-18T00:00:00.000+0000",NA,"s.n.","Bezerra, P.",1978,12,17,"brazil","piaui",NA,"Saída de Floriano p/ Itaueiras",0,0,"Árvore alta.","BRA:UFC:EAC:0000005138",NA,"Terminalia actinophylla Mart.",NA,NA,NA,NA,NA,-7.38798322,-42.9686162,"centroide estado (0)"
"172",NA,"NY","NY","565760","Terminalia actinophylla Mart.","Combretaceae","Terminalia","actinophylla","Mart.","C. A. Stace","2006-01-01T00:00:00.000+0000",NA,"18516","R. M. Harley",1977,2,2,"brazil","bahia",NA,"5 km SE of MaraÃº at the junction iwth the new road North to Ponta do MutÃ¡",-39,-14.13,NA,"20e30b84-32e9-4623-82df-d1ab33af4013",NA,"Terminalia actinophylla Mart.",NA,NA,NA,NA,NA,-14.13,-39,"original coordinates"
"173",NA,"UnB","UB","121872","Terminalia actinophylla Mart.","Combretaceae","Terminalia","actinophylla","Mart.","Stace, CA; Alwan, AA",NA,NA,"799","Paula, JE",1976,6,16,"brazil","maranhao","caxias","Margem Igorapé dos Caldeirões",0,0,"Árvore 10m.","BRA:UnB:UB:0000121872",NA,"Terminalia actinophylla Mart.",NA,NA,NA,NA,5097,-4.86479,-43.28915,"centroide mpo (0)"
"174",NA,"NY","NY","00908126","Terminalia actinophylla Mart.","Combretaceae","Terminalia","actinophylla","Mart.","C. A. Stace","2006-06-01T00:00:00.000+0000",NA,"7257","W. R. Anderson",1973,3,16,"brazil","goias",NA,"Chapada dos Veadeiros, 13 km by road S of Terezina",-47.2651252913228,-13.8975815427219,NA,"712f13ef-32d9-43c5-86ff-6d0d46e186be",NA,"Terminalia actinophylla Mart.",NA,NA,NA,NA,NA,-13.8975815427219,-47.2651252913228,"original coordinates"
"175",NA,"Universidade Federal Rural de Pernambuco, UFRPE","HST","4261","Terminalia actinophylla Mart.","Combretaceae","Terminalia","actinophylla","Mart.","C.T.Rizzini","1974-09-19T00:00:00.000+0000",NA,"293","F.B.Ramalho",1973,11,23,"brazil","piaui","sao francisco do piaui","Fazenda Serrinha",NA,NA,"Árvore ca. 8 m alt., não tem látex; flores marrons, perfume leve e agradável. Encontrada em toda a região da bacia do parnaiba no Piauí.","BRA:UFRPE:HST:0000004261",NA,"Terminalia actinophylla Mart.",NA,NA,NA,NA,4503,-7.19832,-7.19832,"centroide mpo"
"176","2017-10-17T14:08:50.000+0000","JBRJ","RB","RB00071926","Terminalia actinophylla Mart.","Combretaceae","Terminalia","actinophylla","Mart.","Dr. C. Stace",NA,NA,"9294","D. Sucre; J.F.da Silva",1972,6,24,"brazil","piaui",NA,"Mun. Pedro II, formação de Chapada.",NA,NA,"Pequena árvore até 5 metros de altura. Crescendo em formação rochosa.","urn:catalog:JBRJ:RB:71926",NA,"Terminalia actinophylla Mart.",NA,NA,NA,NA,NA,-7.38798322,-7.38798322,"centroide estado"
"177",NA,"NY","NY","00997802","Terminalia actinophylla Mart.","Combretaceae","Terminalia","actinophylla","Mart.","A. A. Alwan; C. A. Stace","1981-01-01T00:00:00.000+0000",NA,"2068","G. Gardner",1840,NA,NA,"brazil","piaua-",NA,NA,0,0,NA,"2eef5549-fb51-4f40-bc2a-fdf4a578f52a",NA,"Terminalia actinophylla Mart.",NA,NA,NA,NA,NA,NA,NA,"centroide estado (0)"
"178",NA,"SNSB-M","BSMvplantscoll","M-0146738 / 480155 / 177850","Terminalia actinophylla Mart.","Combretaceae","Terminalia","actinophylla","Mart.",NA,NA,"SYNTYPE",NA,"Martius, C.F.P. von",1819,NA,NA,"brazil",NA,NA,"Crescit in silvis Catingas in mediterraneis Prov. Bahiensis.",-55,-10,NA,"http://id.snsb.info/snsb/collection/196074/480155/177850",NA,"Terminalia actinophylla Mart.",NA,NA,NA,NA,NA,-10,-55,"original coordinates"
"179",NA,"SNSB-M","BSMvplantscoll","M-0146735 / 480152 / 177847","Terminalia actinophylla Mart.","Combretaceae","Terminalia","actinophylla","Mart.",NA,NA,"LECTOTYPE",NA,"Martius, C.F.P. von (no. Herb. Fl. Bras. 453(1))",1818,NA,NA,"brazil",NA,NA,"In silvis mediterran. Bahiensis prov. Catingas.",-55,-10,NA,"http://id.snsb.info/snsb/collection/196071/480152/177847",NA,"Terminalia actinophylla Mart.",NA,NA,NA,NA,NA,-10,-55,"original coordinates"
"180","2015-02-02T10:12:54.000+0000","K","Herbarium","K000905214","Terminalia actinophylla Mart.","Combretaceae","Terminalia","actinophylla","Mart.","Broddle, P.","2015-01-20T00:00:00.000+0000",NA,"56352","Harley, R.M.; et al.",NA,NA,NA,"brazil",NA,NA,NA,NA,NA,NA,"http://specimens.kew.org/herbarium/K000905214",NA,"Terminalia actinophylla Mart.",NA,NA,NA,NA,NA,NA,NA,"no coordinates, municipality or state provided"
"181",NA,"UnB","UB","22274","Terminalia actinophylla Mart.","Combretaceae","Terminalia","actinophylla","Mart.","Ratter, JA",NA,NA,"7207","Ratter, JA",NA,NA,NA,"brazil","goias","alto paraiso de goias","Alto Paraíso de Goiás",-47.383333,-13.916667,".","BRA:UnB:UB:0000022274",NA,"Terminalia actinophylla Mart.",NA,NA,NA,NA,3323,-13.916667,-47.383333,"original coordinates"
"182","2015-02-02T10:12:54.000+0000","K","Herbarium","K000905213","Terminalia actinophylla Mart.","Combretaceae","Terminalia","actinophylla","Mart.","Broddle, P.","2015-01-20T00:00:00.000+0000",NA,"56350","Harley, R.M.; et al.",NA,NA,NA,"brazil",NA,NA,NA,NA,NA,NA,"http://specimens.kew.org/herbarium/K000905213",NA,"Terminalia actinophylla Mart.",NA,NA,NA,NA,NA,NA,NA,"no coordinates, municipality or state provided"
"183",NA,"Comissão Executiva do Plano da Lavoura Cacaueira (CEPLAC)","CEPEC","61614","Terminalia actinophylla Mart.","Combretaceae","Terminalia","actinophylla","Mart.","C. Stace",NA,NA,"10205","W. W. Thomas",NA,NA,NA,"brazil","bahia","ilheus","10Km ao S da Rod. Ilheus/Olivenca, e 3Km ao W Faz. Manguinho.",-39.083333,-14.916667,"Ambiente: Mata de restinga, disturbada. Habito: Árvore","BRA:CEPLAC:CEPEC:0000061614",NA,"Terminalia actinophylla Mart.",NA,NA,NA,NA,3250,-14.916667,-39.083333,"original coordinates"
"184","2005-04-04T16:42:38.000+0000","K","Herbarium","K000261352","Terminalia actinophylla Mart.","Combretaceae","Terminalia","actinophylla","Mart.","Clive Stace","2005-04-04T00:00:00.000+0000",NA,"330","Silva, S.B.; Hora, F.M.D.",NA,NA,NA,"brazil",NA,NA,NA,NA,NA,NA,"http://specimens.kew.org/herbarium/K000261352",NA,"Terminalia actinophylla Mart.",NA,NA,NA,NA,NA,NA,NA,"no coordinates, municipality or state provided"
"185","2005-04-04T16:45:45.000+0000","K","Herbarium","K000261354","Terminalia actinophylla Mart.","Combretaceae","Terminalia","actinophylla","Mart.","Clive Stace","2005-04-04T00:00:00.000+0000",NA,"1052","Bona Noscimento, M.S.",NA,NA,NA,"brazil",NA,NA,NA,NA,NA,NA,"http://specimens.kew.org/herbarium/K000261354",NA,"Terminalia actinophylla Mart.",NA,NA,NA,NA,NA,NA,NA,"no coordinates, municipality or state provided"
"186","2017-10-12T11:57:19.000+0000","JBRJ","RB","RB01264254","Terminalia actinophylla Mart.","Combretaceae","Terminalia","actinophylla","Mart.",NA,NA,NA,"25311","Castellanos,A.",NA,NA,NA,"brazil","piaui",NA,NA,NA,NA,NA,"urn:catalog:JBRJ:RB:1264254",NA,"Terminalia actinophylla Mart.",NA,NA,NA,NA,NA,-7.38798322,-7.38798322,"centroide estado"
"187",NA,"UFPI","TEPB","30410","Terminalia actinophylla Mart.","Combretaceae","Terminalia","actinophylla","Mart.","R. Barros",NA,NA,NA,"K. Nogueira",NA,NA,NA,"brazil","piaui","campo maior/jatoba do piaui","Fazenda Lourdes, Complexo Vegetacional de Campo Maior",-42.052333,-4.861556,"Muito frequente, frutos imaturos verdes.","BRA:UFPI:TEPB:0000030410",NA,"Terminalia actinophylla Mart.",NA,NA,NA,NA,NA,-4.861556,-42.052333,"original coordinates"
"188",NA,"MN","R","91461","Terminalia actinophylla Mart.","Combretaceae","Terminalia","actinophylla","Mart.","Alwan, A.A. & Stace, C.A.","1981-01-01T00:00:00.000+0000",NA,"577","Freire Allemão, F.",NA,NA,NA,"brazil","ceara",NA,NA,NA,NA,"M.N. Plantas da Comm. Scient. da Prov. do Ceará","BRA:MN:R:0000091461",NA,"Terminalia actinophylla Mart.",NA,NA,NA,NA,NA,-5.09311398,-5.09311398,"centroide estado"
"189","2005-04-04T16:44:36.000+0000","K","Herbarium","K000261353","Terminalia actinophylla Mart.","Combretaceae","Terminalia","actinophylla","Mart.","Clive Stace","2005-04-04T00:00:00.000+0000",NA,"214","Bona Noscimento, M.S.",NA,NA,NA,"brazil",NA,NA,NA,NA,NA,NA,"http://specimens.kew.org/herbarium/K000261353",NA,"Terminalia actinophylla Mart.",NA,NA,NA,NA,NA,NA,NA,"no coordinates, municipality or state provided"
"190",NA,NA,"Botany","L  0009795","Terminalia actinophylla Mart.","Combretaceae","Terminalia","actinophylla","Mart.","Stace CA; Alwan A-RA",NA,"ISOLECTOTYPE",NA,"Martius CFP von",NA,NA,NA,"brazil","bahia",NA,"Brasilia pr. Bahia",NA,NA,NA,"http://data.biodiversitydata.nl/naturalis/specimen/L%20%200009795",NA,"Terminalia actinophylla Mart.",NA,NA,NA,NA,NA,-12.47295682,-12.47295682,"centroide estado"
"191","2015-02-02T10:12:54.000+0000","K","Herbarium","K000905215","Terminalia actinophylla Mart.","Combretaceae","Terminalia","actinophylla","Mart.","Broddle, P.","2015-01-20T00:00:00.000+0000",NA,"56368","Harley, R.M.; et al.",NA,NA,NA,"brazil",NA,NA,NA,NA,NA,NA,"http://specimens.kew.org/herbarium/K000905215",NA,"Terminalia actinophylla Mart.",NA,NA,NA,NA,NA,NA,NA,"no coordinates, municipality or state provided"
"192",NA,"UFPI","TEPB","30375","Terminalia actinophylla Mart.","Combretaceae","Terminalia","actinophylla","Mart.","Campelo, D. S.",NA,NA,"4","Campelo, D. S.",NA,NA,NA,"brazil","piaui","altos","Povoado Atalaia",NA,NA,"Mata, areno-pedregoso. Estrada para Altos 20km Ambiente: Floresta <ll>dwc_commonname:</ll> Chapada","BRA:UFPI:TEPB:0000030375",NA,"Terminalia actinophylla Mart.",NA,NA,NA,NA,5076,-5.014458,-5.014458,"centroide mpo"
"193",NA,"UFPI","TEPB","18323","Terminalia actinophylla Mart.","Combretaceae","Terminalia","actinophylla","Mart.","RIBEIRO, R. T. M.","2017-08-07T00:00:00.000+0000",NA,"2736","L. Emperaire",NA,NA,NA,"brazil","piaui","sao raimundo nonato","Sítio do Meio",NA,NA,"Altura 4-5m, flores amareladas","BRA:UFPI:TEPB:0000018323",NA,"Terminalia actinophylla Mart.",NA,NA,NA,NA,4095,-8.96647,-8.96647,"centroide mpo"
"194",NA,"UFPI","TEPB","22787","Terminalia actinophylla Mart.","Combretaceae","Terminalia","actinophylla","Mart.",NA,NA,NA,"1","L. Oliveira",NA,NA,NA,"brazil","piaui","demerval lobao","Boi Manso",NA,NA,"Árvore 8m, muito frequente, com frutos imaturos verdes, uso medicinal para problemas intestinais <ll>dwc_commonname:</ll> Chapada","BRA:UFPI:TEPB:0000022787",NA,"Terminalia actinophylla Mart.",NA,NA,NA,NA,5019,-5.338121,-5.338121,"centroide mpo"
"195",NA,"Comissão Executiva do Plano da Lavoura Cacaueira (CEPLAC)","CEPEC","36172","Terminalia actinophylla Mart.","Combretaceae","Terminalia","actinophylla","Mart.","N. Marquete e J. Teixeira",NA,NA,"330","S. B. da Silva",NA,NA,NA,"brazil","piaui","amarante","Faz. Bernadete.",-42.966667,-6.183333,"Ambiente: Savana arbórea aberta. Solo areno-argiloso. Habito: Árvore maior que 5m e menor 20m","BRA:CEPLAC:CEPEC:0000036172",NA,"Terminalia actinophylla Mart.",NA,NA,NA,NA,4779,-6.183333,-42.966667,"original coordinates"
"196","2015-02-02T10:02:03.000+0000","K","Herbarium","K000905212","Terminalia actinophylla Mart.","Combretaceae","Terminalia","actinophylla","Mart.","Broddle, P.","2015-01-20T00:00:00.000+0000",NA,"56395","Harley, R.M.; et al.",NA,NA,NA,"brazil",NA,NA,NA,NA,NA,NA,"http://specimens.kew.org/herbarium/K000905212",NA,"Terminalia actinophylla Mart.",NA,NA,NA,NA,NA,NA,NA,"no coordinates, municipality or state provided"
"197",NA,"UFPI","TEPB","17072","Terminalia actinophylla Mart.","Combretaceae","Terminalia","actinophylla","Mart.",NA,NA,NA,"338","Farias, R. R. S.",NA,NA,NA,"brazil","piaui","campo maior","Alto do Comandante",-42.051778,-4.867778,"Planta fanerófita (árvore, com 9m de altura); comportamento independente; ponto 01; estaca 01. Ambiente: Complexo de Campo Maior <ll>dwc_commonname:</ll> Chapada","BRA:UFPI:TEPB:0000017072",NA,"Terminalia actinophylla Mart.",NA,NA,NA,NA,5095,-4.867778,-42.051778,"original coordinates"
