"","modified","institutionCode","collectionCode","catalogNumber","scientificName","identificationQualifier","family","genus","specificEpithet","infraspecificEpithet","scientificNameAuthorship","identifiedBy","dateIdentified","typeStatus","recordNumber","fieldNumber","recordedBy","year","month","day","country","stateProvince","municipality","locality","decimalLongitude","decimalLatitude","occurrenceRemarks","acceptedNameUsage","occurrenceID","comments","bibliographicCitation"
"1",NA,NA,"ASE","39549","Eugenia brejoensis Mazine",NA,"Myrtaceae","Eugenia","brejoensis",NA,"Mazine","Sobral, M","2017-04-01",NA,"555",NA,"Figueira, M; Schindler, B; Pessoa, MCR; Barbosa, MR",2017,3,31,"brazil","Paraíba","Areia","",-35.3958,-6.5957,"Arvoreta, em floresta perturbada, aprox. 2 m alt., DAP 2 cm, folhas pendentes, com aspecto de murchamento, frutos imaturos verdes, levemente costados, lobos do cálice conspícuos, amarelados; Floresta Estacional Tropical Submontana (Br","Eugenia brejoensis Mazine",NA,"original coordinates outside municipality original in areia falls in caicara","GBIF"
"2",NA,NA,"ASE","38537","Eugenia brejoensis Mazine",NA,"Myrtaceae","Eugenia","brejoensis",NA,"Mazine","Proença, C; Freire, GS","2017-05-03",NA,"844",NA,"Farias, MCV; Freire, GS; Nunes, SS",2017,4,27,"brazil","Sergipe","Brejo Grande","Brejão dos Negros, Assentamento Santa Cruz",-36.27447,-10.290503,"Arbusto com cerca de 3m. Com folhas opostas e simples. Inflorescência estaminada creme.; Restinga","Eugenia brejoensis Mazine",NA,"original coordinates outside Brazil","GBIF"
"3",NA,NA,"ASE","37405","Eugenia brejoensis Mazine",NA,"Myrtaceae","Eugenia","brejoensis",NA,"Mazine","Andrade, RS","2016-08-17",NA,"724",NA,"Farias, MCV; Santana, JP; Andrade, RS",2016,7,22,"brazil","Sergipe","Brejo Grande","Brejão dos Negros, Fazenda Batateira",-36.2717,-10.2909,"Arbusto. Ca. de 4 m. Frutos verdes.; Restinga","Eugenia brejoensis Mazine",NA,"original coordinates outside Brazil","GBIF"
"4",NA,NA,"ASE","33423","Eugenia brejoensis Mazine",NA,"Myrtaceae","Eugenia","brejoensis",NA,"Mazine","Proença, C","",NA,"301",NA,"Santana, JP; Silvestre, SMS; Albuquerque N.M.",2015,3,7,"brazil","Sergipe","Itaporanga d'Ajuda","Fazenda Rio Fundo.",-37.1944,-11.0429,"Arbusto, 4m, flores e botões brancos.; Mata Atlântica.","Eugenia brejoensis Mazine",NA,"original coordinates outside municipality original in itaporanga d'ajuda falls in sao cristovao","GBIF"
"5",NA,NA,"ASE","32418","Eugenia brejoensis Mazine",NA,"Myrtaceae","Eugenia","brejoensis",NA,"Mazine","Proença, C","2015-05-27",NA,"919",NA,"Santos, LAS",2014,4,2,"brazil","Sergipe","Itabaianinha","",-37.79,-11.273889,"Árvore, casca externa marrom, fina e casca interna amarelada. Número do conglomerado: 159, coordenadas UTM do ponto central : E ( 630969 m) e N ( 8751133 m), número da subunidade: 02, número da subparcela: 10, número da árvore: 1RF8.","Eugenia brejoensis Mazine",NA,"original coordinates OK","GBIF"
"6",NA,NA,"CVRD","15017","Eugenia brejoensis Mazine",NA,"Myrtaceae","Eugenia","brejoensis",NA,"Mazine","Geovane S. Siqueira","2015-03-25",NA,"2031",NA,"Amorim, B.S.",2014,9,4,"brazil","Espírito Santo","LINHARES","",-40.028138,-19.38214,"<ll>dwc_commonname:</ll> Batinga de moita","Eugenia brejoensis Mazine",NA,"centroide mpo OK","GBIF"
"7",NA,NA,"HUEFS","230311","Eugenia brejoensis Mazine",NA,"Myrtaceae","Eugenia","brejoensis",NA,"Mazine","","",NA,"1956",NA,"Costa-Lima, J.L.",2014,11,21,"brazil","Pernambuco","Carnaíba","Serra do Boqueirão, ca. de 11 Km rodovia PE-320, acesso pela Igrejinha na rodovia (ca. de 6 Km da sede municipal de Afogados da Ingazeira)",-37.761111,-7.693611,"Savana Estépica, Neossolo Litólico Eutrófico","Eugenia brejoensis Mazine",NA,"original coordinates OK","GBIF"
"8",NA,NA,"ASE","26968","Eugenia brejoensis Mazine",NA,"Myrtaceae","Eugenia","brejoensis",NA,"Mazine","Proença, C","2013-01-01",NA,"188",NA,"Farias, MCV; Fonseca, JAR; Santos, E; Souza, CAS; Melo, LMS",2013,1,18,"brazil","Sergipe","Japaratuba","Povoado São José da Caatinga, margem da rodovia Japaratuba - Pirambu.",-36.94,-10.593333,"2,5m, frutos imaturos, petalas das flores cremes.; Restinga, formação arbustiva fechada, não inundável.","Eugenia brejoensis Mazine",NA,"original coordinates OK","GBIF"
"9",NA,NA,"ASE","29888","Eugenia brejoensis Mazine",NA,"Myrtaceae","Eugenia","brejoensis",NA,"Mazine","Proença, C","2017-10-18",NA,"409",NA,"Farias, MCV; Carregosa, T; Costa, SM; Melo, LMS",2013,4,4,"brazil","Sergipe","Pirambu","Povoado Alagamar, Assentamento Sao Sebastião.",-36.750167,-10.614028,"Arbusto ca. 1m. Botões e flores verdes, estames alvos e petalas cremes.; Tabuleiros costeiros.","Eugenia brejoensis Mazine",NA,"original coordinates OK","GBIF"
"10",NA,NA,"RB","RB00810114","Eugenia brejoensis Mazine",NA,"Myrtaceae","Eugenia","brejoensis",NA,"Mazine","C.E.B. Proença","2018-01-01",NA,"7600",NA,"R.C. Forzza; J.A. Amaral & M.O.O. Pellegini",2013,4,22,"brazil","Minas Gerais","Nova Belém","Serra do Pitengo.",-41.124722,-18.533889,"Arbusto na borda de pequena mata em inselbergue, cerca de 2 metros de altura. Frutos verdes.","Eugenia brejoensis Mazine",NA,"original coordinates outside municipality original in nova belem falls in mantena","GBIF"
"11",NA,NA,"RB","RB00810109","Eugenia brejoensis Mazine",NA,"Myrtaceae","Eugenia","brejoensis",NA,"Mazine","F.F.MAZINE","2016-05-19",NA,"7594",NA,"R.C. Forzza; J.A. Amaral & M.O.O. Pellegini",2013,4,22,"brazil","Minas Gerais","Nova Belém","Serra do Pitengo. Inselbergue.",-41.124722,-18.533889,"Arbusto na borda de pequena mata em inselbergue, ca. 2,8 m alt. Frutos verdes passando a alaranjados e vermelhos.","Eugenia brejoensis Mazine",NA,"original coordinates outside municipality original in nova belem falls in mantena","GBIF"
"12",NA,NA,"VIES","37341","Eugenia brejoensis Mazine",NA,"Myrtaceae","Eugenia","brejoensis",NA,"Mazine","A. Giaretta","2017-09-01",NA,"192",NA,"Souza, W.O.; Machado, J.O. & Alves-Araújo, A.",2013,12,5,"brazil","Espírito Santo","Conceição da Barra","Parque Estadual de Itaúnas.",-39.832833,-18.445026,"SW1839","Eugenia brejoensis Mazine",NA,"centroide mpo OK","GBIF"
"13",NA,NA,"VIES","11801","Eugenia brejoensis Mazine",NA,"Myrtaceae","Eugenia","brejoensis",NA,"Mazine","","",NA,"1214",NA,"Giaretta, A.O.",2012,1,26,"brazil","Espírito Santo","Conceição da Barra","Parque Estadual de Itaúnas.",-39.832833,-18.445026,"SW1839","Eugenia brejoensis Mazine",NA,"centroide mpo OK","GBIF"
"14",NA,NA,"RB","RB00740410","Eugenia brejoensis Mazine",NA,"Myrtaceae","Eugenia","brejoensis",NA,"Mazine","","",NA,"1155",NA,"Giaretta, A.",2012,1,17,"brazil","Espírito Santo","Espírito Santo","Conceição da Barra. Fazenda Jequitaia. Mata seca de restinga sobre cordão arenoso.",-39.718889,-18.423889,"Arvoreta de 4m. Flores alvas.","Eugenia brejoensis Mazine",NA,"original coordinates outside municipality original in espirito santo falls in conceicao da barra","GBIF"
"15",NA,NA,"ASE","25709","Eugenia brejoensis Mazine",NA,"Myrtaceae","Eugenia","brejoensis",NA,"Mazine","Proença, C; Dantas, FS","2017-10-17",NA,"195",NA,"Matos, GMA; Farias, MCV; Santos, E",2012,2,28,"brazil","Sergipe","Ilha das Flores","Entrada da cidade lado direito.",-36.54,-10.436667,"Arbusto, 3 m. Botões em cachos verdes. Frutos marrons.","Eugenia brejoensis Mazine",NA,"original coordinates OK","GBIF"
"16",NA,NA,"ASE","26077","Eugenia brejoensis Mazine",NA,"Myrtaceae","Eugenia","brejoensis",NA,"Mazine","Proença, C","2013-01-01",NA,"134",NA,"Farias, MCV; Campos, DA; Matos, GMA",2012,2,28,"brazil","Sergipe","Ilha das Flores","Povoado Aroeira, Margem da Rodovia SE-204.",-36.508356,-10.450789,"Com ca. de 3m, botões esverdeados. Solo arenoso.; Mata Atlântica.","Eugenia brejoensis Mazine",NA,"original coordinates outside municipality original in ilha das flores falls in brejo grande","GBIF"
"17",NA,NA,"RB","RB00740409","Eugenia brejoensis Mazine",NA,"Myrtaceae","Eugenia","brejoensis",NA,"Mazine","","",NA,"1243",NA,"Giaretta, A.",2012,2,28,"brazil","Espírito Santo","Espírito Santo","São Mateus. Bairro Liberdade. Estrada de terra depois do Hospital Roberto Silvares, sentido São Mateus Guriri.",-39.811944,-18.750278,"Arbusto de 2,5m. Fruto maduro roxo. Botões verdes.","Eugenia brejoensis Mazine",NA,"original coordinates outside municipality original in espirito santo falls in sao mateus","GBIF"
"18",NA,NA,"ASE","28088","Eugenia brejoensis Mazine",NA,"Myrtaceae","Eugenia","brejoensis",NA,"Mazine","Proença, CEB; Bezerra, KMG","",NA,"4062",NA,"Proença, CEB; Landim, M",2012,3,12,"brazil","Sergipe","Estância","Praia do Abais, Na SE-218 sentido Praia do Abaís , logo após o entrocamento da Linha verde , ca. 2,5km antes da Praia do Abaís , do lado esquerdo, próximo à ponte. Mata de restinga a bordo.",-37.298056,-11.315278,"Arbusto. Flores velhas.; Restinga","Eugenia brejoensis Mazine",NA,"original coordinates OK","GBIF"
"19",NA,NA,"ASE","28089","Eugenia brejoensis Mazine",NA,"Myrtaceae","Eugenia","brejoensis",NA,"Mazine","Proença, CEB","",NA,"4061",NA,"Proença, CEB; Landim, M",2012,3,12,"brazil","Sergipe","Estância","Praia do Abais, Na SE-218 sentido Praia do Abaís , logo após o entrocamento da Linha verde , ca. 2,5km. antes da Praia do Abaís , do lado esqerdo , próximo a ponte .Mata de Restinga",-37.298056,-11.315278,"Arvoreta . Folhas verde escuras. Flores velhas.; Restinga","Eugenia brejoensis Mazine",NA,"original coordinates OK","GBIF"
"20",NA,NA,"Herbarium","K000905372","Eugenia brejoensis Mazine",NA,"Myrtaceae","Eugenia","brejoensis",NA,"Mazine","Mazine, F.F.","",NA,"2540",NA,"FAria, J.E.Q.; Staggemeier, V.G.",2012,4,1,"brazil","","","",-40.66,-18.85,"","Eugenia brejoensis Mazine",NA,"original coordinates outside municipality original in  falls in nova venecia","GBIF"
"21",NA,NA,"HUFSJ","4930","Eugenia brejoensis Mazine",NA,"Myrtaceae","Eugenia","brejoensis",NA,"Mazine","Gomes, LA","2012-05-01",NA,"3013",NA,"Prata, AP; et al.",2012,5,26,"brazil","Sergipe","Pirambu","Solo arenoso. Sítio Paraíso.",-36.757639,-10.633361,"Árvore, ca de 5m. Botões imaturos verdes.","Eugenia brejoensis Mazine",NA,"original coordinates OK","GBIF"
"22",NA,NA,"HUFSJ","4927","Eugenia brejoensis Mazine",NA,"Myrtaceae","Eugenia","brejoensis",NA,"Mazine","Gomes, LA","2012-06-01",NA,"445",NA,"Oliveira, DG; et al.",2012,6,2,"brazil","Sergipe","Brejo Grande","Solo arenoso",-36.555167,-10.371861,"Arbusto, botões florais verdes, flores alvas, estames brancos.","Eugenia brejoensis Mazine",NA,"original coordinates outside municipality original in brejo grande falls in penedo","GBIF"
"23",NA,NA,"HUFSJ","4931","Eugenia brejoensis Mazine",NA,"Myrtaceae","Eugenia","brejoensis",NA,"Mazine","Gomes, LA","2012-05-01",NA,"423",NA,"Oliveira, DG; et al.",2012,6,1,"brazil","Sergipe","Pacatuba","",-36.615139,-10.530583,"Com cerca de 4m. Botões verdes. Frutos imaturos verdes.&nf;Ponto 11.","Eugenia brejoensis Mazine",NA,"original coordinates OK","GBIF"
"24",NA,NA,"JPB","52508","Eugenia brejoensis Mazine",NA,"Myrtaceae","Eugenia","brejoensis",NA,"Mazine","Barbosa, MR","2013-01-28",NA,"155",NA,"Souza-Alves, JP",2011,2,27,"brazil","Sergipe","Itaporanga d'Ajuda","Fazenda Trapsa, Entrada principal 3 km ao leste do Povoado Paruí e área de ocorrência do Callicebus coimbrai, primata ameaçado de extinção",-37.233333,-11.2,"Mata Atlântica (Floresta Estacional Semidecidual)","Eugenia brejoensis Mazine",NA,"original coordinates OK","GBIF"
"25",NA,NA,"RB","RB00743867","Eugenia brejoensis Mazine",NA,"Myrtaceae","Eugenia","brejoensis",NA,"Mazine","A. Giaretta","",NA,"954",NA,"A.G. Oliveira; T.L. Rocha",2011,2,11,"brazil","Espírito Santo","Conceição da Barra","Itaúnas. Área atrás da fazenda Jequitaia.",-39.832833,-18.445026,"Arvoreta de 3,5m com frutos verdes. Foto","Eugenia brejoensis Mazine",NA,"centroide mpo OK","GBIF"
"26",NA,NA,"MAC","52079","Eugenia brejoensis Mazine",NA,"Myrtaceae","Eugenia","brejoensis",NA,"Mazine","M.Sobral","2017-01-01",NA,"10366",NA,"Chagas-Mota; E.S.França; A.F.Araújo",2011,3,18,"brazil","Alagoas","Piaçabuçu","APA da Marituba.",-36.402349,-10.388431,"Árvore ca. 4 m de altura. Frutos vermelhos e roxos.; Restinga.","Eugenia brejoensis Mazine",NA,"centroide mpo (0) OK","GBIF"
"27",NA,NA,"JPB","49220","Eugenia brejoensis Mazine",NA,"Myrtaceae","Eugenia","brejoensis",NA,"Mazine","Gomes, LA","2011-04-25",NA,"118",NA,"Gomes, LA; Santos, E",2011,4,19,"brazil","Sergipe","Santa Luzia do Itanhy","RPPN Mata do Crasto, Bifurcação da trilha no interior da mata. Solo arenoso",-37.421861,-11.395861,"Árvore, ca. de 5,5m de altura. Frutos imaturos verdes.; Mata Atlântica.","Eugenia brejoensis Mazine",NA,"original coordinates OK","GBIF"
"28",NA,NA,"ASE","21375","Eugenia brejoensis Mazine",NA,"Myrtaceae","Eugenia","brejoensis",NA,"Mazine","Proença, C","2011-12-01",NA,"134",NA,"Gomes, LA; Santos, E",2011,5,17,"brazil","Sergipe","Santa Luzia do Itanhy","RPPN Mata do Crasto, Bifurcação da trilha no interior da mata. Solo arenoso",-37.467222,-11.471111,"Árvore, ca. de 5m de altura. Frutos maduros negros.; Árvore, ca. de 5m de altura. Frutos maduros negros.; Mata Atlântica.","Eugenia brejoensis Mazine",NA,"original coordinates outside municipality original in santa luzia do itanhy falls in indiaroba","GBIF"
"29",NA,NA,"CVRD","12873","Eugenia brejoensis Mazine",NA,"Myrtaceae","Eugenia","brejoensis",NA,"Mazine","Geovane S. Siqueira","2015-03-25",NA,"6528",NA,"Folli, D.A.",2010,1,7,"brazil","Espírito Santo","LINHARES","",-39.883881,-19.083174,"<ll>dwc_commonname:</ll> Batinga de moita","Eugenia brejoensis Mazine",NA,"original coordinates OK","GBIF"
"30",NA,NA,"HUFSJ","3368","Eugenia brejoensis Mazine",NA,"Myrtaceae","Eugenia","brejoensis",NA,"Mazine","Sobral, M","2012-01-01",NA,"789",NA,"Oliveira, AG; Monteiro, MM; Ribeiro, M",2010,5,1,"brazil","Espírito Santo","Conceição da Barra","Itaúnas, mata de restinga sobre cordão arenoso próximo de uma área entre cordões dominada por Montrichardia. Área atrás da fazenda Jequitaia",-39.739167,-18.423889,"Árvore de 4m. Flores alvas.","Eugenia brejoensis Mazine",NA,"original coordinates OK","GBIF"
"31",NA,NA,"ASE","18657","Eugenia brejoensis Mazine",NA,"Myrtaceae","Eugenia","brejoensis",NA,"Mazine","Proença, C","2011-12-01",NA,"451",NA,"Machado, WJ; Jesus, JB; Almeida, MJ; Santos, LAS",2010,5,30,"brazil","Sergipe","Poço Redondo","Serra da Guia",-37.684167,-9.805278,"Arbusto, frutos verdes (imaturos) e escuros ( maduros); Arbusto, frutos verdes (imaturos) e escuros ( maduros)","Eugenia brejoensis Mazine",NA,"original coordinates OK","GBIF"
"32",NA,NA,"HVASF","2942","Eugenia brejoensis Mazine",NA,"Myrtaceae","Eugenia","brejoensis",NA,"Mazine","C. Proença","2011-06-07",NA,"1828",NA,"J.G. Carvalho-Sobrinho",2009,1,15,"brazil","Pernambuco","Tacaratu","Estrada para Tacaicó.",-38.123861,-9.090528,"Arbusto ca. 4,0m alt. Folhas coriáceas. Frutos imaturos verdes. OBS.: Foto.","Eugenia brejoensis Mazine",NA,"original coordinates OK","GBIF"
"33",NA,NA,"RB","RB00743871","Eugenia brejoensis Mazine",NA,"Myrtaceae","Eugenia","brejoensis",NA,"Mazine","A. Giaretta","",NA,"477",NA,"A.G. Oliveira; M.M. Monteiro",2009,3,7,"brazil","Minas Gerais","Conceição da Barra de Minas","Itaúnas. Área atrás da fazenda Jequitaia.",-39.739167,-18.423889,"Planta de 8m com frutos enegrecidos, pilosos, adocicados","Eugenia brejoensis Mazine",NA,"original coordinates outside municipality original in conceicao da barra de minas falls in conceicao da barra","GBIF"
"34",NA,NA,"HUFSJ","3362","Eugenia brejoensis Mazine",NA,"Myrtaceae","Eugenia","brejoensis",NA,"Mazine","Sobral, M","2012-01-01",NA,"477",NA,"Oliveira, AG; Monteiro, MM",2009,3,7,"brazil","Espírito Santo","Conceição da Barra","itaúnas, mata de restinga sobre cordão arenoso próximo de uma área entre cordões dominada por Montrichardia. Área atrás da fazenda Jequitaia",-39.739167,-18.423889,"Planta de 8m com frutos enegrecidos, pilosos, adocicados.","Eugenia brejoensis Mazine",NA,"original coordinates OK","GBIF"
"35",NA,NA,"RB","RB01348508","Eugenia brejoensis Mazine",NA,"Myrtaceae","Eugenia","brejoensis",NA,"Mazine","B.S. Amorim","",NA,"485",NA,"B.S. Amorim; A. Alves-Araújo; M.T. Buril; E. Pessoa",2009,6,12,"brazil","Pernambuco","Bezerros","Parque Ecológico Serra Negra",-35.783663,-8.220704,"","Eugenia brejoensis Mazine",NA,"centroide mpo OK","GBIF"
"36",NA,NA,"HUCS","46428","Eugenia brejoensis Mazine",NA,"Myrtaceae","Eugenia","brejoensis",NA,"Mazine","Proença, C.","2015-05-27",NA,"s.n.",NA,"Gomes, C.",2009,7,20,"brazil","Sergipe","Indiaroba","Fazenda Sabão",-37.528642,-11.475296,"Mata Atlântica","Eugenia brejoensis Mazine",NA,"centroide mpo (0) OK","GBIF"
"37",NA,NA,"IPA","84033","Eugenia brejoensis Mazine",NA,"Myrtaceae","Eugenia","brejoensis",NA,"Mazine","Barbosa, J.I.S.","2010-03-04",NA,"39",NA,"Barbosa, J.I.S.; Silva, A. .G.; Silva, M. .V.; Santana, T.; Silva, A. .G.; Silva, M. .V.; Santana, T.",2009,7,20,"brazil","Pernambuco","Buíque","Parque Nacional do Catimbau",-37.158333,-8.4,"Árvore com ca. de 7m de altura. Frutos vermelhos-laranjas, comestíveis.","Eugenia brejoensis Mazine",NA,"original coordinates outside municipality original in buique falls in sertania","GBIF"
"38",NA,NA,"ASE","28675","Eugenia brejoensis Mazine",NA,"Myrtaceae","Eugenia","brejoensis",NA,"Mazine","Proença, C","2015-05-27",NA,"ASE28675",NA,"Gomes, C",2009,7,20,"brazil","Sergipe","Indiaroba","Fazenda Sabão",-37.511389,-11.519444,"Mata Atlântica","Eugenia brejoensis Mazine",NA,"original coordinates OK","GBIF"
"39",NA,NA,"HCF","24290","Eugenia brejoensis Mazine",NA,"Myrtaceae","Eugenia","brejoensis",NA,"Mazine","C. Proença","2015-05-27",NA,"",NA,"C. Gomes",2009,7,20,"brazil","Sergipe","Indiaroba","Fazenda Sabão. Mata Atlântica",-37.528642,-11.475296,"","Eugenia brejoensis Mazine",NA,"centroide mpo OK","GBIF"
"40",NA,NA,"ASE","15340","Eugenia brejoensis Mazine",NA,"Myrtaceae","Eugenia","brejoensis",NA,"Mazine","Proença, C","2013-03-01",NA,"90",NA,"Lima, JS",2009,8,19,"brazil","Sergipe","Areia Branca","Povoado Caroba",-37.315,-10.758056,"Arbórea.; Arbórea.; Borda da Mata.","Eugenia brejoensis Mazine",NA,"original coordinates OK","GBIF"
"41",NA,NA,"JPB","41960","Eugenia brejoensis Mazine",NA,"Myrtaceae","Eugenia","brejoensis",NA,"Mazine","Lourenço, AR","2017-07-12",NA,"282",NA,"Cunha, MCL; Paulo; Félix, S",2009,NA,NA,"brazil","Paraíba","Maturéia","Pico do Jabre, Parcela 34",-37.382778,-7.251944,"Substrato argiloso. Árvore, cerca 5,5 m de altura.; Mata Atlântica. Floresta Estacional Semidecidual Montana. ; HA","Eugenia brejoensis Mazine",NA,"original coordinates OK","GBIF"
"42",NA,NA,"RB","RB00746029","Eugenia brejoensis Mazine",NA,"Myrtaceae","Eugenia","brejoensis",NA,"Mazine","A.O. Giaretta","",NA,"189",NA,"A.G. Oliveira; M.B. Faria; R.F.A. Martins",2008,1,16,"brazil","Espírito Santo","São Mateus","Bairro Liberdade. Próximo do hospital Roberto Silvares.",-40.02055,-18.748914,"Plnata de 1m com botões albo","Eugenia brejoensis Mazine",NA,"centroide mpo OK","GBIF"
"43",NA,NA,"ASE","14327","Eugenia brejoensis Mazine",NA,"Myrtaceae","Eugenia","brejoensis",NA,"Mazine","Proença, C; Lourenço, AR","2010-07-01",NA,"11",NA,"Alcântara, GD; Miranda, AM; Silva, DN; Oliveira, MB; Silva, JS",2008,2,12,"brazil","Pernambuco","Buíque","Vale do Catimbau, Trilha da concha.",-37.155833,-8.623333,"Arbusto com cerca de 2 m. Caule marrom-acinzentado. Folhas adaxialmente brilhantes. Botões florais verdes.; Arbusto com cerca de 2 m. Caule marrom-acinzentado. Folhas adaxialmente brilhantes. Botões florais verdes.; Caatinga.","Eugenia brejoensis Mazine",NA,"original coordinates OK","GBIF"
"44",NA,NA,"HST","16227","Eugenia brejoensis Mazine",NA,"Myrtaceae","Eugenia","brejoensis",NA,"Mazine","L.Lima","2010-03-12",NA,"35",NA,"G.D.Alcântara; A.M.Miranda, D.N.Silva, M.B.Oliveira, J.S.Silva.",2008,2,13,"brazil","Pernambuco","Buíque","Vale do Catimbau",-37.122599,-8.649471,"Arbusto ca. 1,60 m alt.; caule acinzentado; folhas quebradiças, com face adaxial brilhantes; frutos imaturos.","Eugenia brejoensis Mazine",NA,"centroide mpo OK","GBIF"
"45",NA,NA,"HST","16223","Eugenia brejoensis Mazine",NA,"Myrtaceae","Eugenia","brejoensis",NA,"Mazine","L.Lima","2010-03-12",NA,"19",NA,"G.D.Alcântara; A.M.Miranda, D.N.Silva, M.B.Oliveira, J.S.Silva.",2008,2,11,"brazil","Pernambuco","Buíque","Vale do Catimbau",-37.122599,-8.649471,"Árvore ca. 2 m alt.; caule marron acizentado; folhas membranáceas, discolores, com face abaxial verde-claro,presença de glândulas; frutos jovens.","Eugenia brejoensis Mazine",NA,"centroide mpo OK","GBIF"
"46",NA,NA,"CVRD","11260","Eugenia brejoensis Mazine",NA,"Myrtaceae","Eugenia","brejoensis",NA,"Mazine","Marcos Sobral","2011-01-01",NA,"656",NA,"Souza, M.C.",2008,4,3,"brazil","Espírito Santo","LINHARES","",-40.028138,-19.38214,"<ll>dwc_commonname:</ll> Batinga de moita","Eugenia brejoensis Mazine",NA,"centroide mpo OK","GBIF"
"47",NA,NA,"ESA","ESA103789","Eugenia brejoensis Mazine",NA,"Myrtaceae","Eugenia","brejoensis",NA,"Mazine","Giaretta, A.","2015-05-01",NA,"655",NA,"Souza, M.C.",2008,4,3,"brazil","Espírito Santo","Linhares","",-40.028138,-19.38214,"","Eugenia brejoensis Mazine",NA,"centroide mpo OK","GBIF"
"48",NA,NA,"HVASF","3452","Eugenia brejoensis Mazine",NA,"Myrtaceae","Eugenia","brejoensis",NA,"Mazine","C. Proença","2012-01-26",NA,"3536",NA,"Marcondes Oliveira",2008,9,12,"brazil","Pernambuco","Saloá","RRPN, Fazenda Brejo, Brejo de Altitude",-36.785,-9.001667,"arbusto. Flores minúsculas alvas. Freqüente.","Eugenia brejoensis Mazine",NA,"original coordinates OK","GBIF"
"49",NA,NA,"HVASF","3453","Eugenia brejoensis Mazine",NA,"Myrtaceae","Eugenia","brejoensis",NA,"Mazine","C. Proença","2012-01-26",NA,"3537",NA,"Marcondes Oliveira",2008,9,12,"brazil","Pernambuco","Saloá","RRPN, Fazenda Brejo, Brejo de Altitude",-36.785,-9.001667,"arbusto ± 2m altura. Flores alvas. Frutos imaturos verdes-vináceos. Freqüente.","Eugenia brejoensis Mazine",NA,"original coordinates OK","GBIF"
"50",NA,NA,"HUFSJ","4852","Eugenia brejoensis Mazine",NA,"Myrtaceae","Eugenia","brejoensis",NA,"Mazine","Proença, C","2011-07-01",NA,"112",NA,"Matos, IS; Landim, MF; Santos, E",2008,12,15,"brazil","Sergipe","Itaporanga d`Ajuda","Fazenda Trapsa.",NA,NA,"Arvoreta com cerca de 2m. Botões esverdeados treminais.","Eugenia brejoensis Mazine",NA,NA,"GBIF"
"51",NA,NA,"CEN","101806","Eugenia brejoensis Mazine",NA,"Myrtaceae","Eugenia","brejoensis",NA,"Mazine","C. E. B. Proença","",NA,"112",NA,"I. S. Matos - ASE",2008,12,15,"brazil","Sergipe","ITAPORANGA D'AJUDA","Fazenda Trapsa, borda de mata.",-37.318178,-11.05724,"Botões esverdeados terminais. Doação da Universidade Federal de Sergipe. Herbário ASE 13970.","Eugenia brejoensis Mazine",NA,"centroide mpo OK","GBIF"
"52",NA,NA,"RB","RB00746034","Eugenia brejoensis Mazine",NA,"Myrtaceae","Eugenia","brejoensis",NA,"Mazine","A. Giaretta","",NA,"46",NA,"A.G. Oliveira; M.B. Faria",2007,4,14,"brazil","Espírito Santo","São Mateus","Bairro Liberdade.",-40.02055,-18.748914,"Arbusto de 1m com frutos enegrecidos","Eugenia brejoensis Mazine",NA,"centroide mpo OK","GBIF"
"53",NA,NA,"PEUFR","53165","Eugenia brejoensis Mazine",NA,"Myrtaceae","Eugenia","brejoensis",NA,"Mazine","J. E. Q. Faria Júnior","2009-05-01",NA,"247",NA,"M. C. L. Cunha",2007,12,12,"brazil","Paraíba","Matúreia","Parque Estadual Pico do Jobre",-37.358682,-7.284137,"","Eugenia brejoensis Mazine",NA,"centroide mpo OK","GBIF"
"54",NA,NA,"CVRD","11814","Eugenia brejoensis Mazine",NA,"Myrtaceae","Eugenia","brejoensis",NA,"Mazine","Geovane S. Siqueira","2015-03-25",NA,"2307",NA,"Paciencia, M.B.",2006,4,5,"brazil","Espírito Santo","LINHARES","Taxonomia de Campo USP, UNICAMP, ESAlq",-40.028138,-19.38214,"Frutos imaturos verdes <ll>dwc_commonname:</ll> Batinga de moita","Eugenia brejoensis Mazine",NA,"centroide mpo OK","GBIF"
"55",NA,NA,"RB","RB00746032","Eugenia brejoensis Mazine",NA,"Myrtaceae","Eugenia","brejoensis",NA,"Mazine","A.G. Oliveira","2011-06-30",NA,"1563",NA,"L.F.T. Menezes",2006,9,21,"brazil","Espírito Santo","São Mateus","Bairro Liberdade.",-40.02055,-18.748914,"Arvoreta de 2 metros de altura com frutos amarelos","Eugenia brejoensis Mazine",NA,"centroide mpo OK","GBIF"
"56",NA,NA,"CVRD","10744","Eugenia brejoensis Mazine",NA,"Myrtaceae","Eugenia","brejoensis",NA,"Mazine","G. Pelissari","2012-04-01",NA,"950",NA,"Lucas, E.",2006,11,30,"brazil","Espírito Santo","LINHARES","",-40.028138,-19.38214,"<ll>dwc_commonname:</ll> Batinga de moita","Eugenia brejoensis Mazine",NA,"centroide mpo OK","GBIF"
"57",NA,NA,"CVRD","10754","Eugenia brejoensis Mazine",NA,"Myrtaceae","Eugenia","brejoensis",NA,"Mazine","Marcos Sobral","2011-01-01",NA,"949",NA,"Lucas, E.",2006,11,30,"brazil","Espírito Santo","LINHARES","",-40.028138,-19.38214,"<ll>dwc_commonname:</ll> Batinga de moita","Eugenia brejoensis Mazine",NA,"centroide mpo OK","GBIF"
"58",NA,NA,"CVRD","10741","Eugenia brejoensis Mazine",NA,"Myrtaceae","Eugenia","brejoensis",NA,"Mazine","Geovane S. Siqueira","2015-03-25",NA,"986",NA,"Lucas, E.",2006,11,30,"brazil","Espírito Santo","LINHARES","",-40.028138,-19.38214,"<ll>dwc_commonname:</ll> Batinga de moita","Eugenia brejoensis Mazine",NA,"centroide mpo OK","GBIF"
"59",NA,NA,"CVRD","10778","Eugenia brejoensis Mazine",NA,"Myrtaceae","Eugenia","brejoensis",NA,"Mazine","Marcos Sobral","2011-01-01",NA,"939",NA,"Lucas, E.",2006,11,30,"brazil","Espírito Santo","LINHARES","",-40.028138,-19.38214,"<ll>dwc_commonname:</ll> Batinga de moita","Eugenia brejoensis Mazine",NA,"centroide mpo OK","GBIF"
"60",NA,NA,"RB","RB00579162","Eugenia brejoensis Mazine",NA,"Myrtaceae","Eugenia","brejoensis",NA,"Mazine","M.Sobral","2011-01-01",NA,"949",NA,"E.J.Lucas; et al.",2006,12,2,"brazil","Espírito Santo","Linhares","Estrad Paraju,km 1.9. Reserva  da Companhia da Vale do Rio Doce",-39.888333,-19.1425,"Arbusto de c.2.5m de altura;botões creme.Material prensado em álcool.","Eugenia brejoensis Mazine",NA,"original coordinates OK","GBIF"
"61",NA,NA,"ESA","ESA053939","Eugenia brejoensis Mazine",NA,"Myrtaceae","Eugenia","brejoensis",NA,"Mazine","Giaretta, A.","2015-05-01",NA,"939",NA,"Lucas, E.J. et al.",2006,12,2,"brazil","Espírito Santo","Linhares","",-39.883333,-19.132167,"","Eugenia brejoensis Mazine",NA,"original coordinates OK","GBIF"
"62",NA,NA,"CVRD","9848","Eugenia brejoensis Mazine",NA,"Myrtaceae","Eugenia","brejoensis",NA,"Mazine","Geovane S. Siqueira","2015-03-25",NA,"5417",NA,"Folli, D.A.",2006,12,14,"brazil","Espírito Santo","LINHARES","",-40.028138,-19.38214,"<ll>dwc_commonname:</ll> Batinga de moita","Eugenia brejoensis Mazine",NA,"centroide mpo OK","GBIF"
"63",NA,NA,"ESA","ESA053950","Eugenia brejoensis Mazine",NA,"Myrtaceae","Eugenia","brejoensis",NA,"Mazine","Giaretta, A.","2015-05-01",NA,"950",NA,"Lucas, E.J. et al.",2006,12,2,"brazil","Espírito Santo","Linhares","",-39.883333,-19.132167,"","Eugenia brejoensis Mazine",NA,"original coordinates OK","GBIF"
"64",NA,NA,"ESA","ESA053986","Eugenia brejoensis Mazine",NA,"Myrtaceae","Eugenia","brejoensis",NA,"Mazine","Giaretta, A.","2015-05-01",NA,"986",NA,"Lucas, E.J. et al.",2006,12,2,"brazil","Espírito Santo","Linhares","",-39.886333,-19.116667,"","Eugenia brejoensis Mazine",NA,"original coordinates OK","GBIF"
"65",NA,NA,"MAC","20428","Eugenia brejoensis Mazine",NA,"Myrtaceae","Eugenia","brejoensis",NA,"Mazine","M.Sobral","2017-01-01",NA,"401",NA,"M.A.B.L.Machado",2004,1,29,"brazil","Alagoas","Coruripe","Fazenda Capiatã A, Gotejo.",-36.285278,-10.225833,"Árvore, ca. de 2m de altura. Flores brancas.; Mata Atlântica","Eugenia brejoensis Mazine",NA,"original coordinates OK","GBIF"
"66",NA,NA,"MAC","17198","Eugenia brejoensis Mazine",NA,"Myrtaceae","Eugenia","brejoensis",NA,"Mazine","M.Sobral","2017-01-01",NA,"7430",NA,"R.P.Lyra-Lemos; et al.",2003,3,15,"brazil","Alagoas","Piaçabuçu","7Km depois da 2ª ponte de Penedo/Piaçabuçu.",-35.835,-9.766667,"Arvoreta, ca. de 2m de altura. Frutos vináceos.; Restinga árborea.","Eugenia brejoensis Mazine",NA,"original coordinates outside Brazil","GBIF"
"67",NA,NA,"CVRD","8472","Eugenia brejoensis Mazine",NA,"Myrtaceae","Eugenia","brejoensis",NA,"Mazine","Geovane S. Siqueira","2015-03-25",NA,"4717",NA,"Folli, D.A.",2003,12,17,"brazil","Espírito Santo","LINHARES","",-40.028138,-19.38214,"<ll>dwc_commonname:</ll> Batinga de moita","Eugenia brejoensis Mazine",NA,"centroide mpo OK","GBIF"
"68",NA,NA,"PEUFR","35167","Eugenia brejoensis Mazine",NA,"Myrtaceae","Eugenia","brejoensis",NA,"Mazine","J.E.Q. Faria Júnior","2010-02-22",NA,"482",NA,"L.M. Nascimento; A.G. da Silva",2001,1,16,"brazil","Pernambuco","Brejo da Madre de Deus","Mata do Malhada",-36.410633,-8.185733,"Árvore com 11m de altura. Folhas discolor. Flores em botôes verdes. Isoparátipo","Eugenia brejoensis Mazine",NA,"original coordinates outside municipality original in brejo da madre de deus falls in belo jardim","GBIF"
"69",NA,NA,"IPA","59885","Eugenia brejoensis Mazine",NA,"Myrtaceae","Eugenia","brejoensis",NA,"Mazine","Mazine","2008-06-19",NA,"362",NA,"Silva, A.G. da; Nascimento, L.M.; Nascimento, L.M.",2001,1,16,"brazil","Pernambuco","Brejo da Madre de Deus","Mata do Malhada, interior da mata.",-36.4,-8.187222,"Árvore ca. 8m de altura. Folhas discolor. Flores em botões alvos. Frequênte.","Eugenia brejoensis Mazine",NA,"original coordinates outside municipality original in brejo da madre de deus falls in belo jardim","GBIF"
"70",NA,NA,"PEUFR","35994","Eugenia brejoensis Mazine",NA,"Myrtaceae","Eugenia","brejoensis",NA,"Mazine","J.E.Q. Faria Júnior","2010-11-01",NA,"504",NA,"L.M. Nascimento; Eudes e Adriano",2001,3,20,"brazil","Pernambuco","Brejo da Madre de Deus","Mata do Malhada",-36.410633,-8.185733,"Árvore com cerca de 6m de altura. Floração passada e em botão. Frequente","Eugenia brejoensis Mazine",NA,"original coordinates outside municipality original in brejo da madre de deus falls in belo jardim","GBIF"
"71",NA,NA,"ESA","ESA092175","Eugenia brejoensis Mazine",NA,"Myrtaceae","Eugenia","brejoensis",NA,"Mazine","Giaretta, A.","2015-05-01",NA,"148",NA,"Leite, K.R.B. et al.",2001,3,23,"brazil","Bahia","Conde","",-37.67734,-11.827324,"","Eugenia brejoensis Mazine",NA,"centroide mpo OK","GBIF"
"72",NA,NA,"VIES","14019","Eugenia brejoensis Mazine",NA,"Myrtaceae","Eugenia","brejoensis",NA,"Mazine","Giaretta, A.O.","2012-06-01",NA,"6096",NA,"Pereira, O.J.; Assis, A.M.",2000,3,30,"brazil","Espírito Santo","Conceição da Barra","",-39.832833,-18.445026,"SW1839","Eugenia brejoensis Mazine",NA,"centroide mpo OK","GBIF"
"73",NA,NA,"VIES","14020","Eugenia brejoensis Mazine",NA,"Myrtaceae","Eugenia","brejoensis",NA,"Mazine","Giaretta, A.O.","2012-06-01",NA,"6126",NA,"Pereira, O.J.; Assis, A.M.",2000,3,30,"brazil","Espírito Santo","Conceição da Barra","",-39.832833,-18.445026,"SW1839","Eugenia brejoensis Mazine",NA,"centroide mpo OK","GBIF"
"74",NA,NA,"VIES","14021","Eugenia brejoensis Mazine",NA,"Myrtaceae","Eugenia","brejoensis",NA,"Mazine","Giaretta, A.O.","2012-06-01",NA,"6174",NA,"Pereira, O.J.; Assis, A.M. & Simonelli, M.",2000,4,27,"brazil","Espírito Santo","Conceição da Barra","Parque Estadual de Itaúnas.",-39.832833,-18.445026,"SW1839","Eugenia brejoensis Mazine",NA,"centroide mpo OK","GBIF"
"75",NA,NA,"VIES","14023","Eugenia brejoensis Mazine",NA,"Myrtaceae","Eugenia","brejoensis",NA,"Mazine","Giaretta, A.O.","2012-06-01",NA,"6199",NA,"Pereira, O.J.; Assis, A.M. & Simonelli, M.",2000,4,27,"brazil","Espírito Santo","Conceição da Barra","",-39.832833,-18.445026,"SW1839","Eugenia brejoensis Mazine",NA,"centroide mpo OK","GBIF"
"76",NA,NA,"CVRD","8029","Eugenia brejoensis Mazine",NA,"Myrtaceae","Eugenia","brejoensis",NA,"Mazine","A. Giaretta","2015-06-30",NA,"",NA,"Lughadha, E.N.",1999,2,9,"brazil","Espírito Santo","LINHARES","",-39.888967,-19.110517,"E.Nic Lughadha 184a, R.Mello-Silva, B.L.Stannard, M.C. Assis, D.A.Folli <ll>dwc_commonname:</ll> Batinga de moita","Eugenia brejoensis Mazine",NA,"original coordinates OK","GBIF"
"77",NA,NA,"RB","RB00309494","Eugenia brejoensis Mazine",NA,"Myrtaceae","Eugenia","brejoensis",NA,"Mazine","A.GIARETTA","",NA,"184a",NA,"E. M. Nic Lughadha; R. Mello-Silva, B. L. Stannard, M. C. Assis, D. A. Folli",1999,2,9,"brazil","Espírito Santo","Linhares","Reserva Florestal da Companhia Vale do Rio Doce. Bomba d´Água. Reserva Florestal da Companhia Vale do Rio Doce",-39.892778,-19.1175,"Arvoreta 3m. Folhas coriáceas. Frutos verdes.","Eugenia brejoensis Mazine",NA,"original coordinates OK","GBIF"
"78",NA,NA,"PEUFR","30277","Eugenia brejoensis Mazine",NA,"Myrtaceae","Eugenia","brejoensis",NA,"Mazine","L. Lima","2010-03-03",NA,"218",NA,"L. Krause; A. Liebig",1999,10,7,"brazil","Pernambuco","Brejo da Madre de Deus","Fazenda Nova; Pedra do Cachorro",-36.183333,-8.233333,"Arbusto com 0,5-2m de altura; folhas coriáceas-ovais; margem da folha levemente abaixada","Eugenia brejoensis Mazine",NA,"original coordinates outside municipality original in brejo da madre de deus falls in sao caitano","GBIF"
"79",NA,NA,"ASE","8130","Eugenia brejoensis Mazine",NA,"Myrtaceae","Eugenia","brejoensis",NA,"Mazine","Proença, C","2009-01-01",NA,"42",NA,"Cruz, A; Santos, E",1998,5,11,"brazil","Sergipe","Japaratuba","",-36.94,-10.593333,"Árvore. 5. m. presença de botões, flores e frutos, flores alvas com muitos estames expostos, fruto imaturo verde.; Árvore. 5. m. presença de botões, flores e frutos, flores alvas com muitos estames expostos, fruto imaturo verde.; Mata","Eugenia brejoensis Mazine",NA,"original coordinates OK","GBIF"
"80",NA,NA,"HUFSJ","4868","Eugenia brejoensis Mazine",NA,"Myrtaceae","Eugenia","brejoensis",NA,"Mazine","Proença, C","2009-02-01",NA,"66",NA,"Cruz, A; Santos, E; Amaral, C",1998,7,10,"brazil","Sergipe","São Cristóvão","Área de Mata na Rodovia Jõao Bebe Água",-37.206389,-11.014722,"Árvore com cerca de 4m. Presença de frutos imaturos verdes e maduros pretos.","Eugenia brejoensis Mazine",NA,"original coordinates OK","GBIF"
"81",NA,NA,"RB","RB01168336","Eugenia brejoensis Mazine",NA,"Myrtaceae","Eugenia","brejoensis",NA,"Mazine","","",NA,"388",NA,"A.P.S. Gomes; E. Inácio",1997,1,22,"brazil","Pernambuco","Buíque","Distrito de Catimbau, Sítio Pititi",-37.154167,-8.625,"Arbusto ca. de 1,60 m de altura. Ramos glaucos com manchas amarela-esverdeadas","Eugenia brejoensis Mazine",NA,"original coordinates OK","GBIF"
"82",NA,NA,"ASE","6896","Eugenia brejoensis Mazine",NA,"Myrtaceae","Eugenia","brejoensis",NA,"Mazine","Proença, C","2009-06-01",NA,"1129",NA,"Landim, M; Schettino; Vicência; Milena; Santos, E",1997,1,6,"brazil","Sergipe","Japaratuba","P.A. Ivan Ribeiro",-36.94,-10.593333,"arbusto. 3. m. presença de frutos maduros pretos e imaturos verdes.; arbusto. 3. m. presença de frutos maduros pretos e imaturos verdes.; borda de mata","Eugenia brejoensis Mazine",NA,"original coordinates OK","GBIF"
"83",NA,NA,"RB","RB00306562","Eugenia brejoensis Mazine",NA,"Myrtaceae","Eugenia","brejoensis",NA,"Mazine","A. Giaretta","2012-11-23",NA,"396",NA,"A.P.S. Gomes; E. Inácio",1997,1,23,"brazil","Pernambuco","Buíque","Sítio, Pititi, sopé da serra branca.",-37.122599,-8.649471,"Arbusto com ca. de 1,9m de altura. Botões esverdeados.","Eugenia brejoensis Mazine",NA,"centroide mpo OK","GBIF"
"84",NA,NA,"RB","RB00310451","Eugenia brejoensis Mazine",NA,"Myrtaceae","Eugenia","brejoensis",NA,"Mazine","F.F.MAZINE","2016-05-19",NA,"431",NA,"A. Laurênio; et al.",1997,3,3,"brazil","Pernambuco","Buíque","Sítio Pititi, sopé da Serra Branca.",-37.122599,-8.649471,"Arbusto com ca. 1,70 m. Cálice verde claro. corola branca, estames e estigmas brancos, anteras amarelas.","Eugenia brejoensis Mazine",NA,"centroide mpo OK","GBIF"
"85",NA,NA,"RB","RB00306973","Eugenia brejoensis Mazine",NA,"Myrtaceae","Eugenia","brejoensis",NA,"Mazine","A. Giaretta","2012-11-23",NA,"427",NA,"A.P.S. Gomes, L.S.Figueiredo, M. Oliveira; et al.",1997,3,3,"brazil","Pernambuco","Buíque","Sítio Pititi, sopé da Serra Branca.",-37.122599,-8.649471,"Arbusto com ca. 1,6 m. Cálice verde-claro, pétalas brancas, estames brancos, estilete branco.","Eugenia brejoensis Mazine",NA,"centroide mpo OK","GBIF"
"86",NA,NA,"PEUFR","26751","Eugenia brejoensis Mazine",NA,"Myrtaceae","Eugenia","brejoensis",NA,"Mazine","L. Lima","2010-02-22",NA,"447",NA,"A. Laurênio; A.P.S. Gomes; L.S. Figueiredo",1997,4,10,"brazil","Pernambuco","Buíque","Sítio Pititi; sope da Serra Branca",-37.122599,-8.649471,"Arbusto com ca. de 1,7m de altura; frutos imaturos verdes-amarronzados; ocasional","Eugenia brejoensis Mazine",NA,"centroide mpo OK","GBIF"
"87",NA,NA,"ASE","7818","Eugenia brejoensis Mazine",NA,"Myrtaceae","Eugenia","brejoensis",NA,"Mazine","Proença, C","2009-06-01",NA,"1252",NA,"Landim, M; V.Schettino",1997,5,5,"brazil","Sergipe","Japaratuba","P.A. Ivan Ribeiro",-36.5624,-10.3536,"arvoreta. 2. m. presença de frutos maduros pretos.; arvoreta. 2. m. presença de frutos maduros pretos.; borda da mata","Eugenia brejoensis Mazine",NA,"original coordinates outside municipality original in japaratuba falls in penedo","GBIF"
"88",NA,NA,"CVRD","5821","Eugenia brejoensis Mazine",NA,"Myrtaceae","Eugenia","brejoensis",NA,"Mazine","Geovane S. Siqueira","2015-03-25",NA,"3083",NA,"Folli, D.A.",1997,12,15,"brazil","Espírito Santo","LINHARES","Entrada do nativo",-40.028138,-19.38214,"<ll>dwc_commonname:</ll> Batinga de moita","Eugenia brejoensis Mazine",NA,"centroide mpo OK","GBIF"
"89",NA,NA,"RB","RB00307339","Eugenia brejoensis Mazine",NA,"Myrtaceae","Eugenia","brejoensis",NA,"Mazine","GIARETTA,A.","",NA,"356",NA,"A.P.S.Gomes; A.Laurênio, L.Figueiredo",1996,12,5,"brazil","Pernambuco","Catimbau","Buique.Sitio Pititi. Sopé da Serra.",-37.154167,-80.625,"Arbusto, cerca de 1,70m, ramos castanhos- avermelhados, fruto imaturo verde","Eugenia brejoensis Mazine",NA,"original coordinates outside Brazil","GBIF"
"90",NA,NA,"RB","RB00311357","Eugenia brejoensis Mazine",NA,"Myrtaceae","Eugenia","brejoensis",NA,"Mazine","F.F.MAZINE","2016-05-19",NA,"391",NA,"A.Laurênio; A.P.S.Figueiredo, L.S.Figueiredo",1996,12,5,"brazil","Pernambuco","Buíque","Sítio Pititi, sopé da Serra.",-37.154167,-80.625,"Arbusto, cerca de 1,5 m; caule acizentado; folhas um pouco discolores; botões e ramos novos com pêlos ferrugíneos. Plantas com folhas revolutas e congestas.","Eugenia brejoensis Mazine",NA,"original coordinates outside Brazil","GBIF"
"91",NA,NA,"RB","RB01168320","Eugenia brejoensis Mazine",NA,"Myrtaceae","Eugenia","brejoensis",NA,"Mazine","","",NA,"760",NA,"S.I. Silva; M.J.N. Rodal, M.F. Sales",1995,2,11,"brazil","Pernambuco","Buíque","Catimbau, Serra do CAtimbau",-37.166667,-8.616667,"Arvoreta ramificada, 3-4 m de altura, sépalas creme-esverdeadas, estames ausentes","Eugenia brejoensis Mazine",NA,"original coordinates OK","GBIF"
"92",NA,NA,"RB","RB00366958","Eugenia brejoensis Mazine",NA,"Myrtaceae","Eugenia","brejoensis",NA,"Mazine","M.Sobral","2010-01-01",NA,"37",NA,"E.Rodrigues; et al",1995,4,12,"brazil","Pernambuco","Bezerros","Parque Municipal de Serra Negra.",-35.783663,-8.220704,"Arbusto; caule marrom; folha verde; botões creme esverdeados.","Eugenia brejoensis Mazine",NA,"centroide mpo OK","GBIF"
"93",NA,NA,"MO","3184272","Eugenia brejoensis Mazine",NA,"Myrtaceae","Eugenia","brejoensis",NA,"Mazine","","",NA,"Andrade 124",NA,"K. Andrade",1995,7,10,"brazil","Pernambuco","","Estrada Buíque Catimbau, Complexo caatinga campo? Com Vegetação arbustiva, solo arenoso.",-37.166667,-8.616667,"","Eugenia brejoensis Mazine",NA,"original coordinates outside municipality original in  falls in buique","GBIF"
"94",NA,NA,"RB","RB01168370","Eugenia brejoensis Mazine",NA,"Myrtaceae","Eugenia","brejoensis",NA,"Mazine","J.E.Q. Faria","",NA,"124",NA,"K. Andrade; L. S. Figueiredo",1995,7,10,"brazil","Pernambuco","Buíque","Estrada Buísque-Catimbau.",-37.166667,-8.616667,"Arbusto com cerca de 1,5 m, frutos imaturos amarelos e maduros alaranjados.","Eugenia brejoensis Mazine",NA,"original coordinates OK","GBIF"
"95",NA,NA,"VIES","7176","Eugenia brejoensis Mazine",NA,"Myrtaceae","Eugenia","brejoensis",NA,"Mazine","Giaretta, A.O.","2012-06-01",NA,"2789",NA,"Pereira, O.J.; Gomes, J.M.L. & Martins, M.L.L.",1992,2,20,"brazil","Espírito Santo","Aracruz","Brejo Grande.",-40.176413,-19.767401,"SW1940","Eugenia brejoensis Mazine",NA,"centroide mpo OK","GBIF"
"96",NA,NA,"RB","RB00883977","Eugenia brejoensis Mazine",NA,"Myrtaceae","Eugenia","brejoensis",NA,"Mazine","Marcos Eduardo Guerra Sobral","2013-01-01",NA,"3967",NA,"O.J. Pereira; et al",1992,10,27,"brazil","Espírito Santo","Aracruz","Área 103, Brejo Grande.",-40.176413,-19.767401,"Planta com 3 metros de altura, folhas reflexa","Eugenia brejoensis Mazine",NA,"centroide mpo OK","GBIF"
"97",NA,NA,"VIES","7175","Eugenia brejoensis Mazine",NA,"Myrtaceae","Eugenia","brejoensis",NA,"Mazine","Giaretta, A.O.","2012-06-01",NA,"2749",NA,"Pereira, O.J.",1992,11,20,"brazil","Espírito Santo","Aracruz","Vila do Riacho.",-40.176413,-19.767401,"SW1940","Eugenia brejoensis Mazine",NA,"centroide mpo OK","GBIF"
"98",NA,NA,"RB","RB00352089","Eugenia brejoensis Mazine",NA,"Myrtaceae","Eugenia","brejoensis",NA,"Mazine","M.Sobral","2010-01-01",NA,"4471",NA,"Pereira, O.J.; et al",1990,11,17,"brazil","Espírito Santo","Conceição da Barra","Área 214 da Aracruz Celulose S.A.",-39.832833,-18.445026,"Planta com 2 m de altura, caule liso, sem ritidoma.","Eugenia brejoensis Mazine",NA,"centroide mpo OK","GBIF"
"99",NA,NA,"RB","RB00309955","Eugenia brejoensis Mazine",NA,"Myrtaceae","Eugenia","brejoensis",NA,"Mazine","J.E.Q.Faria Júnior","",NA,"74",NA,"Andrade-Lima",1974,12,20,"brazil","Alagoas","Alagoas","Mata Grande.",NA,NA,"","Eugenia brejoensis Mazine",NA,NA,"GBIF"
"100",NA,NA,"ALCB","03033","Eugenia brejoensis Mazine",NA,"Myrtaceae","Eugenia","brejoensis",NA,"Mazine","Faria Júnior, JEQ de","2014-06-01",NA,"s/n",NA,"Pinto, GCP",1972,5,NA,"brazil","Bahia","Itaberaba","Paraguaçu",-40.3,-12.516667,"frutos amarelos quando maduros.","Eugenia brejoensis Mazine",NA,"original coordinates OK","GBIF"
"101",NA,NA,"RB","RB00435492","Eugenia brejoensis Mazine",NA,"Myrtaceae","Eugenia","brejoensis",NA,"Mazine","C.E.B.Proença","2018-01-01",NA,"68-5234",NA,"Andrade Lima",1968,2,15,"brazil","Ceará","Pacatuba","Subida da serra de Pacatuba, sitio Pitaguari.",-38.595668,-3.951658,"Árv. 6-8 m","Eugenia brejoensis Mazine",NA,"centroide mpo OK","GBIF"
"102",NA,NA,"HST","1894","Eugenia brejoensis Mazine",NA,"Myrtaceae","Eugenia","brejoensis",NA,"Mazine","J.E.Q.Faria Júnior","2010-12-01",NA,"2666",NA,"G.Teixeira",1965,4,3,"brazil","Pernambuco","Chã de Areia","rumo de Teitanduba",NA,NA,"Árvore de fuste linheiro. Material em botões.","Eugenia brejoensis Mazine",NA,NA,"GBIF"
"103",NA,NA,"VIES","26779","Eugenia brejoensis Mazine",NA,"Myrtaceae","Eugenia","brejoensis",NA,"Mazine","A. Giaretta","2017-09-01",NA,"876",NA,"Simonelli, M.",NA,NA,NA,"brazil","","","",NA,NA,"","Eugenia brejoensis Mazine",NA,NA,"GBIF"
"104",NA,NA,"VIES","26780","Eugenia brejoensis Mazine",NA,"Myrtaceae","Eugenia","brejoensis",NA,"Mazine","A. Giaretta","2017-09-01",NA,"882",NA,"Simonelli, M.",NA,NA,NA,"brazil","","","",NA,NA,"","Eugenia brejoensis Mazine",NA,NA,"GBIF"
