"","modified","institutionCode","collectionCode","catalogNumber","scientificName","identificationQualifier","family","genus","specificEpithet","infraspecificEpithet","scientificNameAuthorship","identifiedBy","dateIdentified","typeStatus","recordNumber","fieldNumber","recordedBy","year","month","day","country","stateProvince","municipality","locality","decimalLongitude","decimalLatitude","occurrenceRemarks","occurrenceID","bibliographicCitation","acceptedNameUsage"
"1","2017-05-23T14:28:57.000+0000","JBRJ","RB","RB01320526","Psidium rufum Mart. ex DC.",NA,"Myrtaceae","Psidium","rufum",NA,"Mart. ex DC.","J.E.Q. Faria",NA,NA,"5901",NA,"J.E.Q. Faria",2016,5,28,"Brazil","Minas Gerais","Diamantina","Margem da estrada de terra para a Formação",-43.612222,-18.268611,NA,"urn:catalog:JBRJ:RB:1320526",NA,"Psidium rufum Mart. ex DC."
"2",NA,"Universidade Federal da Bahia (UFBA)","ALCB","128228","Psidium rufum Mart. ex DC.",NA,"Myrtaceae","Psidium","rufum",NA,"Mart. ex DC.","Stadnik, A","2015-01-01T00:00:00.000+0000",NA,"277",NA,"Stadnik, A; Lopes, R; Jardim, J; Ibrahim, M",2015,1,21,"Brazil","Bahia","Licínio de Almeida","Xaxa",-42.554444,-14.645833,"ca. 4m alt. Folhas cartaceas, discolores. Frutos verdes imaturos","BRA:UFBA:ALCB:0000128228",NA,"Psidium rufum Mart. ex DC."
"3",NA,"UEFS","HUEFS","231223","Psidium rufum Mart. ex DC.",NA,"Myrtaceae","Psidium","rufum",NA,"Mart. ex DC.",NA,NA,NA,"536",NA,"Tuler, A.C.",2015,9,19,"Brazil","Rio de Janeiro","Nova Friburgo","Área de Proteção Ambiental de Macaé de Cima.Proximidades do Sítio do Cedro.",NA,NA,NA,"BRA:UEFS:HUEFS:0000231223",NA,"Psidium rufum Mart. ex DC."
"4",NA,"Universidade Federal da Bahia (UFBA)","ALCB","128198","Psidium rufum Mart. ex DC.",NA,"Myrtaceae","Psidium","rufum",NA,"Mart. ex DC.","Stadnik, A","2014-05-01T00:00:00.000+0000",NA,"215",NA,"Stadnik, A; Lopes, R; Coelho, J; Alves, R",2014,5,28,"Brazil","Bahia","Licínio de Almeida","Xaxá",-42.550833,-14.653056,"ca. 10m alt. Folhas discolores. Frutos verdes imaturos, tricomas ferrugineosem toda a planta.","BRA:UFBA:ALCB:0000128198",NA,"Psidium rufum Mart. ex DC."
"5",NA,"UFSJ","HUFSJ","8352","Psidium rufum Mart. ex DC.",NA,"Myrtaceae","Psidium","rufum",NA,"Mart. ex DC.","Faria, JEQ","2014-11-01T00:00:00.000+0000",NA,"4271",NA,"Faria, JEQ; Vasconcelos, TNC",2014,11,3,"Brazil","Minas Gerais","Conceição do Mato Dentro","Margem da estrada entre a entrada de Morro do Pilar e Conceição do Mato Dentro. Mata de porte alto antropizada.",-43.4625,-19.091111,"Arvoreta, ca. 4m de altura. Caule liso, botões verdes. Fruto imaturo verde.","BRA:UFSJ:HUFSJ:0000008352",NA,"Psidium rufum Mart. ex DC."
"6",NA,"Universidade Estadual de Londrina, UEL","FUEL","55259","Psidium rufum Mart. ex DC.",NA,"Myrtaceae","Psidium","rufum",NA,"Mart. ex DC.","Cordeiro, J","2015-01-01T00:00:00.000+0000",NA,"8574",NA,"Ribas, OS",2012,3,30,"Brazil","Paraná","Jaguariaíva","Parque Estadual do Cerrado",-49.661667,-24.172222,NA,"BRA:UEL:FUEL:0000055259",NA,"Psidium rufum Mart. ex DC."
"7",NA,"UEM","HUEM","30383","Psidium rufum Mart. ex DC.",NA,"Myrtaceae","Psidium","rufum",NA,"Mart. ex DC.","Cordeiro, J.","2015-01-01T00:00:00.000+0000",NA,"8574",NA,"Ribas, O.,.S.",2012,3,30,"Brazil","Paraná","Jaguariaíva","Parque Estadual do Cerrado.",-49.661667,-24.172222,NA,"BRA:UEM:HUEM:0000030383",NA,"Psidium rufum Mart. ex DC."
"8","2014-08-19T15:51:26.000+0000","JBRJ","RB","RB00871323","Psidium rufum Mart. ex DC.",NA,"Myrtaceae","Psidium","rufum",NA,"Mart. ex DC.","C. Proença",NA,NA,"3091",NA,"J.E.Q. Faria",2012,11,28,"Brazil","Minas Gerais","Rio Preto","Margem da estrada entre rio Preto e vila funil;.",NA,NA,"Arvoreta ca 3m alt.; caule rugoso marrom escuro, botões florais; coletado em silica gel;","urn:catalog:JBRJ:RB:871323",NA,"Psidium rufum Mart. ex DC."
"9",NA,"UnB","UB","199149","Psidium rufum Mart. ex DC.",NA,"Myrtaceae","Psidium","rufum",NA,"Mart. ex DC.","Proença, C","2014-03-01T00:00:00.000+0000",NA,"3091",NA,"Faria, JEQ",2012,11,28,"Brazil","Minas Gerais","Rio Preto","Margem da estrada entre Rio Preto e a vila Funil",-43.845,-22.028611,"Arvoreta ca. 3 m de altura, caule rugoso marrom escuro, botões florais verdes. (coletado material em sílica gel); Floresta antropizada","BRA:UnB:UB:0000199149",NA,"Psidium rufum Mart. ex DC."
"10",NA,"Universidade Federal de Minas Gerais (UFMG)","BHCB","164405","Psidium rufum Mart. ex DC.",NA,"Myrtaceae","Psidium","rufum",NA,"Mart. ex DC.",NA,"2013-06-12T00:00:00.000+0000",NA,"5225",NA,"Tameirão Neto, E; Mansur, T",2011,2,1,"Brazil","Minas Gerais","Caeté",NA,-43.702222,-20.086667,NA,"BRA:UFMG:BHCB:0000164405",NA,"Psidium rufum Mart. ex DC."
"11",NA,"UFSJ","HUFSJ","2712","Psidium rufum Mart. ex DC.",NA,"Myrtaceae","Psidium","rufum",NA,"Mart. ex DC.","Sobral, M","2011-01-01T00:00:00.000+0000",NA,"14336",NA,"Sobral, M",2011,10,15,"Brazil","Minas Gerais","Lagoa Dourada","MG-275",-44.013056,-20.945167,"Arbusto 2 m, em interior de resto de mata à beira da estrada; flores creme; frutos ima","BRA:UFSJ:HUFSJ:0000002712",NA,"Psidium rufum Mart. ex DC."
"12",NA,"UFSJ","HUFSJ","1382","Psidium rufum Mart. ex DC.",NA,"Myrtaceae","Psidium","rufum",NA,"Mart. ex DC.","Sobral, M","2010-01-01T00:00:00.000+0000",NA,"13411",NA,"Sobral, M",2010,10,22,"Brazil","Minas Gerais","Ritápolis","Carioca",0,0,"Arbusto 2 m, em beira de estrada; córtex rugoso; flores brancas.","BRA:UFSJ:HUFSJ:0000001382",NA,"Psidium rufum Mart. ex DC."
"13",NA,"IPA","IPA","86750","Psidium rufum Mart. ex DC.",NA,"Myrtaceae","Psidium","rufum",NA,"Mart. ex DC.","Proença, C.","2010-11-01T00:00:00.000+0000",NA,"948",NA,"Faria, J.E.Q.; Proença, C.; Villarroel, D.; Proença, C.; Villarroel, D.",2010,11,11,"Brazil","Minas Gerais","Itabira","margem estrada entre Itabira e João Monlevade.",-43.191944,-19.695,"Árvore ca. 5m de altura, frutos imaturos verdes.","BRA:IPA:IPA:0000086750",NA,"Psidium rufum Mart. ex DC."
"14",NA,"UEFS","HUEFS","185291","Psidium rufum Mart. ex DC.",NA,"Myrtaceae","Psidium","rufum",NA,"Mart. ex DC.",NA,NA,NA,"948",NA,"Faria, J.E.Q.",2010,11,11,"Brazil","Minas Gerais","Itabira","Margem da estrada entre Itabira e João Monlevade.",-43.191944,-19.695,"Floresta ombrófila antropizada.","BRA:UEFS:HUEFS:0000185291",NA,"Psidium rufum Mart. ex DC."
"15","2017-10-19T00:17:30.000+0000","JBRJ","RB","RB00719683","Psidium rufum Mart. ex DC.",NA,"Myrtaceae","Psidium","rufum",NA,"Mart. ex DC.","STAGGEMEIER, V.G.","2012-10-24T00:00:00.000+0000",NA,"438",NA,"Oliveira, J.G; Rodrigues, F.M",2009,2,11,"Brazil","Minas Gerais","Brumadinho","Inhotim.",-44.224444,-20.116111,"Arvoreta","urn:catalog:JBRJ:RB:719683",NA,"Psidium rufum Mart. ex DC."
"16",NA,"UnB","UB","161544","Psidium cupreum O.Berg",NA,"Myrtaceae","Psidium","cupreum",NA,"O.Berg","Proença, CEB","2014-01-01T00:00:00.000+0000",NA,"535",NA,"Faria, JEQ; Carvalho-Silva, M; Câmara, PEAS; Gama, R; Soares, AER; Teixeira Júnior, AQ; Ben",2009,6,12,"Brazil","Minas Gerais","Morro do Pilar","Parque Nacional Serra do Cipó, coletada no Alto do Palácio",-43.516389,-19.2575,"Solo argiloso, relevo ondulado; Arvoreta ca. de 2,5 m de altura, frutos imaturos verdes; Mata Atlântica, mata de encosta","BRA:UnB:UB:0000161544",NA,"Psidium cupreum O.Berg"
"17",NA,"UnB","UB","161543","Psidium cupreum O.Berg",NA,"Myrtaceae","Psidium","cupreum",NA,"O.Berg","Proença, CEB","2014-01-01T00:00:00.000+0000",NA,"535",NA,"Faria, JEQ; Carvalho-Silva, M; Câmara, PEAS; Gama, R; Soares, AER; Teixeira Júnior, AQ; Ben",2009,6,12,"Brazil","Minas Gerais","Morro do Pilar","Parque Nacional Serra do Cipó, coletada no Alto do Palácio",-43.516389,-19.2575,"Solo argiloso, relevo ondulado; Arvoreta ca. de 2,5 m de altura, frutos imaturos verdes; Mata Atlântica, mata de encosta","BRA:UnB:UB:0000161543",NA,"Psidium cupreum O.Berg"
"18","2014-07-03T09:57:58.000+0000","JBRJ","RB","RB00859923","Psidium rufum Mart. ex DC.",NA,"Myrtaceae","Psidium","rufum",NA,"Mart. ex DC.",NA,NA,NA,"39",NA,"T. Mansur",2009,9,15,"Brazil","Minas Gerais","Joanésia","PHC Ouro Fino, Rio Santo Antônio.",-43.333333,-19.285,NA,"urn:catalog:JBRJ:RB:859923",NA,"Psidium rufum Mart. ex DC."
"19",NA,"UEG-UNUCET","HUEG","5240","Psidium rufum Mart. ex DC.",NA,"Myrtaceae","Psidium","rufum",NA,"Mart. ex DC.","Novelino, R.F.; Faria Júnior, J.E.Q.","2008-03-01T00:00:00.000+0000",NA,"285",NA,"Gomes Júnior, J.C.; Faria, J.E.Q.",2008,3,1,"Brazil","Goiás","Anápolis","Campus UEG",0,0,"Árvore de ca. de 3 m; frutos imaturos verde pilosos, cinco lobos calicínios persistentes.; Mata de galeria do córrego barreiro","BRA:UEG-UNUCET:HUEG:0000005240",NA,"Psidium rufum Mart. ex DC."
"20",NA,"UEG-UNUCET","HUEG","5237","Psidium rufum Mart. ex DC.",NA,"Myrtaceae","Psidium","rufum",NA,"Mart. ex DC.","Salino, A.; Faria Júnior, J.E.Q.","2008-03-01T00:00:00.000+0000",NA,"285",NA,"Gomes Júnior, J.C.; Faria, J.E.Q.",2008,3,1,"Brazil","Goiás","Anápolis","Campus UEG",0,0,"Árvore de ca. de 3 m; frutos imaturos verde pilosos, cinco lobos calicínios persistentes.; Mata de galeria do córrego barreiro","BRA:UEG-UNUCET:HUEG:0000005237",NA,"Psidium rufum Mart. ex DC."
"21",NA,"UnB","UB","110515","Psidium rufum Mart. ex DC.",NA,"Myrtaceae","Psidium","rufum",NA,"Mart. ex DC.","Faria, JEQ",NA,NA,"285",NA,"Faria, JEQ",2008,3,1,"Brazil","Goiás","Anápolis","Reserva do Campus da Universidade Estadual de Goiás",0,0,"Frutos imaturos verde pilosos, 5 lobos do cálice persistentes.; Árvore 3m; Mata de galeria.","BRA:UnB:UB:0000110515",NA,"Psidium rufum Mart. ex DC."
"22",NA,"UFU","HUFU","48105","Psidium rufum var. widgrenianum (O.Berg) Proença",NA,"Myrtaceae","Psidium","rufum","widgrenianum","var. widgrenianum (O.Berg) Proença","Arantes, A.A.","2007-07-01T00:00:00.000+0000",NA,"s.n.",NA,"Oliveira, T.G.; Barbosa, A.A.A. & Guido, L.E.",2007,3,6,"Brazil","Minas Gerais","Uberlândia","Distrito de Tapuirama, Fazenda Capitão.",0,0,"Árvore.","BRA:UFU:HUFU:0000048105",NA,"Psidium rufum var. widgrenianum (O.Berg) Proença"
"23",NA,"Universidade Federal de Minas Gerais (UFMG)","BHCB","117444","Psidium rufum Mart. ex DC.",NA,"Myrtaceae","Psidium","rufum",NA,"Mart. ex DC.",NA,NA,NA,"2107",NA,"Rezende, SG; Rezende, EG",2007,5,30,"Brazil","Minas Gerais","Itabirito","Sítio Lagartixa.",0,0,"Hábitat: Floresta Estacional Semidecidual Montana transição com áreas campestres; Habito: herbáceo","BRA:UFMG:BHCB:0000117444",NA,"Psidium rufum Mart. ex DC."
"24",NA,"Universidade Federal de Minas Gerais (UFMG)","BHCB","135824","Psidium rufum Mart. ex DC.",NA,"Myrtaceae","Psidium","rufum",NA,"Mart. ex DC.",NA,NA,NA,"6304",NA,"Silva, MA d; Silva Júnior, AO; Xavier, CA; Xavier, T",2007,12,31,"Brazil","Minas Gerais","Lagoa Formosa","Fazenda Babilônia., 10 Km do povoado Campo do Meio. Fazenda Babilônia. Proprietário: Osmar Antônio da Silva Júnior.",0,0,"V egetação: floresta estacional encaixada, alterada. Arvoreta ca. 3,5 m altura. Frutos imaturos pilosos verde-claros. Folhas discolores verdes.","BRA:UFMG:BHCB:0000135824",NA,"Psidium rufum Mart. ex DC."
"25",NA,"UDESC","LUSC","8824","Psidium rufum Mart. ex DC.",NA,"Myrtaceae","Psidium","rufum",NA,"Mart. ex DC.","Mazine, F.F.","1905-06-29T00:00:00.000+0000",NA,"450",NA,"Lucas; E.J.; et al.",2006,11,17,"Brazil","São Paulo","Cunha","Estrada ente Campos Novos e a localidade de Sete Cabeças.",NA,NA,NA,"BRA:UDESC:LUSC:0000008824",NA,"Psidium rufum Mart. ex DC."
"26",NA,"Instituto de Botânica, IBT","SP","473857","Psidium rufum Mart. ex DC.",NA,"Myrtaceae","Psidium","rufum",NA,"Mart. ex DC.","Proença, C","2010-10-01T00:00:00.000+0000",NA,"450",NA,"Lucas, EJ; Mazine, FF; Brummitt, NA; Caliari, CP; Flores, TB; Jennings, LVS; Souza, RPM; S",2006,11,17,"Brazil","São Paulo","Cunha","Distrito de Campos Novos, estrada entre Campos Novos e a localidade de Sete Cabeças",-44.4582,-22.5565,NA,"BRA:IBt:SP:0000473857",NA,"Psidium rufum Mart. ex DC."
"27",NA,"UnB","UB","168910","Psidium rufum Mart. ex DC.",NA,"Myrtaceae","Psidium","rufum",NA,"Mart. ex DC.",NA,NA,NA,"450",NA,"Lucas, EJ; Mazine-Capelo, FF; Brummitt, NA; Caliari, CP; Flores, TB; Jennings, LVS; Souza",2006,11,17,"Brazil","São Paulo","Cunha","Distrito de Campos Novos, estrada entre Campos Novos e a localidade de Sete Cabeças.",-44.772778,-22.934722,"Árvore de cerca de 6m de altura; botões creme; frutos imaturos verde.; Floresta ombrófila densa, alto-montana.","BRA:UnB:UB:0000168910",NA,"Psidium rufum Mart. ex DC."
"28",NA,"UnB","UB","152735","Psidium rufum Mart. ex DC.",NA,"Myrtaceae","Psidium","rufum",NA,"Mart. ex DC.","Faria, JEQ","2006-11-22T00:00:00.000+0000",NA,"88",NA,"Faria, JEQ",2006,11,22,"Brazil","Goiás","Anápolis","Campus da Universidade Estadual de Goiás",0,0,"Folhas, flores e caules jovens baastante pilosos, flor aberta com 56 lobos calicínios, hipâncio não prolongado acima do nível de inserção do estilete.; Arvoreta de 2,3m de altura.; Mata seca","BRA:UnB:UB:0000152735",NA,"Psidium rufum Mart. ex DC."
"29","2014-07-07T19:19:19.000+0000","JBRJ","RB","RB00577763","Psidium rufum Mart. ex DC.",NA,"Myrtaceae","Psidium","rufum",NA,"Mart. ex DC.","C. Proença",NA,NA,"450",NA,"E.J. Lucas; et.al",2006,11,17,"Brazil","São Paulo","Cunha","Distrito de Campos Novos, estrada entre Campos Novos e a localidade de Ste Cabeças.",-44.772778,-22.934722,"Árvore de 6 m  de altura, botões creme, frutos imaturos verdes.","urn:catalog:JBRJ:RB:577763",NA,"Psidium rufum Mart. ex DC."
"30",NA,"USP","SPF","187459","Psidium rufum Mart. ex DC.",NA,"Myrtaceae","Psidium","rufum",NA,"Mart. ex DC.","Tuler, AC","2015-10-29T00:00:00.000+0000",NA,"105",NA,"Santos, MF",2006,12,10,"Brazil","Minas Gerais","Morro do Pilar",NA,0,0,NA,"BRA:USP:SPF:0000187459",NA,"Psidium rufum Mart. ex DC."
"31",NA,"UEG-UNUCET","HUEG","4539","Psidium rufum Mart. ex DC.",NA,"Myrtaceae","Psidium","rufum",NA,"Mart. ex DC.","Jacques, E.L.; Faria Júnior, J.E.Q.","2007-07-16T00:00:00.000+0000",NA,"194",NA,"Gomes Júnior, J.C.; Faria, J.E.Q.",2005,12,20,"Brazil","Goiás","Anápolis","Campus UEG",0,0,"Árvore + ou - 5m flor branca pentâmera, odor característico de Myrtaceae, caule coberto por briófitas, botões esverdeados, frutos jovens com 5 lobos calicínios persistentes.; Mata seca próximo à nascente","BRA:UEG-UNUCET:HUEG:0000004539",NA,"Psidium rufum Mart. ex DC."
"32",NA,"UEG-UNUCET","HUEG","4535","Psidium rufum Mart. ex DC.",NA,"Myrtaceae","Psidium","rufum",NA,"Mart. ex DC.","Jacques, E.L.; Faria Júnior, J.E.Q.","2007-07-16T00:00:00.000+0000",NA,"194",NA,"Gomes Júnior, J.C.; Faria, J.E.Q.",2005,12,20,"Brazil","Goiás","Anápolis","Campus UEG",0,0,"Árvore + ou - 5m flor branca pentâmera, odor característico de Myrtaceae, caule coberto por briófitas, botões esverdeados, frutos jovens com 5 lobos calicínios persistentes.; Mata seca próximo à nascente","BRA:UEG-UNUCET:HUEG:0000004535",NA,"Psidium rufum Mart. ex DC."
"33",NA,"UEG-UNUCET","HUEG","4537","Psidium rufum Mart. ex DC.",NA,"Myrtaceae","Psidium","rufum",NA,"Mart. ex DC.","Novelino, R.F.; Faria Júnior, J.E.Q.","2007-07-16T00:00:00.000+0000",NA,"194",NA,"Gomes Júnior, J.C.; Faria, J.E.Q.",2005,12,20,"Brazil","Goiás","Anápolis","Campus UEG",0,0,"Árvore + ou - 5m flor branca pentâmera, odor característico de Myrtaceae, caule coberto por briófitas, botões esverdeados, frutos jovens com 5 lobos calicínios persistentes.; Mata seca próximo à nascente","BRA:UEG-UNUCET:HUEG:0000004537",NA,"Psidium rufum Mart. ex DC."
"34",NA,"UnB","UB","31067","Psidium rufum Mart. ex DC.",NA,"Myrtaceae","Psidium","rufum",NA,"Mart. ex DC.","Proença, CEB",NA,NA,"194",NA,"Faria, JEQ",2005,12,20,"Brazil","Goiás","Anápolis","Campus UEG",0,0,"Flor branca pentâmera, odor característico de Myrtaceae; caule coberto por briófitas; botões esverdeados; frutos jovens com lobos calicínios persistentes.; .","BRA:UnB:UB:0000031067",NA,"Psidium rufum Mart. ex DC."
"35",NA,"UEG-UNUCET","HUEG","4626","Psidium rufum Mart. ex DC.",NA,"Myrtaceae","Psidium","rufum",NA,"Mart. ex DC.","Gonçalves, E.G.; Proença, C.","2007-03-01T00:00:00.000+0000",NA,"s.n.",NA,"Cordeiro, I.; Faria, J.E.Q.",2005,12,20,"Brazil","Goiás","Anápolis","Campus UEG",0,0,"Árvore (+ ou - 5m); flor branca pentâmera, odor característico de myrtaceaes; caule coberto por briófitas; botões esverdeados; frutos jovens com 5 lobos calicínios persistentes.; Mata seca, próximo à nascente","BRA:UEG-UNUCET:HUEG:0000004626",NA,"Psidium rufum Mart. ex DC."
"36",NA,"UEG-UNUCET","HUEG","4538","Psidium rufum Mart. ex DC.",NA,"Myrtaceae","Psidium","rufum",NA,"Mart. ex DC.","Ratter, J.A.; Faria Júnior, J.E.Q.","2007-07-16T00:00:00.000+0000",NA,"194",NA,"Gomes Júnior, J.C.; Faria, J.E.Q.",2005,12,20,"Brazil","Goiás","Anápolis","Campus UEG",0,0,"Árvore + ou - 5m flor branca pentâmera, odor característico de Myrtaceae, caule coberto por briófitas, botões esverdeados, frutos jovens com 5 lobos calicínios persistentes.; Mata seca próximo à nascente","BRA:UEG-UNUCET:HUEG:0000004538",NA,"Psidium rufum Mart. ex DC."
"37",NA,"UNICAMP","UEC","158676","Psidium rufum Mart. ex DC.",NA,"Myrtaceae","Psidium","rufum",NA,"Mart. ex DC.","Yamamoto, L.F.",NA,NA,"1665",NA,"Yamamoto, L.F.",2004,12,2,"Brazil","Minas Gerais","Extrema","Serra do Lopo",0,0,"Subarbusto. Fruto verde.; Campo de altitude.","BRA:UNICAMP:UEC:0000158676",NA,"Psidium rufum Mart. ex DC."
"38",NA,"ASU","ASUPlants","242090","Psidium rufum Mart. ex DC.",NA,"Myrtaceae","Psidium","rufum",NA,"Mart. ex DC.",NA,NA,NA,NA,NA,"Stehmann et al",2002,3,6,"Brazil","Minas Gerais",NA,"Mata da Uniao Nacional Civis",NA,NA,NA,NA,NA,"Psidium rufum Mart. ex DC."
"39",NA,"MBM","MBM","275610","Psidium cupreum O.Berg",NA,"Myrtaceae","Psidium","cupreum",NA,"O.Berg","Sobral, M",NA,NA,"2179",NA,"Forzza, RC; et al.",2002,4,20,"Brazil","Minas Gerais","Descoberto","Reserva Biológica da Represa do Grama",0,0,NA,"BRA:MBM:MBM:0000275610",NA,"Psidium cupreum O.Berg"
"40",NA,"ASU","ASUPlants","242092","Psidium rufum Mart. ex DC.",NA,"Myrtaceae","Psidium","rufum",NA,"Mart. ex DC.",NA,NA,NA,NA,NA,"Valente et al.",2002,5,18,"Brazil","Minas Gerais",NA,"Conceicao do Ibitipoca. Estrada para Moreiras.",NA,NA,NA,NA,NA,"Psidium rufum Mart. ex DC."
"41","2015-10-19T09:29:50.000+0000","JBRJ","RB","RB00316521","Psidium rufum Mart. ex DC.",NA,"Myrtaceae","Psidium","rufum",NA,"Mart. ex DC.","TULER, A.C.","2015-10-15T00:00:00.000+0000",NA,"36",NA,"A. V. Lopes; B. K. S. Franco & P. C. L. Farias",2002,5,18,"Brazil","Minas Gerais","Descoberto","Reserva Biológica do Grama. Reserva Biológica do Grama",NA,NA,"Frutos verdes imaturos na trilha da estrada.","urn:catalog:JBRJ:RB:316521",NA,"Psidium rufum Mart. ex DC."
"42",NA,"UNICAMP","UEC","158678","Psidium rufum Mart. ex DC.",NA,"Myrtaceae","Psidium","rufum",NA,"Mart. ex DC.","Yamamoto, L.F.",NA,NA,"552",NA,"Yamamoto, L.F.",2002,8,22,"Brazil","Minas Gerais","Extrema","Serra do Lopo, Estrada da Serra do Lopo. Borda da estrada.",0,0,"3m.","BRA:UNICAMP:UEC:0000158678",NA,"Psidium rufum Mart. ex DC."
"43",NA,"USP","SPF","156769","Psidium rufum Mart. ex DC.",NA,"Myrtaceae","Psidium","rufum",NA,"Mart. ex DC.","Anônimo",NA,NA,"3381",NA,"Stehmann, JR",2002,9,26,"Brazil","Minas Gerais","Santa Bárbara","Estação Ambiental de Peti",0,0,NA,"BRA:USP:SPF:0000156769",NA,"Psidium rufum Mart. ex DC."
"44",NA,"USP","SPF","219495","Psidium pilosum Vell.",NA,"Myrtaceae","Psidium","pilosum",NA,"Vell.","Anônimo",NA,NA,"3021",NA,"Bernacci, LC",2001,1,11,"Brazil","São Paulo","Cotia","Caucaia do Alto",0,0,NA,"BRA:USP:SPF:0000219495",NA,"Psidium pilosum Vell."
"45",NA,"Universidade Federal de Juiz de Fora (UFJF)","CESJ","35133","Psidium rufum Mart. ex DC.",NA,"Myrtaceae","Psidium","rufum",NA,"Mart. ex DC.",NA,"2012-01-01T00:00:00.000+0000",NA,"157",NA,"D.S. Pifano; R.M. Castro; M.O.D. Pivari",2001,11,28,"Brazil","Minas Gerais","Juiz de Fora","Morro do Imperador",0,0,"Arvoreta ca. 3 m, na borda da mata em local de capoeira. Botões brancos.","BRA:UFJF:CESJ:0000035133",NA,"Psidium rufum Mart. ex DC."
"46",NA,"Jardim Botânico de Brasília (JBB)","HEPH","17067","Psidium rufum Mart. ex DC.",NA,"Myrtaceae","Psidium","rufum",NA,"Mart. ex DC.","Nóbrega, MGG","2001-01-01T00:00:00.000+0000",NA,"1447",NA,"Nóbrega, MGG; Jesus, FPR de",2001,11,1,"Brazil","Distrito Federal","Brasília","Condomínio Mansões Park Brasília lotes 43/44",0,0,"Relevo inclinado com mais ou menos 5% de inclinacao.; Arvore; Flor Branca; Frutos imaturos de cor verde; Mata seca","BRA:JBB:HEPH:0000017067",NA,"Psidium rufum Mart. ex DC."
"47",NA,"Universidade Federal de Minas Gerais (UFMG)","BHCB","63696","Psidium rufum Mart. ex DC.",NA,"Myrtaceae","Psidium","rufum",NA,"Mart. ex DC.",NA,NA,NA,"157",NA,"Pifano, DS",2001,11,18,"Brazil","Minas Gerais","Juiz de Fora",NA,0,0,NA,"BRA:UFMG:BHCB:0000063696",NA,"Psidium rufum Mart. ex DC."
"48",NA,"UNICAMP","UEC","124924","Psidium cupreum O.Berg",NA,"Myrtaceae","Psidium","cupreum",NA,"O.Berg","Sobral, M.","2004-01-01T00:00:00.000+0000",NA,"221",NA,"Pifano, D.S.; Castro, R.M.",2001,12,2,"Brazil","Minas Gerais","Descoberto","Reserva Biológica da Represa do Grama",0,0,"Arvoreta ca 5 m no interior da mata e em local de clareira. Botões alvos.","BRA:UNICAMP:UEC:0000124924",NA,"Psidium cupreum O.Berg"
"49",NA,"Universidade Federal de Juiz de Fora (UFJF)","CESJ","35696","Psidium rufum Mart. ex DC.",NA,"Myrtaceae","Psidium","rufum",NA,"Mart. ex DC.",NA,"2012-01-01T00:00:00.000+0000",NA,"221",NA,"D.S. Pifano; R.M. Castro",2001,12,2,"Brazil","Minas Gerais","Descoberto","Reserva Biológica da Represa do Grama",0,0,"Arvoreta ca. 5 m no interior da mata e em local de clareira. Botões alvos.","BRA:UFJF:CESJ:0000035696",NA,"Psidium rufum Mart. ex DC."
"50",NA,"Universidade Federal de Juiz de Fora (UFJF)","CESJ","31381","Psidium rufum Mart. ex DC.",NA,"Myrtaceae","Psidium","rufum",NA,"Mart. ex DC.",NA,"2012-01-01T00:00:00.000+0000",NA,"s.n.",NA,"P.C. Zampa",2000,8,8,"Brazil","Minas Gerais","Descoberto","Reserva Biológica da Represa do Grama",0,0,"Árvore, 6 m, frutos verdes, beira da trilha.","BRA:UFJF:CESJ:0000031381",NA,"Psidium rufum Mart. ex DC."
"51","2017-10-18T11:37:53.000+0000","JBRJ","RB","RB00317038","Psidium rufum Mart. ex DC.",NA,"Myrtaceae","Psidium","rufum",NA,"Mart. ex DC.","M.C.Souza","2003-01-30T00:00:00.000+0000",NA,"228",NA,"E.M.Nic Lughadha; R.Mello-Silva",1999,2,25,"Brazil","Minas Gerais","Rio Preto","16 Km da praça central de Rio Preto, na entrada para o Rio Funil. Localidade de São Gabriel, próximo a ponte do riacho São Gabriel. Sopés da Serra Negra (divisa com Lima Duarte).",-43.863889,-22.008333,"Árvore até 3m de altura. Folhas com indumento ferrugíneos. Fruto imaturo verde. Obs: Localidade da coleta de Saint-Hilaire em 8 e 11 Fevereiro de 1822.","urn:catalog:JBRJ:RB:317038",NA,"Psidium rufum Mart. ex DC."
"52",NA,"USP","SPF","141367","Psidium rufum Mart. ex DC.",NA,"Myrtaceae","Psidium","rufum",NA,"Mart. ex DC.","Proença, C","2010-01-01T00:00:00.000+0000",NA,"228",NA,"Nic Lughadha, E",1999,2,25,"Brazil","Minas Gerais","Rio Preto",NA,-43.863889,-22.008333,NA,"BRA:USP:SPF:0000141367",NA,"Psidium rufum Mart. ex DC."
"53",NA,"ASU","ASUPlants","257238","Psidium rufum Mart. ex DC.",NA,"Myrtaceae","Psidium","rufum",NA,"Mart. ex DC.",NA,NA,NA,NA,NA,"Nascimento",1999,3,23,"Brazil","Bahia",NA,"Rio de Contas. Trilha Catoles-Caiambola, area de regeneracao na borda da mata do pico do Itobira.",NA,NA,NA,NA,NA,"Psidium rufum Mart. ex DC."
"54",NA,"MBM","MBM","222071","Psidium rufum Mart. ex DC.",NA,"Myrtaceae","Psidium","rufum",NA,"Mart. ex DC.","Kawasaki, ML",NA,NA,"1065",NA,"Kawasaki, ML; et al.",1998,3,19,"Brazil","Minas Gerais","Ouro Preto","Camarinhas",0,0,NA,"BRA:MBM:MBM:0000222071",NA,"Psidium rufum Mart. ex DC."
"55",NA,"Instituto de Botânica, IBT","SP","335831","Psidium rufum Mart. ex DC.",NA,"Myrtaceae","Psidium","rufum",NA,"Mart. ex DC.","Kawasaki, ML","1999-01-01T00:00:00.000+0000",NA,"6660",NA,"Carvalho, AMV; et al.",1998,8,29,"Brazil","Bahia","Rio de Contas","Pico do Itubira, campo rupestre e mata ciliar., ca. 31km SW da cidade, caminho para Mato Grosso.",-41.896944,-13.388889,"Arvoreta ca. 2,5m alt., folhas verdes a face superior brilhante. Fruos imaturos marrons.","BRA:IBt:SP:0000335831",NA,"Psidium rufum Mart. ex DC."
"56",NA,"MBM","MBM","299280","Psidium rufum Mart. ex DC.",NA,"Myrtaceae","Psidium","rufum",NA,"Mart. ex DC.","Kawasaki, ML",NA,NA,"2346",NA,"Tameirão Neto, E",1997,3,20,"Brazil","Minas Gerais","Nova Ponte","Nova Ponte",0,0,NA,"BRA:MBM:MBM:0000299280",NA,"Psidium rufum Mart. ex DC."
"57",NA,"Universidade Federal da Bahia (UFBA)","ALCB","045736","Psidium widgrenianum Berg",NA,"Myrtaceae","Psidium","widgrenianum",NA,"Berg","Guedes, ML","1997-11-01T00:00:00.000+0000",NA,"966",NA,"Fonseca, MR",1997,11,2,"Brazil","Bahia","Ibicoara","Chapada Diamantina, Barragem Integral. Distrito de Cascavel",-41.433333,-13.316667,"de ca. 5 m.Ramos tomentosos com pêlos rufos. Folhas coriáceas. Frutos imaturos verdes com sépalas persistentes, pilosas. Rara.; margem esquerda do Rio Riachão. Comum.","BRA:UFBA:ALCB:0000045736",NA,"Psidium widgrenianum Berg"
"58",NA,"MBM","MBM","218037","Psidium rufum Mart. ex DC.",NA,"Myrtaceae","Psidium","rufum",NA,"Mart. ex DC.","Kawasaki, ML",NA,NA,"67410",NA,"Hatschbach, G; Hatschbach, M; Barbosa, E",1997,11,22,"Brazil","Minas Gerais","Serra Azul de Minas","Rodovia Serra Azul de Minas para Rio Vermelho, Rod. BR-259",0,0,NA,"BRA:MBM:MBM:0000218037",NA,"Psidium rufum Mart. ex DC."
"59",NA,"Universidade Federal de Santa Catarina (UFSC)","FLOR","36983","Psidium rufum Mart. ex DC.",NA,"Myrtaceae","Psidium","rufum",NA,"Mart. ex DC.",NA,NA,NA,"67410",NA,"Hatschbach, G.",1997,11,22,"Brazil","Minas Gerais","Serra Azul de Minas","Rodovia Serra Azul de Minas para Rio Vermelho, Rod. BR-259.",NA,NA,"arvoreta, flor alva, 3m altura","BRA:UFSC:FLOR:0000036983",NA,"Psidium rufum Mart. ex DC."
"60","2014-07-22T12:57:14.000+0000","JBRJ","RB","RB00317000","Psidium rufum Mart. ex DC.",NA,"Myrtaceae","Psidium","rufum",NA,"Mart. ex DC.","M.Sobral","2005-01-01T00:00:00.000+0000",NA,"2254",NA,"Moacir Barbosa",1995,3,28,"Brazil","Minas Gerais","Ritápolis","Subida do antigo campo de futebol - Eflex de Ritápolis.",NA,NA,"Árvore média de casca esverdeada, lisa, frutos médios e redondos.","urn:catalog:JBRJ:RB:317000",NA,"Psidium rufum Mart. ex DC."
"61",NA,"FUNED","FUNED-POL","2106","Campomanesia regeliana (O.Berg) Kiaersk.",NA,"Myrtaceae","Psidium","regeliana",NA,"(O.Berg) Kiaersk.",NA,NA,NA,NA,NA,"Esther Bastos",1995,10,6,"Brazil","Mg","Santana do Riacho","Alto do Palacio",-43.509722,-19.246944,NA,"BRA:FUNED:FUNED-POL:0000002106",NA,"Campomanesia regeliana (O.Berg) Kiaersk."
"62",NA,"Escola Superior de Agricultura Luiz de Queiroz, ESALQ","ESA","ESA019397","Psidium rufum Mart. ex DC.",NA,"Myrtaceae","Psidium","rufum",NA,"Mart. ex DC.","Kawasaki, M.L.",NA,NA,"2151",NA,"Barreto, K.D. et al.",1994,3,15,"Brazil","São Paulo","Cabreúva",NA,NA,NA,NA,"BRA:ESALQ:ESA:0ESA019397",NA,"Psidium rufum Mart. ex DC."
"63",NA,"Instituto de Botânica, IBT","SP","347649","Psidium rufum Mart. ex DC.",NA,"Myrtaceae","Psidium","rufum",NA,"Mart. ex DC.","Kawasaki, ML","1997-01-01T00:00:00.000+0000",NA,"373",NA,"Bernacci, LC; et al.",1994,6,15,"Brazil","São Paulo","Monte Alegre do Sul","Região montanhosa",0,0,"Árvore 5m alt., frutos maduros 3cm diametro, avermelhados","BRA:IBt:SP:0000347649",NA,"Psidium rufum Mart. ex DC."
"64",NA,"UNICAMP","UEC","84328","Psidium rufum Mart. ex DC.",NA,"Myrtaceae","Psidium","rufum",NA,"Mart. ex DC.","Arantes, A. .A.","1997-01-01T00:00:00.000+0000",NA,"374",NA,"Leite, E.C.; Oliveira, A.",1994,6,10,"Brazil","São Paulo","São Roque","Mata da Câmara",-47.1125,-23.523889,"Frutos maduros vermelho-arroxeados, arvoreta; Mata mesófila semidecídua","BRA:UNICAMP:UEC:0000084328",NA,"Psidium rufum Mart. ex DC."
"65",NA,"Universidade Federal do Ceará, UFC","EAC","22622","Psidium rufum Mart. ex DC.",NA,"Myrtaceae","Psidium","rufum",NA,"Mart. ex DC.","Kawasaki, L.","1996-10-31T00:00:00.000+0000",NA,"928",NA,"Araújo, F.S.",1994,8,26,"Brazil","Ceará","Ubajara","Jaburuna/Sul, Pl. da Ibiapaba",0,0,"Arbusto.; Carrasco","BRA:UFC:EAC:0000022622",NA,"Psidium rufum Mart. ex DC."
"66",NA,"Instituto de Botânica, IBT","SP","330679","Psidium rufum Mart. ex DC.",NA,"Myrtaceae","Psidium","rufum",NA,"Mart. ex DC.","Kawasaki, ML","1997-01-01T00:00:00.000+0000",NA,"s.n.",NA,"Tameirão Neto, E; Werneck, MS",1994,9,25,"Brazil","Minas Gerais","Perdizes","Mata da Aparecida, indiv. 4652, folhas velhas coletadas em 26.08.1994, Unidade de Consevação do Galheiro, CEMIG. Floresta semidecídua.&nf;BHCB 25838",0,0,"Arbóreo.&nf;BHCB 25838","BRA:IBt:SP:0000330679",NA,"Psidium rufum Mart. ex DC."
"67",NA,"Instituto de Botânica, IBT","SP","330652","Psidium rufum Mart. ex DC.",NA,"Myrtaceae","Psidium","rufum",NA,"Mart. ex DC.","Kawasaki, ML","1997-01-01T00:00:00.000+0000",NA,"s.n.",NA,"Tameirão Neto, E; Werneck, MS",1994,11,22,"Brazil","Minas Gerais","Perdizes","Mata da Zilda, Unidade de Consevação do Galheiro, CEMIG, Florsta semidecídua.",0,0,"Arbóreo.&nf;BHCB 25843","BRA:IBt:SP:0000330652",NA,"Psidium rufum Mart. ex DC."
"68",NA,"UFU","HUFU","14630","Psidium rufum Mart. ex DC.",NA,"Myrtaceae","Psidium","rufum",NA,"Mart. ex DC.","Arantes, A.A.","1998-02-03T00:00:00.000+0000",NA,"1577",NA,"Mota, A.L.P.",1993,3,22,"Brazil","Minas Gerais","Araguari","Vale do Rio Araguari, Triangulo Mineiro. Área 4.",0,0,"Arbusto com frutos imaturos verdes.; Cerrado.","BRA:UFU:HUFU:0000014630",NA,"Psidium rufum Mart. ex DC."
"69",NA,"UEM","HUEM","6066","Psidium rufum Mart. ex DC.",NA,"Myrtaceae","Psidium","rufum",NA,"Mart. ex DC.","Sobral, M.","2009-08-01T00:00:00.000+0000",NA,"356",NA,"Barreto, K.D.; Fernandes, G.D.; Vitti, F.X.",1993,4,28,"Brazil","São Paulo","Piracicaba","Mata da Fazenda Pinhal, Estrada Piracicaba-Limeira. Borda de mata. Mata mesofila semidecídua",0,0,"Árvore; 4,5m de alt.; fruto imaturo verde; sádia; tronco escamoso; em látex","BRA:UEM:HUEM:0000006066",NA,"Psidium rufum Mart. ex DC."
"70",NA,"Escola Superior de Agricultura Luiz de Queiroz, ESALQ","ESA","ESA014434","Psidium rufum Mart. ex DC.",NA,"Myrtaceae","Psidium","rufum",NA,"Mart. ex DC.","Kawasaki, M.L.",NA,NA,"1455",NA,"Barreto, K.D. et al.",1993,9,19,"Brazil","São Paulo","Corumbataí",NA,NA,NA,NA,"BRA:ESALQ:ESA:0ESA014434",NA,"Psidium rufum Mart. ex DC."
"71",NA,"Universidade Federal de Minas Gerais (UFMG)","BHCB","20840","Psidium rufum Mart. ex DC.",NA,"Myrtaceae","Psidium","rufum",NA,"Mart. ex DC.",NA,NA,NA,"s.n.",NA,"Stehmann, JR; Arantes, AA",1992,10,31,"Brazil","Minas Gerais","Marliéria","Parque Estadual do Rio Doce",0,0,NA,"BRA:UFMG:BHCB:0000020840",NA,"Psidium rufum Mart. ex DC."
"72",NA,"Universidade Federal de Minas Gerais (UFMG)","BHCB","23241","Psidium rufum Mart. ex DC.",NA,"Myrtaceae","Psidium","rufum",NA,"Mart. ex DC.",NA,NA,NA,"s.n.",NA,"Bacariça, EM",1991,2,5,"Brazil","Minas Gerais","Belo Horizonte","Estação Ecológica da UFMG",0,0,NA,"BRA:UFMG:BHCB:0000023241",NA,"Psidium rufum Mart. ex DC."
"73",NA,"Universidade Federal de Minas Gerais (UFMG)","BHCB","19437","Psidium rufum Mart. ex DC.",NA,"Myrtaceae","Psidium","rufum",NA,"Mart. ex DC.",NA,NA,NA,"s.n.",NA,"Braga, PIS; Stehmann, JR",1991,11,24,"Brazil","Minas Gerais","Caratinga",NA,0,0,NA,"BRA:UFMG:BHCB:0000019437",NA,"Psidium rufum Mart. ex DC."
"74",NA,"Instituto de Botânica, IBT","SP","333552","Psidium rufum Mart. ex DC.",NA,"Myrtaceae","Psidium","rufum",NA,"Mart. ex DC.","Kawasaki, ML","1999-01-01T00:00:00.000+0000",NA,"s.n.",NA,"Braga, PIS; Stehmann, JR",1991,11,22,"Brazil","Minas Gerais","Caratinga","Mata secundária, Fazenda MacedOnea-Cenibra, Ipaba, Trilha do Triângulo.",0,0,"Arvoreta.&nf;BHCB 19437","BRA:IBt:SP:0000333552",NA,"Psidium rufum Mart. ex DC."
"75",NA,"Instituto de Botânica, IBT","SP","308324","Psidium rufum Mart. ex DC.",NA,"Myrtaceae","Psidium","rufum",NA,"Mart. ex DC.","Kawasaki, ML",NA,NA,"274",NA,"Tameirão Neto, E",1990,11,21,"Brazil","Minas Gerais","Belo Horizonte","Cerrado. 1ºEstação de coleta, flores sem pétalas e estames e com frutos novos. Folhas com cheiro de jambo.",0,0,"Arbóreo 4m alt..&nf;BHCB 23242","BRA:IBt:SP:0000308324",NA,"Psidium rufum Mart. ex DC."
"76",NA,"Universidade Federal de Minas Gerais (UFMG)","BHCB","19950","Psidium rufum Mart. ex DC.",NA,"Myrtaceae","Psidium","rufum",NA,"Mart. ex DC.",NA,NA,NA,"s.n.",NA,"Andrade, PM de",1990,NA,NA,"Brazil","Minas Gerais","Nova Lima","Reserva Biológica do Jambreiro",0,0,NA,"BRA:UFMG:BHCB:0000019950",NA,"Psidium rufum Mart. ex DC."
"77",NA,"Escola Superior de Agricultura Luiz de Queiroz, ESALQ","ESA","ESA010205","Psidium rufum Mart. ex DC.",NA,"Myrtaceae","Psidium","rufum",NA,"Mart. ex DC.","Kawasaki, M.L.",NA,NA,"101",NA,"Salis, S.M.",1989,10,5,"Brazil","São Paulo","Brotas",NA,NA,NA,NA,"BRA:ESALQ:ESA:0ESA010205",NA,"Psidium rufum Mart. ex DC."
"78",NA,"UFU","HUFU","2461","Psidium rufum Mart. ex DC.",NA,"Myrtaceae","Psidium","rufum",NA,"Mart. ex DC.",NA,NA,NA,"592",NA,"Araújo, G.M.",1989,11,2,"Brazil","Minas Gerais","Uberlândia","Fazenda do Glória",0,0,"Árvore, ca. 4,5 m.; Mata mesofitica.","BRA:UFU:HUFU:0000002461",NA,"Psidium rufum Mart. ex DC."
"79",NA,"ASU","ASUPlants","173233","Psidium rufum Mart. ex DC.",NA,"Myrtaceae","Psidium","rufum",NA,"Mart. ex DC.",NA,NA,NA,NA,NA,"Harley et al.",1988,11,3,"Brazil","Bahia",NA,"Rio de Contas, Pico das Almas, Campo do Queiroz.",NA,NA,NA,NA,NA,"Psidium rufum Mart. ex DC."
"80",NA,"ASU","ASUPlants","172225","Psidium rufum Mart. ex DC.",NA,"Myrtaceae","Psidium","rufum",NA,"Mart. ex DC.",NA,NA,NA,NA,NA,"Harley & Stannard",1988,11,29,"Brazil","Bahia",NA,"Rio de Contas, Pico das Almas, vale acima da. Faz. Silvina",NA,NA,NA,NA,NA,"Psidium rufum Mart. ex DC."
"81",NA,"ASU","ASUPlants","260300","Psidium rufum Mart. ex DC.",NA,"Myrtaceae","Psidium","rufum",NA,"Mart. ex DC.",NA,NA,NA,NA,NA,"R. M. Harley et al",1988,11,3,"Brazil","Bahia",NA,"Pico das Almas. Vertente leste. Campo do Queiroz",NA,NA,NA,NA,NA,"Psidium rufum Mart. ex DC."
"82",NA,"MBM","MBM","167613","Psidium rufum Mart. ex DC.",NA,"Myrtaceae","Psidium","rufum",NA,"Mart. ex DC.","Nic Lughadha, E",NA,NA,"25891",NA,"Harley, RM; et al.",1988,11,3,"Brazil","Bahia","Rio de Contas","Campo do Queiroz, Pico das Almas",0,0,NA,"BRA:MBM:MBM:0000167613",NA,"Psidium rufum Mart. ex DC."
"83",NA,"ASU","ASUPlants","173259","Psidium rufum Mart. ex DC.",NA,"Myrtaceae","Psidium","rufum",NA,"Mart. ex DC.",NA,NA,NA,NA,NA,"Harley",1988,11,26,"Brazil","Bahia",NA,"Pico das Almas. No fundo do vale ao NW do Pico.",NA,NA,NA,NA,NA,"Psidium rufum Mart. ex DC."
"84",NA,"USP","SPF","79039","Psidium rufum Mart. ex DC.",NA,"Myrtaceae","Psidium","rufum",NA,"Mart. ex DC.","Nic Lughadha, E","1992-01-01T00:00:00.000+0000",NA,"26676",NA,"Harley, RM",1988,11,29,"Brazil","Bahia","Rio de Contas","Pico das Almas",-41.966667,-13.516667,NA,"BRA:USP:SPF:0000079039",NA,"Psidium rufum Mart. ex DC."
"85",NA,"USP","SPF","79068","Psidium rufum Mart. ex DC.",NA,"Myrtaceae","Psidium","rufum",NA,"Mart. ex DC.","Nic Lughadha, E","1992-01-01T00:00:00.000+0000",NA,"26373",NA,"Harley, RM",1988,11,11,"Brazil","Bahia","Rio de Contas","Pico das Almas",-41.95,-13.533333,NA,"BRA:USP:SPF:0000079068",NA,"Psidium rufum Mart. ex DC."
"86",NA,"ASU","ASUPlants","173234","Psidium rufum Mart. ex DC.",NA,"Myrtaceae","Psidium","rufum",NA,"Mart. ex DC.",NA,NA,NA,NA,NA,"Harley et al.",1988,11,11,"Brazil","Bahia",NA,"Rio de Contas, Pico das Almas, Campo do Queiroz.",NA,NA,NA,NA,NA,"Psidium rufum Mart. ex DC."
"87",NA,"Instituto de Botânica, IBT","SP","269325","Psidium rufum Mart. ex DC.",NA,"Myrtaceae","Psidium","rufum",NA,"Mart. ex DC.",NA,"1992-01-01T00:00:00.000+0000",NA,"25891",NA,"Harley, RM; et al.",1988,11,3,"Brazil","Bahia","Rio de Contas","Pico das Almas, vertente leste, Campo do Queiróz. Campo arenoso com afloramentos de rocha conglomerada. Em mata seca, Queiróz.",-41.95,-13.533333,"Arbusto ramificado até 1m alt., sépalas verdes, pétalas e estames alvos.","BRA:IBt:SP:0000269325",NA,"Psidium rufum Mart. ex DC."
"88",NA,"USP","SPF","79066","Psidium rufum Mart. ex DC.",NA,"Myrtaceae","Psidium","rufum",NA,"Mart. ex DC.","Nic Lughadha, E","1992-01-01T00:00:00.000+0000",NA,"25891",NA,"Harley, RM",1988,11,3,"Brazil","Bahia","Rio de Contas","Pico das Almas",-41.95,-13.533333,NA,"BRA:USP:SPF:0000079066",NA,"Psidium rufum Mart. ex DC."
"89",NA,"UnB","UB","96559","Psidium rufum Mart. ex DC.",NA,"Myrtaceae","Psidium","rufum",NA,"Mart. ex DC.","Incógnito",NA,NA,"26676",NA,"Harley, RM; Stannard, B; Hind, DJN; Taylor, N",1988,11,29,"Brazil","Bahia","Rio de Contas","Pico das Almas. Vertente leste. Vale acima da Fazenda Silvina",-41.966667,-13.516667,"Arbusto; Campo rupestre.","BRA:UnB:UB:0000096559",NA,"Psidium rufum Mart. ex DC."
"90",NA,"UnB","UB","96558","Psidium rufum Mart. ex DC.",NA,"Myrtaceae","Psidium","rufum",NA,"Mart. ex DC.","Incógnito",NA,NA,"25891",NA,"Harley, RM; Hind, DJ; Simão, R",1988,11,3,"Brazil","Bahia","Rio de Contas","Pico das Almas. Vertente leste. Campo do Queiroz",-41.95,-13.533333,"Sépalas verdes; pétalas e estames alvos.; Arbusto ramificado 1m; Mata seca. Solo: Solo arenoso com afloramento de rocha conglomerada.","BRA:UnB:UB:0000096558",NA,"Psidium rufum Mart. ex DC."
"91",NA,"UnB","UB","96557","Psidium rufum Mart. ex DC.",NA,"Myrtaceae","Psidium","rufum",NA,"Mart. ex DC.","Proença, CEB",NA,NA,"27156",NA,"Stannard, B; Pirani, JR; Furlan, A",1988,12,13,"Brazil","Bahia","Rio de Contas","Pico das Almas. Vertente leste. Estrada Fazenda Brumadinho - Fazenda Silvina",-41.916667,-13.533333,"Folhas com superfície superior um pouco brilhante.; Arvoreta 2,5m. Fruto verde.; Margem da mata de galeria. Topologia: Plano. Solo: Solo areno-argiloso.","BRA:UnB:UB:0000096557",NA,"Psidium rufum Mart. ex DC."
"92",NA,"UEFS","HUEFS","17741","Psidium rufum Mart. ex DC.",NA,"Myrtaceae","Psidium","rufum",NA,"Mart. ex DC.",NA,NA,NA,"27156",NA,"Harley, R.M.",1988,12,13,"Brazil","Bahia","Rio de Contas",NA,-41.75,-13.533333,NA,"BRA:UEFS:HUEFS:0000017741",NA,"Psidium rufum Mart. ex DC."
"93",NA,"ASU","ASUPlants","173232","Psidium rufum Mart. ex DC.",NA,"Myrtaceae","Psidium","rufum",NA,"Mart. ex DC.",NA,NA,NA,NA,NA,"Harley et al.",1988,12,13,"Brazil","Bahia",NA,"Rio de Contas, Pico das Almas, Estrada Faz. Brumadinho-Faz. Silvina.",NA,NA,NA,NA,NA,"Psidium rufum Mart. ex DC."
"94",NA,"ASU","ASUPlants","164018","Psidium rufum Mart. ex DC.",NA,"Myrtaceae","Psidium","rufum",NA,"Mart. ex DC.",NA,NA,NA,NA,NA,"Harley et al.",1987,2,21,"Brazil","Bahia",NA,"Rio de Contas, perto do Pico das Almas, em local chamado Queiroz",NA,NA,NA,NA,NA,"Psidium rufum Mart. ex DC."
"95",NA,"UNICAMP","UEC","151254","Psidium rufum Mart. ex DC.",NA,"Myrtaceae","Psidium","rufum",NA,"Mart. ex DC.","Barroso, G.","1998-01-01T00:00:00.000+0000",NA,"217",NA,"Torres, R.B.; et al.",1987,6,8,"Brazil","São Paulo","Angatuba","Estação Ecológica de Angatuba",-48.585711,-23.710803,"Árvore 5m. Beira da mata secundária. Frutos verdes jovens. ""Araçá""; Mata Secundária","BRA:UNICAMP:UEC:0000151254",NA,"Psidium rufum Mart. ex DC."
"96",NA,"UNICAMP","UEC","151379","Psidium rufum Mart. ex DC.",NA,"Myrtaceae","Psidium","rufum",NA,"Mart. ex DC.","Barroso, G.","1988-06-01T00:00:00.000+0000",NA,"233",NA,"Torres, R.B.; Figueiredo, N.; Oliveira, A.R.",1987,7,7,"Brazil","São Paulo","Angatuba","Estação Ecológica de Angatuba. Mata Secundária.",-48.591583,-23.711472,"Árvore 7 m. Interior da mata. Frutos jovens verdes.""Araçá"".","BRA:UNICAMP:UEC:0000151379",NA,"Psidium rufum Mart. ex DC."
"97",NA,"Universidade Federal de Minas Gerais (UFMG)","BHCB","19987","Psidium rufum Mart. ex DC.",NA,"Myrtaceae","Psidium","rufum",NA,"Mart. ex DC.",NA,NA,NA,"s.n.",NA,"Rimdi, J",1987,11,13,"Brazil","Minas Gerais","Caratinga","Estação Biológica de Caratinga",0,0,NA,"BRA:UFMG:BHCB:0000019987",NA,"Psidium rufum Mart. ex DC."
"98",NA,"IAC","IAC","51317","Psidium rufum Mart. ex DC.",NA,"Myrtaceae","Psidium","rufum",NA,"Mart. ex DC.","G.M. Barroso","1988-06-30T00:00:00.000+0000",NA,"60",NA,"R.B. Torres; N. Figueiredo & A.R. Oliveira (2)",1986,10,30,"Brazil","São Paulo","Angatuba","Estação Ecológica de Angatuba (IF)",-48.35056,-23.423889,"nome popular: araçá","BRA:IAC:IAC:0000051317",NA,"Psidium rufum Mart. ex DC."
"99",NA,"Universidade Federal de Minas Gerais (UFMG)","BHCB","9009","Psidium rufum Mart. ex DC.",NA,"Myrtaceae","Psidium","rufum",NA,"Mart. ex DC.",NA,NA,NA,"54",NA,"Andrade, R; et al.",1986,12,12,"Brazil","Minas Gerais",NA,"Serra do Caraça.",0,0,"Mata;beira de mata;arbusto;","BRA:UFMG:BHCB:0000009009",NA,"Psidium rufum Mart. ex DC."
"100",NA,"USP","SPF","38385","Psidium rufum Mart. ex DC.",NA,"Myrtaceae","Psidium","rufum",NA,"Mart. ex DC.","Anônimo",NA,NA,"CFSC9224",NA,"Pirani, JR",1983,11,14,"Brazil","Minas Gerais","Santana do Riacho","Serra do Cipó",0,0,NA,"BRA:USP:SPF:0000038385",NA,"Psidium rufum Mart. ex DC."
"101","2014-07-22T11:21:23.000+0000","JBRJ","RB","RB00264919","Psidium rufum Mart. ex DC.",NA,"Myrtaceae","Psidium","rufum",NA,"Mart. ex DC.","L. R. Landrum","2005-01-01T00:00:00.000+0000",NA,NA,NA,"M. L. kawasaki; J. R. Pirani; A. furlan e I. Cordeiro",1981,10,7,"Brazil","Minas Gerais","Santana do Riacho","Km 105 ao longo da Rodovia Belo Horizonte-Conceição do Mato Dentro. Morro do Calcarea.",NA,NA,"Arb. 2m. flores alvas","urn:catalog:JBRJ:RB:264919",NA,"Psidium rufum Mart. ex DC."
"102","2014-07-22T11:21:45.000+0000","JBRJ","RB","RB00265052","Psidium rufum Mart. ex DC.",NA,"Myrtaceae","Psidium","rufum",NA,"Mart. ex DC.","L. R. Landrum","2005-01-01T00:00:00.000+0000",NA,NA,NA,"M. L. Kawasaki; J. R. Pirani, a. Furlan e I. Cordeiro",1981,10,7,"Brazil","Minas Gerais","Santana do Riacho","Km 101 ao longo da rod. Belo Horizonte - conceição do Mato Dentro.",NA,NA,"Arb. 2m flores alvas.","urn:catalog:JBRJ:RB:265052",NA,"Psidium rufum Mart. ex DC."
"103",NA,"Instituto de Botânica, IBT","SP","209778","Psidium rufum Mart. ex DC.",NA,"Myrtaceae","Psidium","rufum",NA,"Mart. ex DC.","Kawasaki, ML",NA,NA,"CFSC6339",NA,"Giulietti, AM; et al.",1980,7,22,"Brazil","Minas Gerais","Santana do Riacho","Ao longo da Rodovia Belo Horizonte-conceição do mato Dentro, km 116 antigo.",0,0,"Arbusto 1,5m alt., frutos verdes.&nf;CFSC 6339","BRA:IBt:SP:0000209778",NA,"Psidium rufum Mart. ex DC."
"104",NA,"Instituto de Botânica, IBT","SP","165926","Psidium rufum Mart. ex DC.",NA,"Myrtaceae","Psidium","rufum",NA,"Mart. ex DC.","Kawasaki, ML","2000-01-01T00:00:00.000+0000",NA,"299",NA,"Jung, SL; et al.",1979,10,3,"Brazil","São Paulo","São Paulo","Reserva Biológica do Parque Estadual das Fontes do Ipiranga.",0,0,"Arbusto ca. 1,5m alt., 5cm diam. flores alvas, mata.","BRA:IBt:SP:0000165926",NA,"Psidium rufum Mart. ex DC."
"105",NA,"US","Botany","2956156","Psidium rufum Mart. ex DC.",NA,"Myrtaceae","Psidium","rufum",NA,"Mart. ex DC.",NA,NA,NA,"2960",NA,"E. P. Heringer, T. S. Filgueiras, R. C. de Mendonça, B. A. S. Pereira & A. Salles",1979,12,18,"Brazil","Distrito Federal",NA,"Bacia do Rio São Bartolomeu.",NA,NA,NA,"http://n2t.net/ark:/65665/3ada1955a-56de-4804-b2a6-87e030ce91b3",NA,"Psidium rufum Mart. ex DC."
"106",NA,"UnB","UB","777","Psidium rufum Mart. ex DC.",NA,"Myrtaceae","Psidium","rufum",NA,"Mart. ex DC.","Kawasaki, ML",NA,NA,"30582",NA,"Irwin, HS; Harley, RM; et al.",1971,2,17,"Brazil","Minas Gerais","Belo Horizonte","55KME de Belo Horizonte,BR31, estrada para Antônio dos Santos",0,0,"D3MX3cm#. Cálice creme, carnoso.; Árvore 3m x 3cm; Bosque.","BRA:UnB:UB:0000000777",NA,"Psidium rufum Mart. ex DC."
"107",NA,"MBM","MBM","59641","Psidium rufum Mart. ex DC.",NA,"Myrtaceae","Psidium","rufum",NA,"Mart. ex DC.","Landrum, LR",NA,NA,"26839",NA,"Hatschbach, G",1971,7,6,"Brazil","Paraná","Bocaiúva do Sul","Serra Santana",0,0,NA,"BRA:MBM:MBM:0000059641",NA,"Psidium rufum Mart. ex DC."
"108",NA,"UnB","UB","794","Psidium rufum Mart. ex DC.",NA,"Myrtaceae","Psidium","rufum",NA,"Mart. ex DC.","Proença, CEB",NA,NA,"22204",NA,"Irwin, HS; Santos, RR; et al.",1969,1,18,"Brazil","Minas Gerais","Diamantina","27KMSW de Diamantina, estrada para Gouveia",0,0,"D75cm#.; SubArbusto 0,75mm. Fruto verde.; Cerrado.","BRA:UnB:UB:0000000794",NA,"Psidium rufum Mart. ex DC."
"109",NA,"MBM","MBM","65267","Psidium rufum Mart. ex DC.",NA,"Myrtaceae","Psidium","rufum",NA,"Mart. ex DC.","Landrum, LR; Kawasaki, ML",NA,NA,"22204",NA,"Irwin, HS; et al.",1969,1,18,"Brazil","Minas Gerais",NA,"Serra do Espinhaço",0,0,NA,"BRA:MBM:MBM:0000065267",NA,"Psidium rufum Mart. ex DC."
"110",NA,"US","Botany","2934285","Psidium cupreum O.Berg",NA,"Myrtaceae","Psidium","cupreum",NA,"O.Berg",NA,NA,NA,"22204",NA,"H. S. Irwin, R. R. Santos, R. Souza & S. F. Fonseca",1969,1,18,"Brazil","Minas Gerais",NA,"Ca. 27 Km SW of Diamantina, road to Gouveia",NA,NA,NA,"http://n2t.net/ark:/65665/3894a5c15-3a08-4516-8b36-b96f7e216bf0",NA,"Psidium cupreum O.Berg"
"111",NA,"NY","NY","1182368","Psidium rufum Mart. ex DC.",NA,"Myrtaceae","Psidium","rufum",NA,"Mart. ex DC.","L. R. Landrum","2010-01-01T00:00:00.000+0000",NA,"20562",NA,"H. S. Irwin",1968,2,20,"Brazil","Minas Gerais",NA,"PalÃ¡cio, Serra do CipÃ³, km 135 (ca. 150 km N. of Belo Horizonte).",-43.38,-18.82,NA,"94544249-b80d-4684-a076-2fd41e3b03df",NA,"Psidium rufum Mart. ex DC."
"112",NA,"UnB","UB","796","Psidium rufum Mart. ex DC.",NA,"Myrtaceae","Psidium","rufum",NA,"Mart. ex DC.","Kawasaki, ML",NA,NA,"20770",NA,"Irwin, HS; Maxwell, HH; et al.",1968,2,24,"Brazil","Minas Gerais","Lapinha","18KMN de Serro, estrada para Diamantina, MG-02",0,0,"D2MX3cm#. Determinado por D. Legrand em 1972 como Psidium cupreum BG. Estames brancos.; Árvore 2m x 3cm. Flor branca; Floresta perturbada e cortina de bosque secundário. Topologia: Inclinado.","BRA:UnB:UB:0000000796",NA,"Psidium rufum Mart. ex DC."
"113",NA,"Instituto de Botânica, IBT","SP","312149","Psidium rufum Mart. ex DC.",NA,"Myrtaceae","Psidium","rufum",NA,"Mart. ex DC.","Landrum, LR","1995-01-01T00:00:00.000+0000",NA,"16421",NA,"Hatschbach, G",1967,5,17,"Brazil","Paraná","Campina Grande do Sul","Sítio do Belizário.",0,0,"Arbusto, fruto vinoso, do pasto.","BRA:IBt:SP:0000312149",NA,"Psidium rufum Mart. ex DC."
"114",NA,"MBM","MBM","1461","Psidium widgrenianum Berg",NA,"Myrtaceae","Psidium","widgrenianum",NA,"Berg","Legrand, CD",NA,NA,"14626",NA,"Hatschbach, G",1966,8,17,"Brazil","Paraná","Campina Grande do Sul","Sítio do Belizário",0,0,NA,"BRA:MBM:MBM:0000001461",NA,"Psidium widgrenianum Berg"
"115",NA,"US","Botany","2564056","Psidium widgrenianum Berg",NA,"Myrtaceae","Psidium","widgrenianum",NA,"Berg",NA,NA,NA,"14626",NA,"G. Hatschbach",1966,8,17,"Brazil","Paraná",NA,"Sitio do Belizario",NA,NA,NA,"http://n2t.net/ark:/65665/3fe771440-e226-4ba9-a25d-bd8200a3085c",NA,"Psidium widgrenianum Berg"
"116",NA,"MBM","MBM","54530","Psidium rufum Mart. ex DC.",NA,"Myrtaceae","Psidium","rufum",NA,"Mart. ex DC.","Landrum; Kawasaki","1995-01-01T00:00:00.000+0000",NA,"15252",NA,"Hatschbach, G",1966,11,23,"Brazil","Paraná","Campina Grande do Sul","Sítio do Belizário",0,0,"Arvoreta flor alva, da mata","BRA:MBM:MBM:0000054530",NA,"Psidium rufum Mart. ex DC."
"117",NA,"UnB","UB","96561","Psidium rufum Mart. ex DC.",NA,"Myrtaceae","Psidium","rufum",NA,"Mart. ex DC.","Proença, CEB",NA,NA,"7187",NA,"Heringer, EP",1959,9,4,"Brazil","Minas Gerais","Paraopeba","Horto Florestal de Paraopeba",0,0,".","BRA:UnB:UB:0000096561",NA,"Psidium rufum Mart. ex DC."
"118",NA,"MA","MA","572619-1","Psidium widgrenianum Berg",NA,"Myrtaceae","Psidium","widgrenianum",NA,"Berg",NA,NA,NA,NA,NA,"P. Capell, S.J.",1953,11,26,"Brazil",NA,NA,"N. Friburgo, Cascadas Pinel",NA,NA,NA,NA,NA,"Psidium widgrenianum Berg"
"119","2017-10-18T11:40:43.000+0000","JBRJ","RB","RB00317003","Psidium rufum Mart. ex DC.",NA,"Myrtaceae","Psidium","rufum",NA,"Mart. ex DC.","M.Sobral","2004-01-01T00:00:00.000+0000",NA,"8061",NA,"L.O.Williams",1945,9,25,"Brazil","Minas Gerais","Belo Horizonte","Matadoura da Onca.",NA,NA,"Tree, 8 m tall; flowers white.","urn:catalog:JBRJ:RB:317003",NA,"Psidium rufum Mart. ex DC."
"120",NA,NA,"Botany","U.1451716","Psidium cupreum O.Berg",NA,"Myrtaceae","Psidium","cupreum",NA,"O.Berg",NA,NA,NA,NA,NA,"Williams LO",1945,9,25,"Brazil",NA,NA,"Minas Gerais. Municipio de Belo Horizonte; near Belo Horizonte. In forest, Matadoura da Onca.",NA,NA,NA,"http://data.biodiversitydata.nl/naturalis/specimen/U.1451716",NA,"Psidium cupreum O.Berg"
"121",NA,"IF","SPSF","00970","Psidium rufum Mart. ex DC.",NA,"Myrtaceae","Psidium","rufum",NA,"Mart. ex DC.",NA,NA,NA,NA,NA,"D.Bento Pickel",1945,11,18,"Brazil","Sp","Helvetia",NA,NA,NA,"COLETA: XLS: SPSFAntigo;","BRA:IF:SPSF:0000000970",NA,"Psidium rufum Mart. ex DC."
"122",NA,"Escola Superior de Agricultura Luiz de Queiroz, ESALQ","ESA","ESA081744","Psidium rufum Mart. ex DC.",NA,"Myrtaceae","Psidium","rufum",NA,"Mart. ex DC.","Kuntz, J.","2011-01-01T00:00:00.000+0000",NA,"1157",NA,"Oliveira, J.E.",1942,10,25,"Brazil","Minas Gerais","Belo Horizonte",NA,NA,NA,NA,"BRA:ESALQ:ESA:0ESA081744",NA,"Psidium rufum Mart. ex DC."
"123",NA,"USP","SPF","65112","Psidium rufum Mart. ex DC.",NA,"Myrtaceae","Psidium","rufum",NA,"Mart. ex DC.","Landrum, LR","1995-10-01T00:00:00.000+0000",NA,"s.n.",NA,"Handro, O",1940,6,15,"Brazil","São Paulo","São Paulo","Jardim Botânico de São Paulo",0,0,NA,"BRA:USP:SPF:0000065112",NA,"Psidium rufum Mart. ex DC."
"124",NA,"Instituto de Botânica, IBT","SP","31204","Psidium rufum Mart. ex DC.",NA,"Myrtaceae","Psidium","rufum",NA,"Mart. ex DC.","Kawasaki, ML",NA,NA,"187",NA,"Koscinsky, M",1933,11,9,"Brazil","São Paulo","São Paulo","Serra da Cantareira.",0,0,NA,"BRA:IBt:SP:0000031204",NA,"Psidium rufum Mart. ex DC."
"125",NA,"US","Botany","1705081","Psidium rufum Mart. ex DC.",NA,"Myrtaceae","Psidium","rufum",NA,"Mart. ex DC.",NA,NA,NA,"5714",NA,"Y. Mexia",1931,4,29,"Brazil","Minas Gerais",NA,"Chácara das Bicas",NA,NA,NA,"http://n2t.net/ark:/65665/3b0b6ab29-a030-4b7d-97be-bffe8f40c0a8",NA,"Psidium rufum Mart. ex DC."
"126","2015-09-04T20:46:57.000+0000","MNHN","P","P05235866","Psidium rufum Mart. ex DC.",NA,"Myrtaceae","Psidium","rufum",NA,"Mart. ex DC.","Staggemeier",NA,NA,NA,"17683","Glaziou, A.",1888,11,27,"Brazil","Rio de Janeiro",NA,NA,NA,NA,". . Herbier de A. Glaziou donné par Mme Simard, sa fille, en 1907.","http://coldb.mnhn.fr/catalognumber/mnhn/p/p05235866",NA,"Psidium rufum Mart. ex DC."
"127","2017-06-23T10:53:25.000+0000","MNHN","P","P05205109","Psidium rufum Mart. ex DC.",NA,"Myrtaceae","Psidium","rufum",NA,"Mart. ex DC.",NA,NA,NA,NA,"13446","Glaziou, A.",1881,11,5,"Brazil","Rio de Janeiro",NA,NA,NA,NA,NA,"http://coldb.mnhn.fr/catalognumber/mnhn/p/p05205109",NA,"Psidium rufum Mart. ex DC."
"128","2017-11-15T10:49:31.000+0000","MNHN","P","P05205104","Psidium rufum Mart. ex DC.",NA,"Myrtaceae","Psidium","rufum",NA,"Mart. ex DC.",NA,NA,NA,NA,"698","Claussen",1838,1,1,"Brazil","Minas Gerais",NA,NA,NA,NA,NA,"http://coldb.mnhn.fr/catalognumber/mnhn/p/p05205104",NA,"Psidium rufum Mart. ex DC."
"129","2017-06-23T10:53:25.000+0000","MNHN","P","P05205106","Psidium rufum Mart. ex DC.",NA,"Myrtaceae","Psidium","rufum",NA,"Mart. ex DC.",NA,NA,NA,NA,"707","Claussen",1838,1,1,"Brazil","Minas Gerais",NA,NA,NA,NA,NA,"http://coldb.mnhn.fr/catalognumber/mnhn/p/p05205106",NA,"Psidium rufum Mart. ex DC."
"130","2015-09-04T20:46:57.000+0000","MNHN","P","P05235868","Psidium rufum Mart. ex DC.",NA,"Myrtaceae","Psidium","rufum",NA,"Mart. ex DC.","Staggemeier",NA,NA,NA,NA,"Sello",NA,NA,NA,"Brazil",NA,NA,NA,NA,NA,". s.d..","http://coldb.mnhn.fr/catalognumber/mnhn/p/p05235868",NA,"Psidium rufum Mart. ex DC."
"131","2015-09-04T20:52:12.000+0000","MNHN","P","P00312137","Psidium rufum Mart. ex DC.",NA,"Myrtaceae","Psidium","rufum",NA,"Mart. ex DC.",NA,NA,NA,NA,NA,"Fereira?",NA,NA,NA,"Brazil",NA,NA,NA,NA,NA,NA,"http://coldb.mnhn.fr/catalognumber/mnhn/p/p00312137",NA,"Psidium rufum Mart. ex DC."
"132","2009-03-25T17:15:46.000+0000","K","Herbarium","K000170089","Psidium rufum Mart. ex DC.",NA,"Myrtaceae","Psidium","rufum",NA,"Mart. ex DC.",NA,NA,NA,"s.n.",NA,"Sellow",NA,NA,NA,"Brazil",NA,NA,NA,NA,NA,NA,"http://specimens.kew.org/herbarium/K000170089",NA,"Psidium rufum Mart. ex DC."
"133",NA,"W","Herbarium W","0046103","Psidium rufum Mart. ex DC.",NA,"Myrtaceae","Psidium","rufum",NA,"Mart. ex DC.","Staggemeier (UFG) 2013-03",NA,NA,NA,NA,"Sellow,F.",NA,NA,NA,"Brazil",NA,NA,"Brasilia.",NA,NA,NA,NA,NA,"Psidium rufum Mart. ex DC."
"134",NA,"Universidade Federal de Minas Gerais (UFMG)","BHCB","35006","Psidium rufum Mart. ex DC.",NA,"Myrtaceae","Psidium","rufum",NA,"Mart. ex DC.",NA,NA,NA,"s.n.",NA,NA,NA,NA,NA,"Brazil","Minas Gerais","Matozinhos","Mauá.",0,0,NA,"BRA:UFMG:BHCB:0000035006",NA,"Psidium rufum Mart. ex DC."
"135",NA,"F","Botany",NA,"Psidium cupreum O.Berg",NA,"Myrtaceae","Psidium","cupreum",NA,"O.Berg",NA,NA,"ISOTYPE",NA,NA,"F. Sellow",NA,NA,NA,"Brazil",NA,NA,NA,-52.8731,-10.8339,NA,"2ae0daa8-e01a-4b0d-b508-817151846355",NA,"Psidium cupreum O.Berg"
"136",NA,"SNSB-M","BSMvplantscoll","M-0032383 / 477268 / 191863","Psidium rufum Mart. ex DC.",NA,"Myrtaceae","Psidium","rufum",NA,"Mart. ex DC.",NA,NA,"TYPE",NA,NA,"Martius, C.F.P. von",NA,NA,NA,"Brazil",NA,NA,"Brasilia Provinc. Minas Geraës.",-55,-10,NA,"http://id.snsb.info/snsb/collection/407979/477268/191863",NA,"Psidium rufum Mart. ex DC."
"137",NA,"Universidade Federal de Minas Gerais (UFMG)","BHCB","32804","Psidium rufum Mart. ex DC.",NA,"Myrtaceae","Psidium","rufum",NA,"Mart. ex DC.",NA,NA,NA,"s.n.",NA,NA,NA,NA,NA,"Brazil","Minas Gerais","Marliéria","Parque Estadual do Rio Doce",0,0,NA,"BRA:UFMG:BHCB:0000032804",NA,"Psidium rufum Mart. ex DC."
"138",NA,NA,"Botany","U.1451610","Psidium rufum Mart. ex DC.",NA,"Myrtaceae","Psidium","rufum",NA,"Mart. ex DC.",NA,NA,NA,NA,NA,"Riedel L",NA,NA,NA,"Brazil",NA,NA,"Brazilia. Pr Penka et Sabara.",NA,NA,NA,"http://data.biodiversitydata.nl/naturalis/specimen/U.1451610",NA,"Psidium rufum Mart. ex DC."
"139",NA,"Universidade Federal de Minas Gerais (UFMG)","BHCB","25838","Psidium rufum Mart. ex DC.",NA,"Myrtaceae","Psidium","rufum",NA,"Mart. ex DC.",NA,NA,NA,"s.n.",NA,NA,NA,NA,NA,"Brazil","Minas Gerais","Perdizes",NA,0,0,NA,"BRA:UFMG:BHCB:0000025838",NA,"Psidium rufum Mart. ex DC."
"140",NA,"NY","NY","1182603","Psidium rufum Mart. ex DC.",NA,"Myrtaceae","Psidium","rufum",NA,"Mart. ex DC.","L. R. Landrum","2010-01-01T00:00:00.000+0000",NA,"s.n.",NA,"L. Riedel",NA,NA,NA,"Brazil",NA,NA,"Sabara.",0,0,NA,"44097923-8856-438b-ac17-b5c4b8c0c917",NA,"Psidium rufum Mart. ex DC."
"141","2015-10-09T22:51:37.000+0000","MNHN","P","P00258425","Psidium rufum Mart. ex DC.",NA,"Myrtaceae","Psidium","rufum",NA,"Mart. ex DC.","Landrum",NA,NA,NA,NA,"Sellow, F.",NA,NA,NA,"Brazil",NA,NA,NA,NA,NA,NA,"http://coldb.mnhn.fr/catalognumber/mnhn/p/p00258425",NA,"Psidium rufum Mart. ex DC."
"142",NA,"F","Botany",NA,"Psidium macrospermum Berg",NA,"Myrtaceae","Psidium","macrospermum",NA,"Berg",NA,NA,"ISOSYNTYPE",NA,NA,"F. Sellow",NA,NA,NA,"Brazil",NA,NA,NA,-52.8731,-10.8339,NA,"5cb22f8a-f7c3-47ac-aebf-5b3eab482dea",NA,"Psidium macrospermum Berg"
"143",NA,"Universidade Federal de Minas Gerais (UFMG)","BHCB","38214","Psidium rufum Mart. ex DC.",NA,"Myrtaceae","Psidium","rufum",NA,"Mart. ex DC.",NA,NA,NA,"s.n.",NA,NA,NA,NA,NA,"Brazil","Minas Gerais","Caratinga","Estação Biológica de Caratinga",0,0,NA,"BRA:UFMG:BHCB:0000038214",NA,"Psidium rufum Mart. ex DC."
"144","2015-09-04T20:47:47.000+0000","MNHN","P","P05205147","Psidium rufum Mart. ex DC.",NA,"Myrtaceae","Psidium","rufum",NA,"Mart. ex DC.",NA,NA,NA,NA,NA,"Sellow",NA,NA,NA,"Brazil",NA,NA,NA,NA,NA,NA,"http://coldb.mnhn.fr/catalognumber/mnhn/p/p05205147",NA,"Psidium rufum Mart. ex DC."
"145",NA,"F","Botany","V0065692F","Psidium cupreum O.Berg",NA,"Myrtaceae","Psidium","cupreum",NA,"O.Berg",NA,NA,"ISOTYPE",NA,NA,"F. Sellow",NA,NA,NA,"Brazil",NA,NA,NA,-52.8731,-10.8339,NA,"1172fe15-3167-4d57-8f05-dceec4c9ff45",NA,"Psidium cupreum O.Berg"
"146",NA,"W","Herbarium W","1897-0002307","Psidium rufum Mart. ex DC.",NA,"Myrtaceae","Psidium","rufum",NA,"Mart. ex DC.",NA,NA,NA,NA,NA,"REFLORA provisional entry",NA,NA,NA,"Brazil",NA,NA,NA,NA,NA,NA,NA,NA,"Psidium rufum Mart. ex DC."
"147","2009-03-25T17:24:27.000+0000","K","Herbarium","K000170091","Psidium rufum Mart. ex DC.",NA,"Myrtaceae","Psidium","rufum",NA,"Mart. ex DC.",NA,NA,NA,"s.n.",NA,"Sellow",NA,NA,NA,"Brazil",NA,NA,NA,NA,NA,NA,"http://specimens.kew.org/herbarium/K000170091",NA,"Psidium rufum Mart. ex DC."
"148",NA,NA,"Botany","L.2519319","Psidium rufum Mart. ex DC.",NA,"Myrtaceae","Psidium","rufum",NA,"Mart. ex DC.",NA,NA,NA,NA,NA,"Riedel JGF",NA,NA,NA,"Brazil",NA,NA,"Inter Curoellos et Jaquaze.",NA,NA,NA,"http://data.biodiversitydata.nl/naturalis/specimen/L.2519319",NA,"Psidium rufum Mart. ex DC."
"149",NA,"W","Herbarium W","1889-0100488","Psidium rufum Mart. ex DC.",NA,"Myrtaceae","Psidium","rufum",NA,"Mart. ex DC.",NA,NA,NA,NA,NA,"REFLORA provisional entry",NA,NA,NA,"Brazil",NA,NA,NA,NA,NA,NA,NA,NA,"Psidium rufum Mart. ex DC."
"150",NA,"Universidade Federal de Minas Gerais (UFMG)","BHCB","33633","Psidium rufum Mart. ex DC.",NA,"Myrtaceae","Psidium","rufum",NA,"Mart. ex DC.",NA,NA,NA,"s.n.",NA,NA,NA,NA,NA,"Brazil","Minas Gerais","Nova Ponte",NA,0,0,NA,"BRA:UFMG:BHCB:0000033633",NA,"Psidium rufum Mart. ex DC."
"151","2009-03-25T17:32:01.000+0000","K","Herbarium","K000170090","Psidium rufum Mart. ex DC.",NA,"Myrtaceae","Psidium","rufum",NA,"Mart. ex DC.",NA,NA,NA,"16989",NA,"Glaziou, A.F.M.",NA,NA,NA,"Brazil",NA,NA,NA,NA,NA,"More information given","http://specimens.kew.org/herbarium/K000170090",NA,"Psidium rufum Mart. ex DC."
"152",NA,"UEFS","HUEFS","86740","Psidium widgrenianum Berg",NA,"Myrtaceae","Psidium","widgrenianum",NA,"Berg",NA,NA,NA,"534",NA,"Widgren",NA,NA,NA,"Brazil","Minas Gerais",NA,NA,NA,NA,NA,"BRA:UEFS:HUEFS:0000086740",NA,"Psidium widgrenianum Berg"
"153",NA,"W","Herbarium W","0070831","Psidium rufum Mart. ex DC.",NA,"Myrtaceae","Psidium","rufum",NA,"Mart. ex DC.",NA,NA,NA,NA,NA,"REFLORA provisional entry",NA,NA,NA,"Brazil",NA,NA,NA,NA,NA,NA,NA,NA,"Psidium rufum Mart. ex DC."
"154",NA,"W","Herbarium W","1889-0100489","Psidium rufum Mart. ex DC.",NA,"Myrtaceae","Psidium","rufum",NA,"Mart. ex DC.",NA,NA,NA,NA,NA,"REFLORA provisional entry",NA,NA,NA,"Brazil",NA,NA,NA,NA,NA,NA,NA,NA,"Psidium rufum Mart. ex DC."
"155",NA,"F","Botany",NA,"Psidium rufum Mart. ex DC.",NA,"Myrtaceae","Psidium","rufum",NA,"Mart. ex DC.",NA,NA,"HOLOTYPE",NA,NA,"C. F. P. Martius",NA,NA,NA,"Brazil",NA,NA,NA,-52.8731,-10.8339,NA,"340b8712-ec04-40ee-a70b-0125a32336c3",NA,"Psidium rufum Mart. ex DC."
"156","2016-06-02T15:01:26.000+0000","MEL","MEL","MEL 1007479A","Psidium rufum Mart. ex DC.",NA,"Myrtaceae","Psidium","rufum",NA,"Mart. ex DC.","Macheda, D.R.","2016-05-10T00:00:00.000+0000","HOLOTYPE","534","534","Widgren, J.F.",NA,NA,NA,"Brazil","Minas Gerais",NA,"Minas Geraës, Brasil.",-44,-18,"Ex Herb O.W.Sonder (1812-1881).","5c67d078-caef-4732-ae5d-4ec635c051c5",NA,"Psidium rufum Mart. ex DC."
"157",NA,"SNSB-M","BSMvplantscoll","M-0032382 / 477267 / 191862","Psidium rufum Mart. ex DC.",NA,"Myrtaceae","Psidium","rufum",NA,"Mart. ex DC.",NA,NA,"HOLOTYPE",NA,NA,"Martius, C.F.P. von (no. Obs. 775)",NA,NA,NA,"Brazil",NA,NA,"Brasilia Provinc. Minarum. In alpestribus campis Minar.",-55,-10,NA,"http://id.snsb.info/snsb/collection/407978/477267/191862",NA,"Psidium rufum Mart. ex DC."
"158",NA,"Universidade Federal de Minas Gerais (UFMG)","BHCB","25843","Psidium rufum Mart. ex DC.",NA,"Myrtaceae","Psidium","rufum",NA,"Mart. ex DC.",NA,NA,NA,"s.n.",NA,NA,NA,NA,NA,"Brazil","Minas Gerais","Perdizes",NA,0,0,NA,"BRA:UFMG:BHCB:0000025843",NA,"Psidium rufum Mart. ex DC."
"159",NA,"Universidade Federal de Minas Gerais (UFMG)","BHCB","24815","Psidium rufum Mart. ex DC.",NA,"Myrtaceae","Psidium","rufum",NA,"Mart. ex DC.",NA,NA,NA,"s.n.",NA,NA,NA,NA,NA,"Brazil","Minas Gerais","Perdizes",NA,0,0,NA,"BRA:UFMG:BHCB:0000024815",NA,"Psidium rufum Mart. ex DC."
"160","2017-06-23T10:53:25.000+0000","MNHN","P","P00258471","Psidium rufum Mart. ex DC.",NA,"Myrtaceae","Psidium","rufum",NA,"Mart. ex DC.","Landrum",NA,NA,NA,"2231","Sellow, F.",NA,NA,NA,"Brazil",NA,NA,NA,NA,NA,"donné en 1961","http://coldb.mnhn.fr/catalognumber/mnhn/p/p00258471",NA,"Psidium rufum Mart. ex DC."
"161",NA,"F","Botany",NA,"Campomanesia martiana Berg",NA,"Myrtaceae","Psidium","martiana",NA,"Berg",NA,NA,NA,NA,NA,"C. F. P. Martius",NA,NA,NA,"Brazil",NA,NA,NA,-52.8731,-10.8339,NA,"d5b484ee-78ec-4d3e-b049-16f7314d64c3",NA,"Campomanesia martiana Berg"
"162",NA,"Universidade Federal de Minas Gerais (UFMG)","BHCB","37870","Psidium rufum Mart. ex DC.",NA,"Myrtaceae","Psidium","rufum",NA,"Mart. ex DC.",NA,NA,NA,"s.n.",NA,NA,NA,NA,NA,"Brazil","Minas Gerais","Nova Ponte",NA,0,0,NA,"BRA:UFMG:BHCB:0000037870",NA,"Psidium rufum Mart. ex DC."
"163",NA,"Universidade Federal de Minas Gerais (UFMG)","BHCB","33206","Psidium rufum Mart. ex DC.",NA,"Myrtaceae","Psidium","rufum",NA,"Mart. ex DC.",NA,NA,NA,"s.n.",NA,NA,NA,NA,NA,"Brazil","Minas Gerais","Marliéria","Parque Estadual do Rio Doce",-42.516389,-19.704444,NA,"BRA:UFMG:BHCB:0000033206",NA,"Psidium rufum Mart. ex DC."
"164","2015-09-04T20:52:01.000+0000","MNHN","P","P05204688","Psidium rufum Mart. ex DC.",NA,"Myrtaceae","Psidium","rufum",NA,"Mart. ex DC.","Gomes-Bezerra",NA,NA,NA,NA,"Riedel",NA,NA,NA,"Brazil",NA,NA,NA,NA,NA,NA,"http://coldb.mnhn.fr/catalognumber/mnhn/p/p05204688",NA,"Psidium rufum Mart. ex DC."
"165",NA,"ASU","ASUPlants","204965","Psidium rufum Mart. ex DC.",NA,"Myrtaceae","Psidium","rufum",NA,"Mart. ex DC.",NA,NA,NA,NA,NA,"Kawasaki et al.",1995,12,5,"Brazil","Parana",NA,"Serra do Caete.",NA,NA,NA,NA,NA,"Psidium rufum Mart. ex DC."
"166",NA,"MBM","MBM","183216","Psidium pilosum Vell.",NA,"Myrtaceae","Psidium","pilosum",NA,"Vell.","Kawasaki, ML",NA,NA,"1455",NA,"Barreto, KD; et al.",1993,9,19,"Brazil","São Paulo","Cobumbataí","Rodovia Washington Luís",0,0,NA,"BRA:MBM:MBM:0000183216",NA,"Psidium pilosum Vell."
"167",NA,"Universidade Federal de Minas Gerais (UFMG)","BHCB","22298","Psidium rufum Mart. ex DC.",NA,"Myrtaceae","Psidium","rufum",NA,"Mart. ex DC.",NA,NA,NA,"s.n.",NA,"Costa, LV; Atalla, NC",1992,10,31,"Brazil","Minas Gerais","Guanhães",NA,0,0,NA,"BRA:UFMG:BHCB:0000022298",NA,"Psidium rufum Mart. ex DC."
"168",NA,"UFRGS","ICN","061108","Psidium pilosum Vell.",NA,"Myrtaceae","Psidium","pilosum",NA,"Vell.","Sobral, M","1987-12-01T00:00:00.000+0000",NA,"s.n.",NA,"Oliveira, F",1978,7,8,"Brazil","Sp","Bertioga",NA,0,0,NA,"BRA:UFRGS:ICN:0000061108",NA,"Psidium pilosum Vell."
"169",NA,"Instituto de Botânica, IBT","SP","53196","Psidium rufum Mart. ex DC.",NA,"Myrtaceae","Psidium","rufum",NA,"Mart. ex DC.","Kawasaki, ML",NA,NA,"s.n.",NA,"Hoehne, W",1945,10,10,"Brazil","São Paulo","Caieiras","Campo.",0,0,NA,"BRA:IBt:SP:0000053196",NA,"Psidium rufum Mart. ex DC."
"170",NA,"NY","NY","1182402","Psidium rufum Mart. ex DC.",NA,"Myrtaceae","Psidium","rufum",NA,"Mart. ex DC.","L. R. Landrum","2010-01-01T00:00:00.000+0000",NA,"s.n.",NA,"M. Kuhlmann",1942,10,15,"Brazil","SÃ£o Paulo",NA,NA,0,0,NA,"de44bd11-f1f1-4520-a06f-ee8c5c0c441d",NA,"Psidium rufum Mart. ex DC."
"171","2015-10-05T19:01:25.000+0000","MNHN","P","P00258472","Psidium rufum Mart. ex DC.",NA,"Myrtaceae","Psidium","rufum",NA,"Mart. ex DC.","Landrum",NA,NA,NA,"16989","Glaziou, A.",1888,10,12,"Brazil",NA,NA,NA,NA,NA,NA,"http://coldb.mnhn.fr/catalognumber/mnhn/p/p00258472",NA,"Psidium rufum Mart. ex DC."
"172","2015-09-04T20:46:57.000+0000","MNHN","P","P05235867","Psidium rufum Mart. ex DC.",NA,"Myrtaceae","Psidium","rufum",NA,"Mart. ex DC.","Staggemeier",NA,NA,NA,"17683","Glaziou, A.",1888,11,27,"Brazil","Rio de Janeiro",NA,NA,NA,NA,". . Herbier de A. Glaziou donné par Mme Simard, sa fille, en 1907","http://coldb.mnhn.fr/catalognumber/mnhn/p/p05235867",NA,"Psidium rufum Mart. ex DC."
"173","2017-06-23T10:53:25.000+0000","MNHN","P","P05205108","Psidium rufum Mart. ex DC.",NA,"Myrtaceae","Psidium","rufum",NA,"Mart. ex DC.",NA,NA,NA,NA,"13446","Glaziou, A.",1881,11,5,"Brazil","Rio de Janeiro",NA,NA,NA,NA,NA,"http://coldb.mnhn.fr/catalognumber/mnhn/p/p05205108",NA,"Psidium rufum Mart. ex DC."
"174","2015-09-04T20:46:57.000+0000","MNHN","P","P05235865","Psidium rufum Mart. ex DC.",NA,"Myrtaceae","Psidium","rufum",NA,"Mart. ex DC.","Staggemeier",NA,NA,NA,"8711","Glaziou, A.",1877,3,8,"Brazil","Rio de Janeiro",NA,NA,NA,NA,". . Herbier de A. Glaziou donné par Mme Simard, sa fille, en 1907","http://coldb.mnhn.fr/catalognumber/mnhn/p/p05235865",NA,"Psidium rufum Mart. ex DC."
"175",NA,"ASU","ASUPlants","269547","Psidium rufum Mart. ex DC.",NA,"Myrtaceae","Psidium","rufum",NA,"Mart. ex DC.",NA,NA,NA,NA,NA,"Glaziou",1863,11,4,"Brazil","Rio de Janeiro",NA,"Sarangeiras",NA,NA,NA,NA,NA,"Psidium rufum Mart. ex DC."
"176","2015-09-04T20:53:23.000+0000","MNHN","P","P05204780","Psidium rufum Mart. ex DC.",NA,"Myrtaceae","Psidium","rufum",NA,"Mart. ex DC.","Staggemeier",NA,NA,NA,"III 585","Regnell, A.",1847,5,1,"Brazil",NA,NA,NA,NA,NA,". . Donné par Mme Simmard, sa fille, en1907.","http://coldb.mnhn.fr/catalognumber/mnhn/p/p05204780",NA,"Psidium rufum Mart. ex DC."
"177","2017-06-23T10:53:25.000+0000","MNHN","P","P05205144","Psidium rufum Mart. ex DC.",NA,"Myrtaceae","Psidium","rufum",NA,"Mart. ex DC.",NA,NA,NA,NA,"1377","Riedel",1833,11,1,"Brazil",NA,NA,NA,NA,NA,NA,"http://coldb.mnhn.fr/catalognumber/mnhn/p/p05205144",NA,"Psidium rufum Mart. ex DC."
"178","2017-06-23T10:53:25.000+0000","MNHN","P","P05205102","Psidium rufum Mart. ex DC.",NA,"Myrtaceae","Psidium","rufum",NA,"Mart. ex DC.",NA,NA,NA,NA,"2571","Riedel",NA,NA,NA,"Brazil",NA,NA,NA,NA,NA,NA,"http://coldb.mnhn.fr/catalognumber/mnhn/p/p05205102",NA,"Psidium rufum Mart. ex DC."
"179",NA,"Comissão Executiva do Plano da Lavoura Cacaueira (CEPLAC)","CEPEC","73525","Psidium rufum Mart. ex DC.",NA,"Myrtaceae","Psidium","rufum",NA,"Mart. ex DC.","L. R. Landrum",NA,NA,"7724",NA,"M. M. Arbo",NA,NA,NA,"Brazil","Espirito Santo","venda nova do imigrante","1Km a W cidade, entr. a Alto Bananeiras, 5-7Km da BR-262.",-41.133333,-20.3,"Ambiente: Margem da Mata atlantica. Habito: Árvore menor que 5m","BRA:CEPLAC:CEPEC:0000073525",NA,"Psidium rufum Mart. ex DC."
"180",NA,"Comissão Executiva do Plano da Lavoura Cacaueira (CEPLAC)","CEPEC","47854","Psidium rufum Mart. ex DC.",NA,"Myrtaceae","Psidium","rufum",NA,"Mart. ex DC.","E. N. Lughadha",NA,NA,"25891",NA,"R. M. Harley",NA,NA,NA,"Brazil","Bahia","rio de contas","Pico das Almas. Vertente leste. Campo do Queiroz.",-41.95,-13.533333,"Ambiente: Mata seca. Campo arenoso c/ afloram. de rocha copnglomerada. Habito: Arbusto","BRA:CEPLAC:CEPEC:0000047854",NA,"Psidium rufum Mart. ex DC."
"181","2017-06-23T10:53:25.000+0000","MNHN","P","P05205107","Psidium rufum Mart. ex DC.",NA,"Myrtaceae","Psidium","rufum",NA,"Mart. ex DC.",NA,NA,NA,NA,"14845","Glaziou, A.",NA,NA,NA,"Brazil","Rio de Janeiro",NA,NA,NA,NA,NA,"http://coldb.mnhn.fr/catalognumber/mnhn/p/p05205107",NA,"Psidium rufum Mart. ex DC."
"182",NA,"UEFS","HUEFS","86711","Psidium cupreum O.Berg",NA,"Myrtaceae","Psidium","cupreum",NA,"O.Berg",NA,NA,"TYPE","2231",NA,"Sellow",NA,NA,NA,"Brazil","Rio de Janeiro",NA,NA,NA,NA,NA,"BRA:UEFS:HUEFS:0000086711",NA,"Psidium cupreum O.Berg"
