"","modified","institutionCode","collectionCode","catalogNumber","scientificName","identificationQualifier","family","genus","specificEpithet","scientificNameAuthorship","identifiedBy","dateIdentified","typeStatus","recordNumber","fieldNumber","recordedBy","year","month","day","country","stateProvince","municipality","locality","decimalLongitude","decimalLatitude","occurrenceRemarks","occurrenceID","bibliographicCitation","acceptedNameUsage","infraspecificEpithet","comments"
"1",NA,"Universidade Federal da Bahia (UFBA)","ALCB","131754","Hymenolobium modestum Ducke",NA,"Fabaceae","Hymenolobium","modestum","Ducke","Melchor-Castro, B","2018-08-01T00:00:00.000+0000",NA,"4054",NA,"Cardoso, D; T. Andr칠; Peu",2016,4,11,"Brazil","Par치","Itaituba","Penedo, Terra Preta. Rio Tapaj?s.",-57.245,-5.659722,"Planta jovem. DNA.","BRA:UFBA:ALCB:0000131754",NA,"Hymenolobium modestum Ducke",NA,NA
"2",NA,"Universidade Federal da Bahia (UFBA)","ALCB","132110","Hymenolobium modestum Ducke",NA,"Fabaceae","Hymenolobium","modestum","Ducke","Melchor-Castro, B","2018-08-01T00:00:00.000+0000",NA,"4085",NA,"Cardoso, D; Giacomin, LL",2016,4,19,"Brazil","Par치","Belterra","BR-163, entorno da FLONA Tapaj?s.",-54.915833,-2.875833,"jovem, ca. 3 m alt. DNA.","BRA:UFBA:ALCB:0000132110",NA,"Hymenolobium modestum Ducke",NA,NA
"3",NA,"Universidade Federal da Bahia (UFBA)","ALCB","132115","Hymenolobium modestum Ducke",NA,"Fabaceae","Hymenolobium","modestum","Ducke","Melchor-Castro, B","2018-08-01T00:00:00.000+0000",NA,"4090",NA,"Cardoso, D; Giacomin, LL",2016,4,19,"Brazil","Par치","Belterra","BR-163, entorno da FLONA Tapaj?s.",-54.900556,-2.809444,"com ca. 25 m alt., caule quando cortado exudando resina avermelhada. Foto. DNA.","BRA:UFBA:ALCB:0000132115",NA,"Hymenolobium modestum Ducke",NA,NA
"4",NA,"Universidade Federal da Bahia (UFBA)","ALCB","132099","Hymenolobium modestum Ducke",NA,"Fabaceae","Hymenolobium","modestum","Ducke","Melchor-Castro, B","2018-08-01T00:00:00.000+0000",NA,"4067",NA,"Cardoso, D; T. Andr칠; Peu",2016,4,13,"Brazil","Par치","Itaituba","S?o Luiz do Tapaj?s, margem direita do Rio Tapaj?s.",-56.244722,-4.495833,"ca. 25 m alt., com ra칤zes tabulares. Foto. DNA.","BRA:UFBA:ALCB:0000132099",NA,"Hymenolobium modestum Ducke",NA,NA
"5",NA,"Universidade Federal da Bahia (UFBA)","ALCB","132114","Hymenolobium modestum Ducke",NA,"Fabaceae","Hymenolobium","modestum","Ducke","Melchor-Castro, B","2018-08-01T00:00:00.000+0000",NA,"4089",NA,"Cardoso, D; Giacomin, LL",2016,4,19,"Brazil","Par치","Belterra","BR-163, entorno da FLONA Tapaj?s.",-54.900556,-2.809444,"Pl칙ntula. Foto. DNA.","BRA:UFBA:ALCB:0000132114",NA,"Hymenolobium modestum Ducke",NA,NA
"6","2017-10-18T18:00:18.000+0000","JBRJ","RB","RB00902828","Hymenolobium modestum Ducke",NA,"Fabaceae","Hymenolobium","modestum","Ducke","Dexter, K.G.",NA,NA,"6878",NA,"Dexter, K.G.; Santana, F.",2014,6,25,"Brazil","Amazonas","Manaus","Reserva Adolfo Ducke, North of Manaus, PPBIO plot LO5:1500.",-59.928056,-2.960556,"15m alt., 12,3cm DBH, slightly fissured dark grayish brown bark - Material no Banco de DNA","urn:catalog:JBRJ:RB:902828",NA,"Hymenolobium modestum Ducke",NA,NA
"7","2018-02-08T10:23:20.000+0000","JBRJ","RB","RB00903483","Hymenolobium modestum Ducke",NA,"Fabaceae","Hymenolobium","modestum","Ducke","briggitthe  melchor-castro",NA,NA,"1965",NA,"Neves, D.M.; Silva, A.S.L.; Carvalho, C.; Barbosa, C.V.O.; Teixeira, L.A.",2014,8,27,"Brazil","Par치","Melga칞o","Flona Caxiuana, arredores da base fisica da Estacao Cientifica Ferreira Pena.",-51.455278,-1.7375,"Arvore ca. 15m alt., foliolos papiraceos, esteril, coletado materia para DNA","urn:catalog:JBRJ:RB:903483",NA,"Hymenolobium modestum Ducke",NA,NA
"8","2017-07-18T13:30:43.000+0000","JBRJ","RB","RB01340452","Hymenolobium modestum Ducke",NA,"Fabaceae","Hymenolobium","modestum","Ducke",NA,NA,NA,"762",NA,"E.D. Cruz",2013,4,18,"Brazil","Par치","Moju","Campo experimental da Embrapa, ramal de Bet칙nia, perto do rio",-48.804167,-2.132222,NA,"urn:catalog:JBRJ:RB:1340452",NA,"Hymenolobium modestum Ducke",NA,NA
"9",NA,"UEFS","HUEFS","238755","Hymenolobium modestum Ducke",NA,"Fabaceae","Hymenolobium","modestum","Ducke","H.C.de Lima","2013-10-01T00:00:00.000+0000",NA,"7731",NA,"Lima, H.C.de",2013,8,23,"Brazil","Par치","Novo Progresso","Serra do Cachimbo, BR-163, Km 100, Cachoeira Salto do Curu치.",-54.962222,-8.735278,NA,"BRA:UEFS:HUEFS:0000238755",NA,"Hymenolobium modestum Ducke",NA,NA
"10","2017-11-24T16:08:18.000+0000","JBRJ","RB","RB00800911","Hymenolobium modestum Ducke",NA,"Fabaceae","Hymenolobium","modestum","Ducke","Haroldo C. de Lima",NA,NA,"7731",NA,"Haroldo C. de Lima; F. Bonadeu, A.K. Koch, L.E.A. Silva, S. Maciel, L. Lima & S.R. de Jesus",2013,8,23,"Brazil","Par치","Novo Progresso","Serra do Cachimbo, BR-163, Km 100, Cachoeira Salto do Curu치.",-54.962222,-8.735278,"츼rvore cerca de 15 metros de altura. Tronco com casca lisa e levemente fissurada, pardo-acizentada, DAP ca. 30 cm. Est칠ril. Ocasional na mata sobre afloramento (vi tr칡s 치rvores adultas). Material para DNA. Fotos HCL & FB.","urn:catalog:JBRJ:RB:800911",NA,"Hymenolobium modestum Ducke",NA,NA
"11","2014-07-08T01:43:30.000+0000","JBRJ","RB","RB00800912","Hymenolobium modestum Ducke",NA,"Fabaceae","Hymenolobium","modestum","Ducke","Haroldo C. de Lima","2013-08-23T00:00:00.000+0000",NA,"7732",NA,"Haroldo C. de Lima; F. Bonadeu, A.K. Koch, L.E.A. Silva, S. Maciel, L. Lima & S.R. de Jesus",2013,8,23,"Brazil","Par치","Novo Progresso","Serra do Cachimbo,BR-163, Km 100, Cachoeira Salto do Curu치. .",-57.962222,-8.735278,"츼rvore com 12 metros de altura. Tronco com casca levemente fissurada, pardacenta, DAP CA. 45 cm. Est칠ril. Folhas de rebroto e folhas adultas no ch칚o. Ocasional na mata de entorno da cachoeira. Material para DNA","urn:catalog:JBRJ:RB:800912",NA,"Hymenolobium modestum Ducke",NA,NA
"12","2010-02-26T16:08:26.000+0000","K","Herbarium","K000652732","Hymenolobium modestum Ducke",NA,"Fabaceae","Hymenolobium","modestum","Ducke","Rico, L.",NA,NA,"278",NA,"Piva, J.H.; Henicka, G.S.; dos Reis, T.C.Y.; Henicka, T.S.",2009,1,14,"Brazil",NA,"Novo Mundo","Parque Estadual Cristalino, beira da estrada.GPS :G 143",-55.86,-9.56,"Common Name: angelim-pedra","http://specimens.kew.org/herbarium/K000652732",NA,"Hymenolobium modestum Ducke",NA,NA
"13","2010-02-26T17:10:41.000+0000","K","Herbarium","K000578432","Hymenolobium modestum Ducke",NA,"Fabaceae","Hymenolobium","modestum","Ducke","Ramos, J.F.",NA,NA,"1579",NA,"Piva, J.H.; Andr칠, T.J.C.; Mortati, A.F.; Sasaki, D.; Nascimento, J.",2007,5,5,"Brazil",NA,"Novo Mundo","Propriedade particular de preserva칞칚o ambiental delimitada pelo Parque Estadual Cristalino e pelos rios Teles Pires e Cristalino. Pr칩ximo  beira do Rio Cristalino, entre a base do Lim칚o e a Trilha daGPS :A 486",-55.91,-9.55,"Common Name: angelim-margoso.","http://specimens.kew.org/herbarium/K000578432",NA,"Hymenolobium modestum Ducke",NA,NA
"14",NA,"Instituto Federal de Educa칞칚o, Ci칡ncia e Tecnologia (IFAM)","EAFM","1421","Hymenolobium modestum Ducke",NA,"Fabaceae","Hymenolobium","modestum","Ducke","Assun칞칚o, P.","2010-03-10T00:00:00.000+0000",NA,"239",NA,"Stropp, J.; Assun칞칚o, P.",2007,7,NA,"Brazil","Amazonas","S칚o Gabriel da Cachoeira","rio Icana; Comunidade de Jandu Cachoeira, Atr치s da Pista de Avi칚o.",0,0,"Floresta de Campinarana. ; HA","BRA:IFAM - CMZL:EAFM:0000001421",NA,"Hymenolobium modestum Ducke",NA,NA
"15","2014-07-22T18:52:38.000+0000","JBRJ","RB","RB00514709","Hymenolobium modestum Ducke",NA,"Fabaceae","Hymenolobium","modestum","Ducke","Haroldo C. de Lima",NA,NA,"6813",NA,"H.C. de Lima; S.M. de Faria & R.D. Ribeiro",2007,12,15,"Brazil","Par치","Terra Santa","Estrada Porto Trombetas- Terra Santa, ca. 10 Km antes de Terra Santa. Campina sobre solo arenoso e mata baixa.",-56.613611,-2.026667,"츼rvore jovem com. 8 m altura. Est칠ril. Ocasional na mata baixa no entorno da campina. Material DNA.","urn:catalog:JBRJ:RB:514709",NA,"Hymenolobium modestum Ducke",NA,NA
"16","2014-07-08T02:08:49.000+0000","JBRJ","RB","RB00320408","Hymenolobium modestum Ducke",NA,"Fabaceae","Hymenolobium","modestum","Ducke","Haroldo C. de Lima",NA,NA,"539",NA,"Robson D. Ribeiro; Haroldo C. de Lima, S칠rgio M. de Faria & Luis S. de Lima",2005,11,11,"Brazil","Par치","Oriximin치","Porto Trombetas, estrada C-Leste.",NA,NA,"츼rvore com 6 metros de altura, tronco claro. Folhas discolores dispostas no final dos ramos. DNA","urn:catalog:JBRJ:RB:320408",NA,"Hymenolobium modestum Ducke",NA,NA
"17","2014-07-07T19:28:00.000+0000","JBRJ","RB","RB00585519","Hymenolobium modestum Ducke",NA,"Fabaceae","Hymenolobium","modestum","Ducke","Gomes,A.O.",NA,NA,"1151",NA,"Freitas,M.A.; Gomes,A.O. & Nascimento,D.",2004,8,22,"Brazil","Par치","Melga칞o","Caxiuan칚.",-51.483611,-1.728611,NA,"urn:catalog:JBRJ:RB:585519",NA,"Hymenolobium modestum Ducke",NA,NA
"18","2014-09-26T00:00:00.000+0000","Instituto Nacional de Pesquisas da Amaz칪nia (INPA)","Cole칞칚o Bot칙nica, Instituto Nacional de Pesquisas da Amaz칪nia (INPA)","224399","Hymenolobium modestum Ducke",NA,"Fabaceae","Hymenolobium","modestum","Ducke","Gomes, A.O.","2004-08-01T00:00:00.000+0000",NA,"1151",NA,"Freitas, MA de",2004,10,8,"Brazil","Par치",NA,"Caxiuan칚. Plat칪.",-51.48,-1.728611,NA,"urn:catalog:inpa:herbarium:208557",NA,"Hymenolobium modestum Ducke",NA,NA
"19","2014-09-26T00:00:00.000+0000","Instituto Nacional de Pesquisas da Amaz칪nia (INPA)","Cole칞칚o Bot칙nica, Instituto Nacional de Pesquisas da Amaz칪nia (INPA)","213609","Hymenolobium modestum Ducke",NA,"Fabaceae","Hymenolobium","modestum","Ducke","Silva, M.C. da","2003-01-01T00:00:00.000+0000",NA,"255",NA,"Souza, MC de",2003,8,14,"Brazil","Amazonas",NA,"Cacau Pirera, borda da mata, lado esquerdo, 1,5 km ap칩s o Porto. Ramal - 150 m distante da estrada principal.",NA,NA,NA,"urn:catalog:inpa:herbarium:191649",NA,"Hymenolobium modestum Ducke",NA,NA
"20","2014-09-26T00:00:00.000+0000","Instituto Nacional de Pesquisas da Amaz칪nia (INPA)","Cole칞칚o Bot칙nica, Instituto Nacional de Pesquisas da Amaz칪nia (INPA)","212893","Hymenolobium modestum Ducke",NA,"Fabaceae","Hymenolobium","modestum","Ducke","Ramos, J.F.","2002-08-01T00:00:00.000+0000",NA,"129",NA,"Miranda, IP da A.",2002,4,16,"Brazil","Par치",NA,"Porto Trombetas. Minera칞칚o Rio do Norte (M.R.N.). Levantamento da campina e flora ap칤cola, km 5. Mata de beira de estrada, extrato inferior.",NA,NA,NA,"urn:catalog:inpa:herbarium:103783",NA,"Hymenolobium modestum Ducke",NA,NA
"21","2017-10-18T12:55:03.000+0000","JBRJ","RB","RB00116628","Hymenolobium modestum Ducke",NA,"Fabaceae","Hymenolobium","modestum","Ducke",NA,NA,NA,"2386",NA,"S.M. de Faria et al.",2001,3,10,"Brazil","Par치","Par치","Porto Trombetas, Oriximin치, Estrada Rodovia da Mina. 츼rvore com 8 metros de altura com flores de cor r칩sea. N칚o observado a nodula칞칚o.",NA,NA,NA,"urn:catalog:JBRJ:RB:116628",NA,"Hymenolobium modestum Ducke",NA,NA
"22","2016-01-19T11:16:47.000+0000","JBRJ","RB","RB00770656","Hymenolobium modestum Ducke",NA,"Fabaceae","Hymenolobium","modestum","Ducke",NA,NA,NA,"1159",NA,"S.M. de Faria; D. Fonseca; A. Franco",1996,3,13,"Brazil","Par치","Oriximin치","Porto Trombetas. Entrada da barragem do Caran칚.",NA,NA,"츼rvore com 8m de altura com frutos maduros. N칚o foi observada a nodula칞칚o","urn:catalog:JBRJ:RB:770656",NA,"Hymenolobium modestum Ducke",NA,NA
"23","2014-07-22T09:20:46.000+0000","JBRJ","RB","RB00177756","Hymenolobium modestum Ducke","cf.","Fabaceae","Hymenolobium","modestum","Ducke","D CORR칅A",NA,NA,NA,NA,"S. G. EGLER; J. RIBEIRO, J. B. ROCHA E J. RAMOS.",1994,8,4,"Brazil","Amazonas","Manaus","RIO CUIEIRAS.",NA,NA,"츼RVORE, 17M DE ALT.; DAP 12,9.","urn:catalog:JBRJ:RB:177756",NA,"Hymenolobium modestum Ducke",NA,NA
"24","2014-07-22T07:00:53.000+0000","JBRJ","RB","RB00116630","Hymenolobium modestum Ducke",NA,"Fabaceae","Hymenolobium","modestum","Ducke",NA,NA,NA,"536",NA,"S.M. de Faria et al.",1992,11,24,"Brazil","Par치","Par치","Porto Trombetas, Horto Florestal. 1 muda observada com n칩dulos. Ver SMF 1159.",NA,NA,NA,"urn:catalog:JBRJ:RB:116630",NA,"Hymenolobium modestum Ducke",NA,NA
"25",NA,"Instituto de Bot칙nica, IBT","SP","320870","Hymenolobium modestum Ducke",NA,"Fabaceae","Hymenolobium","modestum","Ducke",NA,NA,NA,"1738",NA,"Maciel, UN; Ros치rio, CS",1989,1,18,"Brazil","Rond칪nia","Porto Velho","UHE de Samuel, Rio Jamari",0,0,NA,"BRA:IBt:SP:0000320870",NA,"Hymenolobium modestum Ducke",NA,NA
"26","2012-03-06T16:43:00.000+0000","MO","MO","97715","Hymenolobium modestum Ducke",NA,"Fabaceae","Hymenolobium","modestum","Ducke","J.J. Pipoly (MO)","1992-01-01T00:00:00.000+0000",NA,"N칰침ez Vargas 9814",13,"Percy N칰침ez V.|et al.",1988,8,13,"Peru","Madre de Dios",NA,"Mas arriba de Moho en la quebrada Juliaca e inicio al Oeste de las pampas del R칤o Heath en la frontera con Bolivia. Colectado con: D. Ricalde, T. Parker, W. Wust, W. Wither, C. Walton, K. Rosemberg, P. Marra (LSU), D. Cruz, I. Acosta, A. Osorio.",-68.7,-12.566667,NA,"urn:catalog:MO:Tropicos:97715","http://www.tropicos.org/Specimen/97715","Hymenolobium modestum Ducke",NA,NA
"27","2017-12-06T09:11:59.000+0000","JBRJ","RB","RB00417139","Hymenolobium modestum Ducke","cf.","Fabaceae","Hymenolobium","modestum","Ducke","Briggithe Melchor - Castro",NA,NA,"3249",NA,"Haroldo C. de Lima; M.L..Kawasaki, J.Guedes; R.P. de Lima; E. da Silva & L.S.Fontes",1987,11,18,"Brazil","Amazonas","S칚o Gabriel da Cachoeira","Rio Uaup칠s, Ipanur칠, caminho para a Cova do Diabo.",NA,NA,"츼rvore mediana, 18 metros de altura. DAP 20 cm. Est칠ril. Na caatinga baixa.","urn:catalog:JBRJ:RB:417139",NA,"Hymenolobium modestum Ducke",NA,NA
"28","2014-09-26T00:00:00.000+0000","Instituto Nacional de Pesquisas da Amaz칪nia (INPA)","Cole칞칚o Bot칙nica, Instituto Nacional de Pesquisas da Amaz칪nia (INPA)","181711","Hymenolobium modestum Ducke",NA,"Fabaceae","Hymenolobium","modestum","Ducke",NA,NA,NA,"3339",NA,"Lima, HC de",1987,11,28,"Brazil","Amazonas",NA,"Alto Rio Negro, estrada para Cucu칤, BR-307, entre Km 53 e 60. Desmatamento de Maturac치",NA,NA,NA,"urn:catalog:inpa:herbarium:82858",NA,"Hymenolobium modestum Ducke",NA,NA
"29","2014-07-08T03:21:20.000+0000","JBRJ","RB","RB00416761","Hymenolobium modestum Ducke","cf.","Fabaceae","Hymenolobium","modestum","Ducke",NA,NA,NA,"3339",NA,"Haroldo C. de Lima; Jos칠 Guedes & Antonio Martiniano Neto",1987,11,28,"Brazil","Amazonas","S칚o Gabriel da Cachoeira","Estrada para Cueui; BR-307, Destacamento de Maturac치, Km 53-60. Caatinga sobre solo arenoso.",NA,NA,"츼rvore alta com 28 metros de altura. Tronco com casca lisa, sapopemas na base, lenho castanho-claro e DAP 45 cm. Est칠ril. Ocasional na caatinga alta. Cole칞칚o de madeira.","urn:catalog:JBRJ:RB:416761",NA,"Hymenolobium modestum Ducke",NA,NA
"30","2014-09-26T00:00:00.000+0000","Instituto Nacional de Pesquisas da Amaz칪nia (INPA)","Cole칞칚o Bot칙nica, Instituto Nacional de Pesquisas da Amaz칪nia (INPA)","157791","Hymenolobium modestum Ducke",NA,"Fabaceae","Hymenolobium","modestum","Ducke","Lima, H.C. de","1986-01-01T00:00:00.000+0000",NA,"2775",NA,"Lima, HC de",1986,11,24,"Brazil","Amazonas",NA,"Estrada do Bonfim logo ap칩s a sa칤da da cidade de S칚o Paulo de Oliven칞a.",-69,-3.5,NA,"urn:catalog:inpa:herbarium:82650",NA,"Hymenolobium modestum Ducke",NA,NA
"31",NA,"NY","NY","01451046","Hymenolobium modestum Ducke",NA,"Fabaceae","Hymenolobium","modestum","Ducke","H. C. de Lima","1986-01-01T00:00:00.000+0000",NA,"2775",NA,"H. C. de Lima",1986,11,24,"Brazil","Amazonas",NA,"Estrada do Bonfim, logo ap칩s a sa칤da da cidade de S칚o Paulo de Oliven칞a",-68.935084,-3.471174,NA,"2fd2d680-bfd5-4c62-a2cb-9937d3ba3b56",NA,"Hymenolobium modestum Ducke",NA,NA
"32","2014-09-26T00:00:00.000+0000","Instituto Nacional de Pesquisas da Amaz칪nia (INPA)","Cole칞칚o Bot칙nica, Instituto Nacional de Pesquisas da Amaz칪nia (INPA)","161076","Hymenolobium modestum Ducke",NA,"Fabaceae","Hymenolobium","modestum","Ducke","Lima, H.C. de","1995-09-01T00:00:00.000+0000",NA,"5855",NA,"Boom, BM",1985,2,15,"Venezuela, Bolivarian Republic of","Amazonas",NA,"Neblina Base Camp, Neblina Base Camp, Rio Mawarinuma. Cerro de la Neblina Expedition.",-66.17,0.833333,NA,"urn:catalog:inpa:herbarium:17213",NA,"Hymenolobium modestum Ducke",NA,NA
"33","2014-09-26T00:00:00.000+0000","Instituto Nacional de Pesquisas da Amaz칪nia (INPA)","Cole칞칚o Bot칙nica, Instituto Nacional de Pesquisas da Amaz칪nia (INPA)","161120","Hymenolobium modestum Ducke",NA,"Fabaceae","Hymenolobium","modestum","Ducke","Lima, H.C. de","1995-09-01T00:00:00.000+0000",NA,"6019",NA,"Boom, BM",1985,2,28,"Venezuela, Bolivarian Republic of","Amazonas",NA,"Neblina Base Camp, Neblina Base Camp, Rio Mawarinuma. Cerro de la Neblina Expedition.",-66.17,0.833333,NA,"urn:catalog:inpa:herbarium:17263",NA,"Hymenolobium modestum Ducke",NA,NA
"34","2014-09-26T00:00:00.000+0000","Instituto Nacional de Pesquisas da Amaz칪nia (INPA)","Cole칞칚o Bot칙nica, Instituto Nacional de Pesquisas da Amaz칪nia (INPA)","161120","Hymenolobium modestum Ducke",NA,"Fabaceae","Hymenolobium","modestum","Ducke","Lima, H.C. de","1995-09-01T00:00:00.000+0000",NA,"6019",NA,"Boom, BM",1985,2,28,"Venezuela, Bolivarian Republic of","Amazonas",NA,"Neblina Base Camp, Neblina Base Camp, Rio Mawarinuma. Cerro de la Neblina Expedition.",-66.17,0.833333,NA,"urn:catalog:inpa:herbarium:17263",NA,"Hymenolobium modestum Ducke",NA,NA
"35","2014-09-26T00:00:00.000+0000","Instituto Nacional de Pesquisas da Amaz칪nia (INPA)","Cole칞칚o Bot칙nica, Instituto Nacional de Pesquisas da Amaz칪nia (INPA)","141220","Hymenolobium modestum Ducke",NA,"Fabaceae","Hymenolobium","modestum","Ducke","Rodrigues, W.A.","1981-01-01T00:00:00.000+0000",NA,"1509",NA,"Barbosa, M",1980,9,19,"Brazil","Par치",NA,"Barreirinha, Curu치-Una",NA,NA,NA,"urn:catalog:inpa:herbarium:12638",NA,"Hymenolobium modestum Ducke",NA,NA
"36","2014-09-26T00:00:00.000+0000","Instituto Nacional de Pesquisas da Amaz칪nia (INPA)","Cole칞칚o Bot칙nica, Instituto Nacional de Pesquisas da Amaz칪nia (INPA)","82791","Hymenolobium modestum Ducke",NA,"Fabaceae","Hymenolobium","modestum","Ducke",NA,NA,NA,"1348",NA,"Pessoal do L.P.F., Bras_lia",1978,1,28,"Brazil","Par치",NA,"Barreirinha, Curu치-Una.",NA,NA,NA,"urn:catalog:inpa:herbarium:121330",NA,"Hymenolobium modestum Ducke",NA,NA
"37","2014-09-26T00:00:00.000+0000","Instituto Nacional de Pesquisas da Amaz칪nia (INPA)","Cole칞칚o Bot칙nica, Instituto Nacional de Pesquisas da Amaz칪nia (INPA)","82735","Hymenolobium modestum Ducke",NA,"Fabaceae","Hymenolobium","modestum","Ducke",NA,NA,NA,"1321",NA,"Pessoal do L.P.F., Bras_lia",1978,1,19,"Brazil","Par치",NA,"Barreirinha, Curu치-Una.",NA,NA,NA,"urn:catalog:inpa:herbarium:121303",NA,"Hymenolobium modestum Ducke",NA,NA
"38","2014-09-26T00:00:00.000+0000","Instituto Nacional de Pesquisas da Amaz칪nia (INPA)","Cole칞칚o Bot칙nica, Instituto Nacional de Pesquisas da Amaz칪nia (INPA)","82699","Hymenolobium modestum Ducke",NA,"Fabaceae","Hymenolobium","modestum","Ducke",NA,NA,NA,"1285",NA,"Pessoal do L.P.F., Bras_lia",1978,1,9,"Brazil","Par치",NA,"Barreirinha, Curu치-Una.",NA,NA,NA,"urn:catalog:inpa:herbarium:121269",NA,"Hymenolobium modestum Ducke",NA,NA
"39","2014-09-26T00:00:00.000+0000","Instituto Nacional de Pesquisas da Amaz칪nia (INPA)","Cole칞칚o Bot칙nica, Instituto Nacional de Pesquisas da Amaz칪nia (INPA)","82918","Hymenolobium modestum Ducke",NA,"Fabaceae","Hymenolobium","modestum","Ducke",NA,NA,NA,"1047",NA,"Pessoal do L.P.F., Bras_lia",1977,9,27,"Brazil","Par치",NA,"Barreirinha, Curu치-Una.",NA,NA,NA,"urn:catalog:inpa:herbarium:121063",NA,"Hymenolobium modestum Ducke",NA,NA
"40","2014-09-26T00:00:00.000+0000","Instituto Nacional de Pesquisas da Amaz칪nia (INPA)","Cole칞칚o Bot칙nica, Instituto Nacional de Pesquisas da Amaz칪nia (INPA)","82493","Hymenolobium modestum Ducke",NA,"Fabaceae","Hymenolobium","modestum","Ducke",NA,NA,NA,"1079",NA,"Pessoal do L.P.F., Bras_lia",1977,10,5,"Brazil","Par치",NA,"Barreirinha, Curu치-Una.",NA,NA,NA,"urn:catalog:inpa:herbarium:121090",NA,"Hymenolobium modestum Ducke",NA,NA
"41","2014-09-26T00:00:00.000+0000","Instituto Nacional de Pesquisas da Amaz칪nia (INPA)","Cole칞칚o Bot칙nica, Instituto Nacional de Pesquisas da Amaz칪nia (INPA)","57616","Hymenolobium modestum Ducke",NA,"Fabaceae","Hymenolobium","modestum","Ducke",NA,NA,NA,"INPA57616",NA,"Mello, FC de",1976,6,23,"Brazil","Amazonas",NA,"Reserva Florestal Adolfo Ducke, Estrada Manaus-Itacoatiara, km 26, Reserva Florestal Ducke. Fenol칩gico 치rvore n췈 85.",-59.97,-2.883333,NA,"urn:catalog:inpa:herbarium:99967",NA,"Hymenolobium modestum Ducke",NA,NA
"42","2014-09-26T00:00:00.000+0000","Instituto Nacional de Pesquisas da Amaz칪nia (INPA)","Cole칞칚o Bot칙nica, Instituto Nacional de Pesquisas da Amaz칪nia (INPA)","63360","Hymenolobium modestum Ducke",NA,"Fabaceae","Hymenolobium","modestum","Ducke","Lima, H.C. de","1987-12-01T00:00:00.000+0000",NA,"76-1308",NA,"Monteiro, OP",1976,11,NA,"Brazil","Amazonas",NA,"Rio Canum칚",NA,NA,NA,"urn:catalog:inpa:herbarium:107513",NA,"Hymenolobium modestum Ducke",NA,NA
"43","2017-10-19T13:51:50.000+0000","JBRJ","RB","RB00115549","Hymenolobium modestum Ducke",NA,"Fabaceae","Hymenolobium","modestum","Ducke",NA,NA,NA,"4908",NA,"E.Oliveira",1969,9,3,"Brazil","Par치","Salvaterra","Ilha do Maraj칩, R.Paracauari, estrada da Fa. Faz. Prainha, campo t.f. 츼rvore de 15 m ; flor roseo claro.",NA,NA,NA,"urn:catalog:JBRJ:RB:115549",NA,"Hymenolobium modestum Ducke",NA,NA
"44","2014-09-26T00:00:00.000+0000","Instituto Nacional de Pesquisas da Amaz칪nia (INPA)","Cole칞칚o Bot칙nica, Instituto Nacional de Pesquisas da Amaz칪nia (INPA)","5980","Hymenolobium modestum Ducke",NA,"Fabaceae","Hymenolobium","modestum","Ducke",NA,NA,NA,"INPA5980",NA,"Co퍝lho, DF",1957,11,27,"Brazil","Amazonas",NA,"Reserva Florestal Adolfo Ducke, Reserva Florestal Ducke",-59.97,-2.883333,NA,"urn:catalog:inpa:herbarium:27231",NA,"Hymenolobium modestum Ducke",NA,NA
"45","2014-09-26T00:00:00.000+0000","Instituto Nacional de Pesquisas da Amaz칪nia (INPA)","Cole칞칚o Bot칙nica, Instituto Nacional de Pesquisas da Amaz칪nia (INPA)","3409","Hymenolobium modestum Ducke",NA,"Fabaceae","Hymenolobium","modestum","Ducke","Lima, H.C. de","1984-01-01T00:00:00.000+0000",NA,"INPA3409",NA,"Co퍝lho, DF",1956,2,1,"Brazil","Amazonas",NA,"Estrada antiga de S칚o Raimundo",NA,NA,NA,"urn:catalog:inpa:herbarium:27232",NA,"Hymenolobium modestum Ducke",NA,NA
"46",NA,"NY","NY","01451047","Hymenolobium modestum Ducke",NA,"Fabaceae","Hymenolobium","modestum","Ducke","W. A. Ducke",NA,NA,"1185",NA,"W. A. Ducke",1943,2,1,"Brazil","Amazonas",NA,"Estrada do Aleixo.",-59.955906,-3.075656,NA,"874e4fd0-7bcb-4723-9fd6-6916ef80e3b1",NA,"Hymenolobium modestum Ducke",NA,NA
"47",NA,"MN","R","54831","Hymenolobium modestum Ducke",NA,"Fabaceae","Hymenolobium","modestum","Ducke",NA,NA,NA,"1185",NA,"Ducke, W.A.",1943,2,1,"Brazil","Amazonas","Manaus",NA,NA,NA,"Museu Nacional - Rio de Janeiro","BRA:MN:R:0000054831",NA,"Hymenolobium modestum Ducke",NA,NA
"48","2014-07-22T09:20:51.000+0000","JBRJ","RB","RB00177734","Hymenolobium modestum Ducke",NA,"Fabaceae","Hymenolobium","modestum","Ducke",NA,NA,NA,"1185",NA,"A DUCKE",1943,2,26,"Brazil","Amazonas","Manaus","ESTR. DO ALEIXO.",NA,NA,"츼RV. MUITO GRANDE, FL. ROSEA PALLEDO, FR. BRANCACENTO.","urn:catalog:JBRJ:RB:177734",NA,"Hymenolobium modestum Ducke",NA,NA
"49","2009-07-17T09:47:00.000+0000","MO","MO","3198966","Hymenolobium modestum Ducke",NA,"Fabaceae","Hymenolobium","modestum","Ducke","Pipoly","1992-01-01T00:00:00.000+0000",NA,"Ducke 1185",NA,"A. Ducke",1943,2,1,"Brazil","Amazonas",NA,"Mana'os estrada Alexio, silva non inundalil in solo arenoso",NA,NA,NA,"urn:catalog:MO:Tropicos:3198966","http://www.tropicos.org/Specimen/3198966","Hymenolobium modestum Ducke",NA,NA
"50",NA,"US","Botany","1832015","Hymenolobium modestum Ducke",NA,"Fabaceae","Hymenolobium","modestum","Ducke",NA,NA,NA,"1185",NA,"A. Ducke",1943,NA,NA,"Brazil","Amazonas",NA,"Da Amazonia, Manaos, Estrada do Aleixo, Est. do Amazonas",NA,NA,NA,"http://n2t.net/ark:/65665/3466a2958-8e8b-43ee-81e3-a8adc1e70404",NA,"Hymenolobium modestum Ducke",NA,NA
"51","2017-10-10T21:50:29.000+0000","JBRJ","RB","RB00177745","Hymenolobium modestum Ducke",NA,"Fabaceae","Hymenolobium","modestum","Ducke",NA,NA,NA,NA,NA,"A. Ducke",1937,1,24,"Brazil","Amazonas","S칚o Paulo de Oliven칞a",NA,NA,NA,"츼rvore grande flor r칩sea, fruto verde claro","urn:catalog:JBRJ:RB:177745",NA,"Hymenolobium modestum Ducke",NA,NA
"52","2013-03-13T00:00:00.000+0000","K","Herbarium","K000893629","Hymenolobium modestum Ducke",NA,"Fabaceae","Hymenolobium","modestum","Ducke",NA,NA,NA,"s.n.",NA,"Ducke, A.",1937,1,24,"Brazil",NA,"S칚o Paulo de Oliven칞a","Rio Solim칫es.",NA,NA,NA,"http://specimens.kew.org/herbarium/K000893629",NA,"Hymenolobium modestum Ducke",NA,NA
"53","2018-04-24T13:31:10.000+0000","MNHN","P","P02767958","Hymenolobium modestum Ducke",NA,"Fabaceae","Hymenolobium","modestum","Ducke","Ducke",NA,NA,NA,34955,"Ducke, A.",1937,1,24,"Brazil","Amazonas",NA,NA,NA,NA,"Re칞u le 6 mai 1938","http://coldb.mnhn.fr/catalognumber/mnhn/p/p02767958",NA,"Hymenolobium modestum Ducke",NA,NA
"54",NA,NA,"Botany","U.1246853","Hymenolobium modestum Ducke",NA,"Fabaceae","Hymenolobium","modestum","Ducke",NA,NA,NA,NA,NA,"Ducke A",1937,1,24,"Brazil",NA,NA,"Procedencia S칚o Paulo de Oliven칞a (Rio Solim칫es. Amazonas).",NA,NA,NA,"http://data.biodiversitydata.nl/naturalis/specimen/U.1246853",NA,"Hymenolobium modestum Ducke",NA,NA
"55","2014-09-26T00:00:00.000+0000","Instituto Nacional de Pesquisas da Amaz칪nia (INPA)","Cole칞칚o Bot칙nica, Instituto Nacional de Pesquisas da Amaz칪nia (INPA)","15606","Hymenolobium modestum Ducke",NA,"Fabaceae","Hymenolobium","modestum","Ducke",NA,NA,NA,"s.n.",NA,"Ducke, A",1937,1,24,"Brazil","Amazonas",NA,NA,-69.45,-3.616667,NA,"urn:catalog:inpa:herbarium:40953",NA,"Hymenolobium modestum Ducke",NA,NA
"56",NA,"UEFS","HUEFS","233961","Hymenolobium modestum Ducke",NA,"Fabaceae","Hymenolobium","modestum","Ducke",NA,NA,NA,"RB34955",NA,"Ducke, A.",1937,1,24,"Brazil","Amazonas","S칚o Paulo de Oliven칞a",NA,NA,NA,"Mata de terra firme alta.","BRA:UEFS:HUEFS:0000233961",NA,"Hymenolobium modestum Ducke",NA,NA
"57",NA,"US","Botany","1499670","Hymenolobium modestum Ducke",NA,"Fabaceae","Hymenolobium","modestum","Ducke",NA,NA,NA,"23841",NA,"A. Ducke",1932,1,30,"Brazil","Amazonas",NA,"Procedencia Manaos (Amazonas) silva non inundabili loco Estrada do Aleixo",NA,NA,NA,"http://n2t.net/ark:/65665/3d6742d08-54ea-4a8d-9966-04169882df18",NA,"Hymenolobium modestum Ducke",NA,NA
"58","2015-04-11T10:14:14.000+0000","S","VascularPlants","S-R-9610","Hymenolobium modestum Ducke",NA,"Fabaceae","Hymenolobium","modestum","Ducke",NA,NA,NA,"23841",23841,"A. Ducke",1932,1,30,"Brazil","Amazonas",NA,"[Brazil] Amazonas, Man치os, loco Estrado do Aleixa",NA,NA,NA,"S:VascularPlants:S-R-9610",NA,"Hymenolobium modestum Ducke",NA,NA
"59","2014-09-26T00:00:00.000+0000","Instituto Nacional de Pesquisas da Amaz칪nia (INPA)","Cole칞칚o Bot칙nica, Instituto Nacional de Pesquisas da Amaz칪nia (INPA)","15608","Hymenolobium modestum Ducke",NA,"Fabaceae","Hymenolobium","modestum","Ducke",NA,NA,NA,"s.n.",NA,"Ducke, A",1932,1,30,"Brazil","Amazonas",NA,NA,-60.03,-3.416667,NA,"urn:catalog:inpa:herbarium:40952",NA,"Hymenolobium modestum Ducke",NA,NA
"60",NA,NA,"Botany","U.1246854","Hymenolobium modestum Ducke",NA,"Fabaceae","Hymenolobium","modestum","Ducke",NA,NA,NA,NA,NA,"Ducke A",1932,1,30,"Brazil",NA,NA,"Man치os (Amazonas) loes estrada do Aleixo.",NA,NA,NA,"http://data.biodiversitydata.nl/naturalis/specimen/U.1246854",NA,"Hymenolobium modestum Ducke",NA,NA
"61","2017-02-13T11:48:04.000+0000","MNHN","P","P02767957","Hymenolobium modestum Ducke",NA,"Fabaceae","Hymenolobium","modestum","Ducke","Ducke",NA,NA,NA,23841,"Ducke, A.",1932,1,30,"Brazil","Amazonas",NA,NA,NA,NA,"Re칞u le 18 mai 1934","http://coldb.mnhn.fr/catalognumber/mnhn/p/p02767957",NA,"Hymenolobium modestum Ducke",NA,NA
"62","2013-03-13T00:00:00.000+0000","K","Herbarium","K000893630","Hymenolobium modestum Ducke",NA,"Fabaceae","Hymenolobium","modestum","Ducke",NA,NA,NA,"s.n.",NA,"Ducke, A.",1932,1,30,"Brazil",NA,"Manaus","loco Estrada do Aleixo.",NA,NA,"A. Ducke leg. et. cht.","http://specimens.kew.org/herbarium/K000893630",NA,"Hymenolobium modestum Ducke",NA,NA
"63",NA,"F","Botany",NA,"Hymenolobium modestum Ducke",NA,"Fabaceae","Hymenolobium","modestum","Ducke",NA,NA,"SYNTYPE","15682",NA,"A. Ducke",1915,2,21,"Brazil",NA,NA,NA,-52.8731,-10.8339,NA,"33394746-cd86-44e2-92be-9da4b5378fc7",NA,"Hymenolobium modestum Ducke",NA,NA
"64",NA,"F","Botany",NA,"Hymenolobium modestum Ducke",NA,"Fabaceae","Hymenolobium","modestum","Ducke",NA,NA,"ISOLECTOTYPE","15725",NA,"A. Ducke",1915,3,16,"Brazil",NA,NA,NA,-52.8731,-10.8339,NA,"97039737-f23e-457a-9b17-f2bc3061b131",NA,"Hymenolobium modestum Ducke",NA,NA
"65","2017-10-18T12:35:15.000+0000","JBRJ","RB","RB00649197","Hymenolobium modestum Ducke",NA,"Fabaceae","Hymenolobium","modestum","Ducke","H.C. de Lima",NA,"ISOLECTOTYPE",NA,NA,"Ducke, A.; herb. Amaz. 15725",1915,3,16,"Brazil","Par치","칍bidos",NA,NA,NA,NA,"urn:catalog:JBRJ:RB:649197",NA,"Hymenolobium modestum Ducke",NA,NA
"66",NA,"F","Botany","V0059328F","Hymenolobium modestum Ducke",NA,"Fabaceae","Hymenolobium","modestum","Ducke",NA,NA,"ISOLECTOTYPE","15725",NA,"A. Ducke",1915,3,16,"Brazil",NA,NA,NA,-52.8731,-10.8339,NA,"f7548250-113f-4dac-ac71-85ab2ab898f0",NA,"Hymenolobium modestum Ducke",NA,NA
"67",NA,"US","Botany","1044169","Hymenolobium modestum Ducke",NA,"Fabaceae","Hymenolobium","modestum","Ducke",NA,NA,"ISOSYNTYPE","15725",NA,"A. Ducke",1915,3,16,"Brazil","Minas Gerais",NA,NA,NA,NA,NA,"http://n2t.net/ark:/65665/359a34ecf-0dc3-48c1-ae59-f198334d8240",NA,"Hymenolobium modestum Ducke",NA,NA
"68","2007-11-30T14:29:07.000+0000","K","Herbarium","K000530357","Hymenolobium modestum Ducke",NA,"Fabaceae","Hymenolobium","modestum","Ducke","Ducke, A.",NA,NA,"5580",NA,"Ducke, A.",1915,3,16,"Brazil",NA,NA,"Obidos",NA,NA,"Nome vulgar ""angelim""","http://specimens.kew.org/herbarium/K000530357",NA,"Hymenolobium modestum Ducke",NA,NA
"69",NA,"F","Botany",NA,"Hymenolobium modestum Ducke",NA,"Fabaceae","Hymenolobium","modestum","Ducke",NA,NA,"LECTOTYPE","15725",NA,"A. Ducke",1915,3,16,"Brazil",NA,NA,NA,-52.8731,-10.8339,NA,"b30476db-e925-4582-960a-30e977ef80b5",NA,"Hymenolobium modestum Ducke",NA,NA
"70","2017-10-18T12:12:39.000+0000","JBRJ","RB","RB00540290","Hymenolobium modestum Ducke",NA,"Fabaceae","Hymenolobium","modestum","Ducke","H.C. de Lima",NA,"ISOLECTOTYPE",NA,NA,"Ducke, A.; herb. Amaz. 15725",1915,3,16,"Brazil","Par치","칍bidos",NA,NA,NA,NA,"urn:catalog:JBRJ:RB:540290",NA,"Hymenolobium modestum Ducke",NA,NA
"71","2017-10-18T12:39:24.000+0000","JBRJ","RB","RB00649213","Hymenolobium modestum Ducke",NA,"Fabaceae","Hymenolobium","modestum","Ducke","H.C. de Lima",NA,"ISOLECTOTYPE",NA,NA,"Ducke, A.; herb. Amaz. 15725",1915,3,16,"Brazil","Par치","칍bidos",NA,NA,NA,NA,"urn:catalog:JBRJ:RB:649213",NA,"Hymenolobium modestum Ducke",NA,NA
"72","2017-10-18T12:46:07.000+0000","JBRJ","RB","RB00649211","Hymenolobium modestum Ducke",NA,"Fabaceae","Hymenolobium","modestum","Ducke","H.C. de Lima",NA,"ISOLECTOTYPE",NA,NA,"Ducke, A.; herb. Amaz. 15725",1915,3,16,"Brazil","Par치","칍bidos",NA,NA,NA,NA,"urn:catalog:JBRJ:RB:649211",NA,"Hymenolobium modestum Ducke",NA,NA
"73","2015-09-04T02:29:56.000+0000","MNHN","P","P02767961","Hymenolobium modestum Ducke",NA,"Fabaceae","Hymenolobium","modestum","Ducke","Melchor-Castro",NA,"ISOTYPE",NA,15725,"Ducke, A.",1915,3,16,"Brazil","Par치",NA,NA,NA,NA,"Re칞u le 8 Juillet 1919","http://coldb.mnhn.fr/catalognumber/mnhn/p/p02767961",NA,"Hymenolobium modestum Ducke",NA,NA
"74",NA,"F","Botany","V0059327F","Hymenolobium modestum Ducke",NA,"Fabaceae","Hymenolobium","modestum","Ducke",NA,NA,"ISOLECTOTYPE","15725",NA,"A. Ducke",1915,3,16,"Brazil",NA,NA,NA,-52.8731,-10.8339,NA,"c4b7693b-2cd5-409d-b949-4a0166a2820c",NA,"Hymenolobium modestum Ducke",NA,NA
"75",NA,NA,"Botany","U  0008023","Hymenolobium modestum Ducke",NA,"Fabaceae","Hymenolobium","modestum","Ducke","Ducke A",NA,"ISOLECTOTYPE",NA,NA,"Ducke A",1915,3,16,"Brazil","Par치",NA,"Obidos (civ. Par치).",NA,NA,NA,"http://data.biodiversitydata.nl/naturalis/specimen/U%20%200008023",NA,"Hymenolobium modestum Ducke",NA,NA
"76","2015-09-04T02:29:56.000+0000","MNHN","P","P02767960","Hymenolobium modestum Ducke",NA,"Fabaceae","Hymenolobium","modestum","Ducke","Melchor-Castro",NA,"ISOTYPE",NA,15725,"Ducke, A.",1915,3,16,"Brazil","Par치",NA,NA,NA,NA,"Re칞u le 8 Juillet 1919","http://coldb.mnhn.fr/catalognumber/mnhn/p/p02767960",NA,"Hymenolobium modestum Ducke",NA,NA
"77",NA,"MN","R","2376","Hymenolobium modestum Ducke",NA,"Fabaceae","Hymenolobium","modestum","Ducke",NA,NA,NA,"15725",NA,"Ducke, W.A.",NA,NA,NA,"Brazil","Par치","Obidos",NA,NA,NA,"Museu Nacional Divis칚o de Bot칙nica - Rio de Janeiro","BRA:MN:R:0000002376",NA,"Hymenolobium modestum Ducke",NA,NA
"78",NA,"US","Botany","1694166","Hymenolobium modestum Ducke",NA,"Fabaceae","Hymenolobium","modestum","Ducke",NA,NA,NA,"34955",NA,"A. Ducke",NA,NA,NA,"Brazil","S칚o Paulo",NA,"Procedencia Sao Paulo de Olivenca (Rio Solimoes, Amazonas) silva terris altis",NA,NA,NA,"http://n2t.net/ark:/65665/35a74aef1-46d0-4a3c-bae3-dcc236e5d69f",NA,"Hymenolobium modestum Ducke",NA,NA
"79","2013-03-13T00:00:00.000+0000","K","Herbarium","K000893628","Hymenolobium modestum Ducke",NA,"Fabaceae","Hymenolobium","modestum","Ducke",NA,NA,NA,"1185",NA,"Ducke, A.",NA,NA,NA,"Brazil",NA,"Manaus","Estrada do Aleixo.",NA,NA,"Plantas da Amaz칪nia. Data da Florif. 1/02/1943 e frutif. 26/02/1943","http://specimens.kew.org/herbarium/K000893628",NA,"Hymenolobium modestum Ducke",NA,NA
"80",NA,"US","Botany","1044168","Hymenolobium modestum Ducke",NA,"Fabaceae","Hymenolobium","modestum","Ducke",NA,NA,"ISOSYNTYPE","15725",NA,"A. Ducke",NA,NA,NA,"Brazil","Minas Gerais",NA,NA,NA,NA,NA,"http://n2t.net/ark:/65665/358868183-0f57-4515-b40e-543f13e2ae40",NA,"Hymenolobium modestum Ducke",NA,NA
"81","2017-10-18T00:09:14.000+0000","JBRJ","RB","RB00177739","Hymenolobium modestum Ducke",NA,"Fabaceae","Hymenolobium","modestum","Ducke",NA,NA,NA,NA,NA,"A DUCKE",NA,NA,NA,"Brazil","Amazonas","Manaus",NA,NA,NA,NA,"urn:catalog:JBRJ:RB:177739",NA,"Hymenolobium modestum Ducke",NA,NA
"82",NA,"NY","NY","01451048","Hymenolobium modestum Ducke",NA,"Fabaceae","Hymenolobium","modestum","Ducke","M. H. Nee","1994-01-01T00:00:00.000+0000",NA,"s.n.",NA,"A. J. C. Ferreira",NA,NA,NA,"Brazil","Amazonas",NA,"Distrito Agropecu치rio d SUFRAMA, Rodovia BR-174, km 0, depois, Fazenda. Reserva N췈 3209. Arv. N췈 17. Mata de terra firme sobre latosolo amarelo.",-60.031362,-2.41939,NA,"ae78e60e-0743-4e67-b1ad-933764779626",NA,"Hymenolobium modestum Ducke",NA,NA
"83",NA,"US","Botany","2368249","Hymenolobium modestum Ducke",NA,"Fabaceae","Hymenolobium","modestum","Ducke",NA,NA,NA,"3409",NA,"D. F. Co칡lho & J. Chagas",NA,NA,NA,"Brazil","Amazonas",NA,"Estrada antiga de S. Raimundo, Manaus, Amazonas",NA,NA,NA,"http://n2t.net/ark:/65665/35a26807a-2374-41bf-9ad8-6f11ecf300cd",NA,"Hymenolobium modestum Ducke",NA,NA
