"","modified","institutionCode","collectionCode","catalogNumber","scientificName","identificationQualifier","family","genus","specificEpithet","scientificNameAuthorship","identifiedBy","dateIdentified","typeStatus","recordNumber","fieldNumber","recordedBy","year","month","day","country","stateProvince","municipality","locality","decimalLongitude","decimalLatitude","occurrenceRemarks","occurrenceID","bibliographicCitation","acceptedNameUsage","infraspecificEpithet","comments","FID","new_Lat","new_Lon","notes"
"1",NA,"UEFS","HUEFS","233965","Hymenolobium heterocarpum Ducke",NA,"Fabaceae","Hymenolobium","heterocarpum","Ducke","H.C.de Lima & P.Assun√ß√£o","2016-01-01T00:00:00.000+0000",NA,"8204",NA,"Lima, H.C.de",2016,2,18,"brazil","amazonas","presidente figueiredo","Rodovia para Balbina, estrada vicinal do Km 13, Pousada Aldeia Mari-mari, Igarap√© Mutum.",-59.909444,-2.016389,"Campinarana florestada.","BRA:UEFS:HUEFS:0000233965",NA,"Hymenolobium heterocarpum Ducke",NA,NA,5487,-2.016389,-59.909444,"original coordinates"
"2",NA,"UEFS","HUEFS","160732","Hymenolobium heterocarpum Ducke",NA,"Fabaceae","Hymenolobium","heterocarpum","Ducke","H.C.de Lima & D.Cardoso","2012-08-01T00:00:00.000+0000",NA,"2896",NA,"Cardoso, D.",2010,4,28,"brazil","amazonas","presidente figueiredo","Estrada para Balbina. √Årea particular para balne√°rio.",NA,NA,"Mata de terra firme na beira de igarap√©.","BRA:UEFS:HUEFS:0000160732",NA,"Hymenolobium heterocarpum Ducke",NA,NA,5487,-1.370028,-1.370028,"centroide mpo"
"3","2014-09-26T00:00:00.000+0000","Instituto Nacional de Pesquisas da Amaz√¥nia (INPA)","Cole√ß√£o Bot√¢nica, Instituto Nacional de Pesquisas da Amaz√¥nia (INPA)","231916","Hymenolobium heterocarpum Ducke",NA,"Fabaceae","Hymenolobium","heterocarpum","Ducke","Ramos, J.F.","2010-05-01T00:00:00.000+0000",NA,"138",NA,"Silva, MCR da",2009,11,11,"brazil","amazonas",NA,"Reserva Biol√≥gica de Uatum√£. Cachoeira do Jacar√© (entrada).",NA,NA,NA,"urn:catalog:inpa:herbarium:217745",NA,"Hymenolobium heterocarpum Ducke",NA,NA,NA,-4.15548242,-4.15548242,"centroide estado"
"4",NA,"UEFS","HUEFS","143907","Hymenolobium heterocarpum Ducke",NA,"Fabaceae","Hymenolobium","heterocarpum","Ducke","H.C.de Lima & D.Cardoso","2012-08-01T00:00:00.000+0000",NA,"13905",NA,"Queiroz, L.P.de",2008,11,8,"brazil","amazonas","manaus","Reserva Florestal Adolpho Ducke. Marco 286.",-59.974722,-2.929444,"Mata de Terra Firme.","BRA:UEFS:HUEFS:0000143907",NA,"Hymenolobium heterocarpum Ducke",NA,NA,5411,-2.929444,-59.974722,"original coordinates"
"5",NA,"UEFS","HUEFS","143932","Hymenolobium heterocarpum Ducke",NA,"Fabaceae","Hymenolobium","heterocarpum","Ducke","H.C.de Lima & D.Cardoso","2012-08-01T00:00:00.000+0000",NA,"13933",NA,"Queiroz, L.P.de",2008,11,10,"brazil","amazonas","manaus","Reserva Florestal Adolpho Ducke. Marco 100.",-59.974722,-2.929444,"Mata de Terra Firme.","BRA:UEFS:HUEFS:0000143932",NA,"Hymenolobium heterocarpum Ducke",NA,NA,5411,-2.929444,-59.974722,"original coordinates"
"6",NA,"UEFS","HUEFS","143901","Hymenolobium heterocarpum Ducke",NA,"Fabaceae","Hymenolobium","heterocarpum","Ducke",NA,NA,NA,"13899",NA,"Queiroz, L.P.de",2008,11,8,"brazil","amazonas","manaus","Reserva Florestal Adolpho Ducke. Marco 530.",-59.974722,-2.929444,"Mata de Terra Firme.","BRA:UEFS:HUEFS:0000143901",NA,"Hymenolobium heterocarpum Ducke",NA,NA,5411,-2.929444,-59.974722,"original coordinates"
"7",NA,"Instituto Federal de Educa√ß√£o, Ci√™ncia e Tecnologia (IFAM)","EAFM","1633","Hymenolobium heterocarpum Ducke",NA,"Fabaceae","Hymenolobium","heterocarpum","Ducke","Assun√ß√£o, P.","2010-03-10T00:00:00.000+0000",NA,"476",NA,"Stropp, J.; Assun√ß√£o, P.",2007,7,NA,"brazil","amazonas","sao gabriel da cachoeira","√Årea da Forca Aerea, Pr√≥ximo ao Igarap√© Mind√∫.",0,0,"Floresta de Campinarana. ; HA","BRA:IFAM - CMZL:EAFM:0000001633",NA,"Hymenolobium heterocarpum Ducke",NA,NA,5542,0.374972,-67.998749,"centroide mpo (0)"
"8","2014-07-07T17:54:44.000+0000","JBRJ","RB","RB00526820","Hymenolobium heterocarpum Ducke",NA,"Fabaceae","Hymenolobium","heterocarpum","Ducke",NA,NA,NA,"6706",NA,"Haroldo C. de Lima; F. A. Obermuller & E.C. Consuelo",2007,11,11,"brazil","acre","mancio lima","Rio Moa. Parque Nacional da Serra do Sivisor, Alto de cachoeira. Ar ncondicionado.",-73.668333,-7.451944,"√Årvore com 12 m de altura,tronco com casca levemente fissurada,pardacenta,DAP 20 cm. Est√©ril.Raro.","urn:catalog:JBRJ:RB:526820",NA,"Hymenolobium heterocarpum Ducke",NA,NA,4406,-7.451944,-73.668333,"original coordinates"
"9","2013-03-13T00:00:00.000+0000","K","Herbarium","K000893653","Hymenolobium heterocarpum Ducke",NA,"Fabaceae","Hymenolobium","heterocarpum","Ducke","Mesquita, R.M.",NA,NA,"25",NA,"Assun√ß√£o, P.A.C.L.; Mesquita, M.R.",1997,10,2,"brazil",NA,NA,"Reserva Florestal Ducke, Manaus-Itacoatiara, km 26. Entre a cozinha e a piscina.",-59.97,-2.88,"Sheet 2/2. Flora da Reserva Ducke. Amazonas, Brasil. Overseas Development Administration.","http://specimens.kew.org/herbarium/K000893653",NA,"Hymenolobium heterocarpum Ducke",NA,NA,NA,-2.88,-59.97,"original coordinates"
"10","2008-05-27T22:02:00.000+0000","MO","MO","3200590","Hymenolobium heterocarpum Ducke",NA,"Fabaceae","Hymenolobium","heterocarpum","Ducke","Mesquita","1998-01-01T00:00:00.000+0000",NA,"MESQUITA 25",NA,"MESQUITA",1997,10,2,"brazil","amazonas",NA,"Entre a cozinha e a piscina Floresta de Plato.",-59.96666,-2.88333,NA,"urn:catalog:MO:Tropicos:3200590","http://www.tropicos.org/Specimen/3200590","Hymenolobium heterocarpum Ducke",NA,NA,NA,-2.88333,-59.96666,"original coordinates"
"11","2017-11-19T08:55:53.000+0000","JBRJ","RB","RB00177818","Hymenolobium heterocarpum Ducke",NA,"Fabaceae","Hymenolobium","heterocarpum","Ducke","R.M. MESQUITA",NA,NA,"25",NA,"M.R.  MESQUITA;  ET AL",1997,10,2,"brazil","amazonas","manaus","ITACOATIARA  .  RES.  FLORESTAL  DUCKE  KNM  26.",-59.966667,-2.883333,"√ÅRV.    TRONCO TUORTUOSO , 10 M   DAP= 20 CM . BASERETA  COM SSAPOPEMAS  ASSIM√âTRICAS , C√îNCAVAS  , RAMIFICADAS     . RITIDOMA  MARROM CLARO , COM LENTICELAS  LNEARES  , AGRUPADAS HORIZ.","urn:catalog:JBRJ:RB:177818",NA,"Hymenolobium heterocarpum Ducke",NA,NA,5411,-2.883333,-59.966667,"original coordinates"
"12","2017-11-19T08:55:39.000+0000","JBRJ","RB","RB00177794","Hymenolobium heterocarpum Ducke","cf.","Fabaceae","Hymenolobium","heterocarpum","Ducke",NA,NA,NA,"689",NA,"P.A.C.L. ASSUN√á√ÉO; E.DA. C. PEREIRA  ET AL",1997,10,2,"brazil","amazonas","manaus","ITACOATIARA  .  RESERVA  FLORESTAL  DUCKE  KM  26  .",-59.966667,-2.883333,"√ÅRVORE  . R√ÅQUIS  MARROM ,  BR√ÅCTEAS , ESTIP√öLAS   VERM  -AMARELAS . C√ÅLICE  ESCURO P√âTALAS  VIN√ÅCEAS , ANDROCEU  BRANCO  , GINECEU  AMAREL0- ESV.  COM MANCHAS  VERM .  NA SEXTREMIDADES","urn:catalog:JBRJ:RB:177794",NA,"Hymenolobium heterocarpum Ducke",NA,NA,5411,-2.883333,-59.966667,"original coordinates"
"13",NA,"Instituto de Bot√¢nica, IBT","SP","332481","Hymenolobium heterocarpum Ducke",NA,"Fabaceae","Hymenolobium","heterocarpum","Ducke","Mesquita, MR","1998-01-01T00:00:00.000+0000",NA,"756",NA,"Assun√ß√£o, PACL; Silva, CF; Pinheiro, ZA",1997,12,11,"brazil","amazonas","manaus","Reserva Florestal Ducke, Manaus - Itacoatiara, km 26. Floresta de Plat√¥. Solo areno-argiloso. &nf;Planta fichada: 4761-07",-59.966667,-2.883333,NA,"BRA:IBt:SP:0000332481",NA,"Hymenolobium heterocarpum Ducke",NA,NA,5411,-2.883333,-59.966667,"original coordinates"
"14","2013-03-13T00:00:00.000+0000","K","Herbarium","K000893647","Hymenolobium heterocarpum Ducke",NA,"Fabaceae","Hymenolobium","heterocarpum","Ducke","Mesquita, R.M.",NA,NA,"756",NA,"Pinheiro, Z.A.; Assun√ß√£o, P.A.C.L.; Silva, C.F.",1997,12,11,"brazil",NA,"manaus","Reserva Florestal Ducke, Manaus-Itacoatiara, km 26. Planta fichada: 4761-07.",-59.97,-2.88,"Flora da Reserva Ducke","http://specimens.kew.org/herbarium/K000893647",NA,"Hymenolobium heterocarpum Ducke",NA,NA,NA,-2.88,-59.97,"original coordinates"
"15","2013-03-13T00:00:00.000+0000","K","Herbarium","K000893646","Hymenolobium heterocarpum Ducke",NA,"Fabaceae","Hymenolobium","heterocarpum","Ducke","Mesquita, R.M.",NA,NA,"1794",NA,"Ribeiro, J.E.L.S.; Assun√ß√£o, P.A.C.L.; Silva, C.F.",1996,1,31,"brazil",NA,NA,"Reserva Florestal Ducke, Manaus-Itacoatiara, km 26.",-59.97,-2.88,"Flora da Reserva Ducke Amazonas, Brasil. Instituto Nacional de Pesquisas da Amaz√¥nia. Overseas Development Administration","http://specimens.kew.org/herbarium/K000893646",NA,"Hymenolobium heterocarpum Ducke",NA,NA,NA,-2.88,-59.97,"original coordinates"
"16",NA,NA,"Botany","U.1246848","Hymenolobium heterocarpum Ducke",NA,"Fabaceae","Hymenolobium","heterocarpum","Ducke","Mesquita RM","1998-01-01T00:00:00.000+0000",NA,NA,NA,"Ribeiro JELS; Assun√ß√£o PACL; Silva CF da",1996,1,31,"brazil","amazonas",NA,NA,-59.966667,-2.883333,NA,"http://data.biodiversitydata.nl/naturalis/specimen/U.1246848",NA,"Hymenolobium heterocarpum Ducke",NA,NA,NA,-2.883333,-59.966667,"original coordinates"
"17","2014-09-26T00:00:00.000+0000","Instituto Nacional de Pesquisas da Amaz√¥nia (INPA)","Cole√ß√£o Bot√¢nica, Instituto Nacional de Pesquisas da Amaz√¥nia (INPA)",NA,"Hymenolobium heterocarpum Ducke",NA,"Fabaceae","Hymenolobium","heterocarpum","Ducke","Mesquita, M.R.","1998-01-01T00:00:00.000+0000",NA,"14",NA,"Setz, EZP",1995,9,28,"brazil","amazonas",NA,"Reserva Florestal Adolfo Ducke",-59.97,-2.883333,NA,"urn:catalog:inpa:herbarium:81691",NA,"Hymenolobium heterocarpum Ducke",NA,NA,NA,-2.883333,-59.97,"original coordinates"
"18","2013-02-20T15:25:00.000+0000","MO","MO","3198965","Hymenolobium heterocarpum Ducke",NA,"Fabaceae","Hymenolobium","heterocarpum","Ducke","Aymard","1995-01-01T00:00:00.000+0000",NA,"Mota 54",NA,"C.D.A. da Mota|D.D. Coelho",1991,3,25,"brazil","amazonas",NA,"Manaus, Reserva Ducke, pr√≥ximo a margem do Igarap√©; mata de terra firme; solo arenoso.",-59.95,-2.95,NA,"urn:catalog:MO:Tropicos:3198965","http://www.tropicos.org/Specimen/3198965","Hymenolobium heterocarpum Ducke",NA,NA,NA,-2.95,-59.95,"original coordinates"
"19","2014-09-26T00:00:00.000+0000","Instituto Nacional de Pesquisas da Amaz√¥nia (INPA)","Cole√ß√£o Bot√¢nica, Instituto Nacional de Pesquisas da Amaz√¥nia (INPA)","162170","Hymenolobium heterocarpum Ducke",NA,"Fabaceae","Hymenolobium","heterocarpum","Ducke",NA,NA,NA,"54",NA,"Mota, CDA da",1991,3,26,"brazil","amazonas",NA,"Reserva Florestal Adolfo Ducke, Reserva Ducke, pr√≥ximo a margem do igarap√©",-59.97,-2.883333,NA,"urn:catalog:inpa:herbarium:110038",NA,"Hymenolobium heterocarpum Ducke",NA,NA,NA,-2.883333,-59.97,"original coordinates"
"20",NA,"UFAC","UFACPZ","13367","Hymenolobium heterocarpum Ducke",NA,"Fabaceae","Hymenolobium","heterocarpum","Ducke",NA,NA,NA,"51",NA,"Veloso, A. O. D.",1990,9,15,"brazil","acre",NA,NA,NA,NA,NA,"BRA:UFAC:UFACPZ:0000013367",NA,"Hymenolobium heterocarpum Ducke",NA,NA,NA,-9.21340431,-9.21340431,"centroide estado"
"21","2014-09-26T00:00:00.000+0000","Instituto Nacional de Pesquisas da Amaz√¥nia (INPA)","Cole√ß√£o Bot√¢nica, Instituto Nacional de Pesquisas da Amaz√¥nia (INPA)","156546","Hymenolobium heterocarpum Ducke",NA,"Fabaceae","Hymenolobium","heterocarpum","Ducke",NA,NA,NA,"424",NA,"MagalhÃ£es, LMS",1987,1,NA,"brazil","amazonas",NA,"Estrada Manaus-Caracara√≠, km 310.",NA,NA,NA,"urn:catalog:inpa:herbarium:96474",NA,"Hymenolobium heterocarpum Ducke",NA,NA,NA,-4.15548242,-4.15548242,"centroide estado"
"22","2014-09-26T00:00:00.000+0000","Instituto Nacional de Pesquisas da Amaz√¥nia (INPA)","Cole√ß√£o Bot√¢nica, Instituto Nacional de Pesquisas da Amaz√¥nia (INPA)","181712","Hymenolobium heterocarpum Ducke",NA,"Fabaceae","Hymenolobium","heterocarpum","Ducke","Grimes, J.W.","1997-01-01T00:00:00.000+0000",NA,"3340",NA,"Lima, HC de",1987,11,28,"brazil","amazonas",NA,"Alto Rio Negro, estrada para Cucu√≠, BR-307, entre Km 53 e 60. Desmatamento de Maturac√°",NA,NA,NA,"urn:catalog:inpa:herbarium:82859",NA,"Hymenolobium heterocarpum Ducke",NA,NA,NA,-4.15548242,-4.15548242,"centroide estado"
"23",NA,"NY","NY","01451035","Hymenolobium heterocarpum Ducke",NA,"Fabaceae","Hymenolobium","heterocarpum","Ducke","R. C. Barneby","1990-01-01T00:00:00.000+0000",NA,"967",NA,"D. W. Stevenson",1987,11,18,"brazil","amazonas",NA,"Rio Uaup√©s, island above the rapids at Ipanor√© (= Panur√©).",-68.512137,0.225176,NA,"184f4d83-44c4-4c12-af56-4968687a91c7",NA,"Hymenolobium heterocarpum Ducke",NA,NA,NA,0.225176,-68.512137,"original coordinates"
"24","2013-03-13T00:00:00.000+0000","K","Herbarium","K000893651","Hymenolobium heterocarpum Ducke",NA,"Fabaceae","Hymenolobium","heterocarpum","Ducke","Barneby, R.C.",NA,NA,"967",NA,"Mueller, G.; Ramos, J.F.; Stevenson, D.W.",1987,11,18,"brazil",NA,NA,"Rio Uaup√©s, island above the rapids at Ipanor√© (igual Panur√©).",-68.65,0.3,"Programa Flora. Plants of Brazil. Fieldwork supported by The National Science Foundation and the Conselho Nacional de Desenvolvimento Cient√≠fico e Tecnol√≥gico (CNPq)","http://specimens.kew.org/herbarium/K000893651",NA,"Hymenolobium heterocarpum Ducke",NA,NA,NA,0.3,-68.65,"original coordinates"
"25","2012-03-30T05:05:00.000+0000","MO","MO","3198568","Hymenolobium heterocarpum Ducke",NA,"Fabaceae","Hymenolobium","heterocarpum","Ducke","R. Barnebt","1980-01-01T00:00:00.000+0000",NA,"Alencar 492",NA,"L√∫cia Alencar",1979,7,7,"brazil","amazonas",NA,"Along Rio Mari√© near Serra Ximaio; Igap√≥ and caatinga.",-66.83333,0.83333,NA,"urn:catalog:MO:Tropicos:3198568","http://www.tropicos.org/Specimen/3198568","Hymenolobium heterocarpum Ducke",NA,NA,NA,0.83333,-66.83333,"original coordinates"
"26",NA,"NY","NY","01451029","Hymenolobium heterocarpum Ducke",NA,"Fabaceae","Hymenolobium","heterocarpum","Ducke","R. C. Barneby","1980-01-01T00:00:00.000+0000",NA,"492",NA,"M. L. Alencar",1979,7,7,"brazil","amazonas",NA,"Collected along the Rio Negro between Manaus and S√É¬£o Gabriel, along Rio Mari√É¬© near Serra Ximaio",-66.83,-0.83,NA,"f06149ea-4796-471c-bce6-b459216fdf4a",NA,"Hymenolobium heterocarpum Ducke",NA,NA,NA,-0.83,-66.83,"original coordinates"
"27","2008-05-27T22:02:00.000+0000","MO","MO","3198360","Hymenolobium heterocarpum Ducke",NA,"Fabaceae","Hymenolobium","heterocarpum","Ducke","Lima","1986-01-01T00:00:00.000+0000",NA,"MAIA 492",NA,"MAIA",1979,7,7,"brazil","amazonas",NA,"Margem do rio J√°.",NA,NA,NA,"urn:catalog:MO:Tropicos:3198360","http://www.tropicos.org/Specimen/3198360","Hymenolobium heterocarpum Ducke",NA,NA,NA,-4.15548242,-4.15548242,"centroide estado"
"28","2014-09-26T00:00:00.000+0000","Instituto Nacional de Pesquisas da Amaz√¥nia (INPA)","Cole√ß√£o Bot√¢nica, Instituto Nacional de Pesquisas da Amaz√¥nia (INPA)","27821","Hymenolobium heterocarpum Ducke",NA,"Fabaceae","Hymenolobium","heterocarpum","Ducke","Mattos, N.F.","1979-01-01T00:00:00.000+0000",NA,"8657",NA,"Rodrigues, WA",1969,12,16,"brazil","amazonas",NA,"Parque 10., Parque 10",NA,NA,NA,"urn:catalog:inpa:herbarium:163419",NA,"Hymenolobium heterocarpum Ducke",NA,NA,NA,-4.15548242,-4.15548242,"centroide estado"
"29","2014-09-26T00:00:00.000+0000","Instituto Nacional de Pesquisas da Amaz√¥nia (INPA)","Cole√ß√£o Bot√¢nica, Instituto Nacional de Pesquisas da Amaz√¥nia (INPA)","21184","Hymenolobium heterocarpum Ducke",NA,"Fabaceae","Hymenolobium","heterocarpum","Ducke","Rodrigues, W.A.",NA,NA,"INPA21184",NA,"CoÃªlho, LF",1968,3,26,"brazil","amazonas",NA,"Reserva Florestal Adolfo Ducke, Reserva Florestal Ducke",-59.97,-2.883333,NA,"urn:catalog:inpa:herbarium:29085",NA,"Hymenolobium heterocarpum Ducke",NA,NA,NA,-2.883333,-59.97,"original coordinates"
"30",NA,"Museu de Ci√™ncias Naturais - Funda√ß√£o Zoobot√¢nica do Rio Grande do Sul (MCN-FZBRS)","HAS","45762","Hymenolobium heterocarpum Ducke",NA,"Fabaceae","Hymenolobium","heterocarpum","Ducke","Mattos, N.","1979-01-01T00:00:00.000+0000",NA,"7378",NA,"Rodrigues, W.; Osmarino",1966,1,NA,"brazil","amazonas","manaus","Estrada Manaus - Itacoatiara, Km 27, Reserva Florestal Ducke",NA,NA,"√Årvore de 20m. de altura por 30cm. de di√¢metro; flores r√≥seas, estandarte com pintas vermelhas; √°rvore quase que completamente desfolhada no periodo de flora√ß√£o. INPA 16772","BRA:MCN/FZBRS:HAS:0000045762",NA,"Hymenolobium heterocarpum Ducke",NA,NA,5411,-2.607107,-2.607107,"centroide mpo"
"31",NA,"US","Botany","2819606","Hymenolobium heterocarpum Ducke",NA,"Fabaceae","Hymenolobium","heterocarpum","Ducke",NA,NA,NA,"60983",NA,"N. Silva & U. Braz√£o",1966,2,5,"brazil",NA,NA,"The Third Serra da Neblina, Rio Negro, Rio Cauaburi, Rio Maturaca, Brasil, along margin of Rio Cauaburi, between Cachoeira Manajos and Cachoiera Tomaz",NA,NA,NA,"http://n2t.net/ark:/65665/375a180fa-ff9a-4055-9260-b66e26985a0c",NA,"Hymenolobium heterocarpum Ducke",NA,NA,NA,NA,NA,"no coordinates, municipality or state provided"
"32",NA,"NY","NY","01451045","Hymenolobium heterocarpum Ducke",NA,"Fabaceae","Hymenolobium","heterocarpum","Ducke","V. E. Rudd","1978-04-01T00:00:00.000+0000",NA,"60983",NA,"N. T. da Silva",1966,2,5,"brazil","amazonas",NA,"Along margin of Rio Cauaburi, between Cachoeira Manajos and Cachoeira Tomaz.",0,0,NA,"c7e69880-6700-4c1f-b47e-ecd134a4efb0",NA,"Hymenolobium heterocarpum Ducke",NA,NA,NA,-4.15548242,-64.65219948,"centroide estado (0)"
"33","2015-09-04T02:29:56.000+0000","MNHN","P","P02767964","Hymenolobium heterocarpum Ducke",NA,"Fabaceae","Hymenolobium","heterocarpum","Ducke","Irwin",NA,NA,NA,"Plants of the Third Serra da Neblina Expedition 1965-66 -  Rio Negro, Rio Cauaburi, Rio Maturac√°, Brasil/60983","Silva, N.T.|Braz√£o, U.",1966,2,5,"brazil","amazonas",NA,NA,NA,NA,NA,"http://coldb.mnhn.fr/catalognumber/mnhn/p/p02767964",NA,"Hymenolobium heterocarpum Ducke",NA,NA,NA,-4.15548242,-4.15548242,"centroide estado"
"34",NA,"Museu de Ci√™ncias Naturais - Funda√ß√£o Zoobot√¢nica do Rio Grande do Sul (MCN-FZBRS)","HAS","45761","Hymenolobium heterocarpum Ducke",NA,"Fabaceae","Hymenolobium","heterocarpum","Ducke","Mattos, N.","1979-01-01T00:00:00.000+0000",NA,"7611",NA,"Rodrigues, W.; Co√™lho, D.",1966,3,NA,"brazil","amazonas","manaus","Reserva Florestal Ducke, ao lado da piscina, Estrada Manaus - Itacoatiara, Km 27",NA,NA,"√Årvore de 20m. de altura por 30cm. de di√¢metro de fuste; frutos verdes e maduros; terreno √∫mido; solo arenoso. ""SUCUPIRA"". INPA 16914","BRA:MCN/FZBRS:HAS:0000045761",NA,"Hymenolobium heterocarpum Ducke",NA,NA,5411,-2.607107,-2.607107,"centroide mpo"
"35","2014-09-26T00:00:00.000+0000","Instituto Nacional de Pesquisas da Amaz√¥nia (INPA)","Cole√ß√£o Bot√¢nica, Instituto Nacional de Pesquisas da Amaz√¥nia (INPA)","16746","Hymenolobium heterocarpum Ducke",NA,"Fabaceae","Hymenolobium","heterocarpum","Ducke","Mattos, N.F.","1979-01-01T00:00:00.000+0000",NA,"7354",NA,"Rodrigues, WA",1965,12,15,"brazil","amazonas",NA,"Parque 10., Parque 10 de Novembro",NA,NA,NA,"urn:catalog:inpa:herbarium:162295",NA,"Hymenolobium heterocarpum Ducke",NA,NA,NA,-4.15548242,-4.15548242,"centroide estado"
"36","2014-09-26T00:00:00.000+0000","Instituto Nacional de Pesquisas da Amaz√¥nia (INPA)","Cole√ß√£o Bot√¢nica, Instituto Nacional de Pesquisas da Amaz√¥nia (INPA)","16772","Hymenolobium heterocarpum Ducke",NA,"Fabaceae","Hymenolobium","heterocarpum","Ducke","Mattos, N.F.","1979-01-01T00:00:00.000+0000",NA,"7378",NA,"Rodrigues, WA",1965,12,30,"brazil","amazonas",NA,"Reserva Florestal Adolfo Ducke, Reserva Florestal Ducke, ao lado do igarap√©",-59.97,-2.883333,NA,"urn:catalog:inpa:herbarium:162320",NA,"Hymenolobium heterocarpum Ducke",NA,NA,NA,-2.883333,-59.97,"original coordinates"
"37","2014-09-26T00:00:00.000+0000","Instituto Nacional de Pesquisas da Amaz√¥nia (INPA)","Cole√ß√£o Bot√¢nica, Instituto Nacional de Pesquisas da Amaz√¥nia (INPA)","13477","Hymenolobium heterocarpum Ducke",NA,"Fabaceae","Hymenolobium","heterocarpum","Ducke",NA,NA,NA,"4944",NA,"Rodrigues, WA",1962,12,26,"brazil","amazonas",NA,"Cachoeira Baixa do Tarum√£., Cachoeira Baixa do Tarum√£",NA,NA,NA,"urn:catalog:inpa:herbarium:160650",NA,"Hymenolobium heterocarpum Ducke",NA,NA,NA,-4.15548242,-4.15548242,"centroide estado"
"38","2014-09-26T00:00:00.000+0000","Instituto Nacional de Pesquisas da Amaz√¥nia (INPA)","Cole√ß√£o Bot√¢nica, Instituto Nacional de Pesquisas da Amaz√¥nia (INPA)","6030","Hymenolobium heterocarpum Ducke",NA,"Fabaceae","Hymenolobium","heterocarpum","Ducke","Mattos, N.F.","1979-01-01T00:00:00.000+0000",NA,"INPA6030",NA,"Pessoal do C.P.F.",1958,2,4,"brazil","amazonas",NA,"Igarap√© do Parque 10 de Novembro",NA,NA,NA,"urn:catalog:inpa:herbarium:120710",NA,"Hymenolobium heterocarpum Ducke",NA,NA,NA,-4.15548242,-4.15548242,"centroide estado"
"39","2014-09-26T00:00:00.000+0000","Instituto Nacional de Pesquisas da Amaz√¥nia (INPA)","Cole√ß√£o Bot√¢nica, Instituto Nacional de Pesquisas da Amaz√¥nia (INPA)","6088","Hymenolobium heterocarpum Ducke",NA,"Fabaceae","Hymenolobium","heterocarpum","Ducke","Mattos, N.F.","1979-01-01T00:00:00.000+0000",NA,"INPA6088",NA,"Pessoal do C.P.F.",1958,2,20,"brazil","amazonas",NA,"Igarap√© do Bui√£o",NA,NA,NA,"urn:catalog:inpa:herbarium:120709",NA,"Hymenolobium heterocarpum Ducke",NA,NA,NA,-4.15548242,-4.15548242,"centroide estado"
"40",NA,"Museu de Ci√™ncias Naturais - Funda√ß√£o Zoobot√¢nica do Rio Grande do Sul (MCN-FZBRS)","HAS","45758","Hymenolobium heterocarpum Ducke",NA,"Fabaceae","Hymenolobium","heterocarpum","Ducke","Mattos, N.","1979-01-01T00:00:00.000+0000",NA,"s.n.",NA,"Pessoal do C.P.F.",1958,2,NA,"brazil","amazonas","manaus","Igarap√© do Bui√£o",NA,NA,"√Årvore de 18m. de altura; frutos ainda verdes; terreno √∫mido; solo arenoso; mata virgem. INPA 6088","BRA:MCN/FZBRS:HAS:0000045758",NA,"Hymenolobium heterocarpum Ducke",NA,NA,5411,-2.607107,-2.607107,"centroide mpo"
"41",NA,"Museu de Ci√™ncias Naturais - Funda√ß√£o Zoobot√¢nica do Rio Grande do Sul (MCN-FZBRS)","HAS","45753","Hymenolobium heterocarpum Ducke",NA,"Fabaceae","Hymenolobium","heterocarpum","Ducke","Coan, R.S. R.S.","1961-09-22T00:00:00.000+0000",NA,"s.n.",NA,"Coelho, D.",1956,2,NA,"brazil","amazonas","manaus","Estrada antiga de S√£o Raimundo,",NA,NA,"Cerca de 3m. de altura; flores r√≥seas com m√°culas alvas e estames tamb√©m alvos.","BRA:MCN/FZBRS:HAS:0000045753",NA,"Hymenolobium heterocarpum Ducke",NA,NA,5411,-2.607107,-2.607107,"centroide mpo"
"42","2014-09-26T00:00:00.000+0000","Instituto Nacional de Pesquisas da Amaz√¥nia (INPA)","Cole√ß√£o Bot√¢nica, Instituto Nacional de Pesquisas da Amaz√¥nia (INPA)","2949","Hymenolobium heterocarpum Ducke",NA,"Fabaceae","Hymenolobium","heterocarpum","Ducke",NA,NA,NA,"INPA2949",NA,"CoÃªlho, LF",1955,11,21,"brazil","amazonas",NA,"Margem do Igarap√© do Bui√£o",NA,NA,NA,"urn:catalog:inpa:herbarium:29086",NA,"Hymenolobium heterocarpum Ducke",NA,NA,NA,-4.15548242,-4.15548242,"centroide estado"
"43",NA,"NY","NY","01451028","Hymenolobium heterocarpum Ducke",NA,"Fabaceae","Hymenolobium","heterocarpum","Ducke","W. A. Rodrigues","1961-04-01T00:00:00.000+0000",NA,"s.n.",NA,"D. Co√É¬™lho",1955,12,6,"brazil","amazonas",NA,"Cachoeira Alta do Tarum√É¬£.",0,0,NA,"3c249f41-c5ff-44a9-905f-8aaf9d90dd35",NA,"Hymenolobium heterocarpum Ducke",NA,NA,NA,-4.15548242,-64.65219948,"centroide estado (0)"
"44","2014-09-26T00:00:00.000+0000","Instituto Nacional de Pesquisas da Amaz√¥nia (INPA)","Cole√ß√£o Bot√¢nica, Instituto Nacional de Pesquisas da Amaz√¥nia (INPA)","3040","Hymenolobium heterocarpum Ducke",NA,"Fabaceae","Hymenolobium","heterocarpum","Ducke",NA,NA,NA,"INPA3040",NA,"CoÃªlho, DF",1955,12,6,"brazil","amazonas",NA,"Cachoeira Baixa do Tarum√£",NA,NA,NA,"urn:catalog:inpa:herbarium:27230",NA,"Hymenolobium heterocarpum Ducke",NA,NA,NA,-4.15548242,-4.15548242,"centroide estado"
"45","2013-03-13T00:00:00.000+0000","K","Herbarium","K000893643","Hymenolobium heterocarpum Ducke",NA,"Fabaceae","Hymenolobium","heterocarpum","Ducke","Cowan, R.S.",NA,NA,"37682",NA,"Wurdack, J.J.; Maguire, B.; Bunting, G.S.",1954,2,16,"brazil",NA,NA,"Region of San Fernando de Atabapo. At mouth of Cano Cupueni on right bank of Rio Orinoco opposite mouth of Rio Atabapo.",NA,NA,"Venezuelan Expedition 1953-54","http://specimens.kew.org/herbarium/K000893643",NA,"Hymenolobium heterocarpum Ducke",NA,NA,NA,NA,NA,"no coordinates, municipality or state provided"
"46","2017-11-19T08:12:51.000+0000","JBRJ","RB","RB00177754","Hymenolobium heterocarpum Ducke",NA,"Fabaceae","Hymenolobium","heterocarpum","Ducke","R.S. COWAN","1956-01-01T00:00:00.000+0000",NA,NA,NA,"M . MAGUIRE; ET AL",1954,2,16,"brazil","amazonas",NA,"RIO  ORINOCO  OPPOSITEW  MOUTH  OF  RIO  ATABAPO.",NA,NA,"TREE  20-40  M TALL , 25-50  CM DIAM  , ALMOST  LEAFLESS  AT THIS SEADON","urn:catalog:JBRJ:RB:177754",NA,"Hymenolobium heterocarpum Ducke",NA,NA,NA,-4.15548242,-4.15548242,"centroide estado"
"47",NA,"IAC","IAC","12574","Hymenolobium heterocarpum Ducke",NA,"Fabaceae","Hymenolobium","heterocarpum","Ducke","G.A. Black","1948-05-14T00:00:00.000+0000",NA,"2818",NA,"G.A. Black",1948,5,14,"brazil","amazonas","sao gabriel da cachoeira","Entre Posto do I√ßana e Tunu√≠",-67.58333,1.083333,"Plantas recebidas do Instituto Agron√¥mico do Norte, do Sr J.M.Pires em maio de 1950","BRA:IAC:IAC:0000012574",NA,"Hymenolobium heterocarpum Ducke",NA,NA,5542,1.083333,-67.58333,"original coordinates"
"48",NA,NA,"Botany","U.1246849","Hymenolobium heterocarpum Ducke",NA,"Fabaceae","Hymenolobium","heterocarpum","Ducke",NA,NA,NA,NA,NA,"Black GA",1948,5,14,"brazil",NA,NA,"Estado do Amazonas. Amazonia. Entre Posto do I√ßana e Tunu√≠.",NA,NA,NA,"http://data.biodiversitydata.nl/naturalis/specimen/U.1246849",NA,"Hymenolobium heterocarpum Ducke",NA,NA,NA,NA,NA,"no coordinates, municipality or state provided"
"49",NA,"US","Botany","2169883","Hymenolobium heterocarpum Ducke",NA,"Fabaceae","Hymenolobium","heterocarpum","Ducke",NA,NA,NA,"48-2818",NA,"G. A. Black",1948,5,14,"brazil","amazonas",NA,"Estado do Amazonas, Entre Posto do Icana e Tunui",NA,NA,NA,"http://n2t.net/ark:/65665/31c3180b8-ee74-45a4-8db3-f7fefd25ac7e",NA,"Hymenolobium heterocarpum Ducke",NA,NA,NA,-4.15548242,-4.15548242,"centroide estado"
"50","2014-09-26T00:00:00.000+0000","Instituto Nacional de Pesquisas da Amaz√¥nia (INPA)","Cole√ß√£o Bot√¢nica, Instituto Nacional de Pesquisas da Amaz√¥nia (INPA)","4494","Hymenolobium heterocarpum Ducke",NA,"Fabaceae","Hymenolobium","heterocarpum","Ducke","Ducke, A.","1948-01-01T00:00:00.000+0000",NA,"22237",NA,"FrÃ_es, RL",1947,4,27,"brazil","amazonas",NA,"Rio Negro, I√ßana",NA,NA,NA,"urn:catalog:inpa:herbarium:59256",NA,"Hymenolobium heterocarpum Ducke",NA,NA,NA,-4.15548242,-4.15548242,"centroide estado"
"51",NA,NA,"Botany","U.1246850","Hymenolobium heterocarpum Ducke",NA,"Fabaceae","Hymenolobium","heterocarpum","Ducke",NA,NA,NA,NA,NA,"Fr√≥es RL",1947,4,27,"brazil",NA,NA,"Estado do Amazonas. Rio Negro, I√ßana, Mirarema.",NA,NA,NA,"http://data.biodiversitydata.nl/naturalis/specimen/U.1246850",NA,"Hymenolobium heterocarpum Ducke",NA,NA,NA,NA,NA,"no coordinates, municipality or state provided"
"52",NA,"US","Botany","2278543","Hymenolobium heterocarpum Ducke",NA,"Fabaceae","Hymenolobium","heterocarpum","Ducke",NA,NA,NA,"2048",NA,"R. L. Fr√≥es",1945,2,15,"brazil","amazonas",NA,"Estado: Amazona, Manaos, Estrada do Aleixo",NA,NA,NA,"http://n2t.net/ark:/65665/3496c41c9-f12a-48b3-a55c-e3459e412a77",NA,"Hymenolobium heterocarpum Ducke",NA,NA,NA,-4.15548242,-4.15548242,"centroide estado"
"53","2013-03-13T00:00:00.000+0000","K","Herbarium","K000893645","Hymenolobium heterocarpum Ducke",NA,"Fabaceae","Hymenolobium","heterocarpum","Ducke","Ducke, A.",NA,NA,"20482",NA,"Fr√≥es, R.L.",1945,2,15,"brazil",NA,"manaus",NA,NA,NA,NA,"http://specimens.kew.org/herbarium/K000893645",NA,"Hymenolobium heterocarpum Ducke",NA,NA,NA,NA,NA,"centroide mpo (no state)"
"54",NA,"NY","NY","01451034","Hymenolobium heterocarpum Ducke",NA,"Fabaceae","Hymenolobium","heterocarpum","Ducke","W. A. Ducke",NA,NA,"20482",NA,"R. de Lemos Fr√É¬≥es",1945,2,16,"brazil","amazonas",NA,NA,0,0,NA,"ad3c8fe7-62a9-4f61-8bea-8a892553e659",NA,"Hymenolobium heterocarpum Ducke",NA,NA,NA,-4.15548242,-64.65219948,"centroide estado (0)"
"55",NA,"US","Botany","2278557","Hymenolobium heterocarpum Ducke",NA,"Fabaceae","Hymenolobium","heterocarpum","Ducke",NA,NA,NA,"21416",NA,"R. Lemos Froes",1945,11,18,"brazil","amazonas",NA,"Estado do Amazonas, Icana, beira do rio, terra firme alta",NA,NA,NA,"http://n2t.net/ark:/65665/318d01773-84ec-45c6-a0f0-b65b8314b815",NA,"Hymenolobium heterocarpum Ducke",NA,NA,NA,-4.15548242,-4.15548242,"centroide estado"
"56","2013-03-13T00:00:00.000+0000","K","Herbarium","K000893644","Hymenolobium heterocarpum Ducke",NA,"Fabaceae","Hymenolobium","heterocarpum","Ducke",NA,NA,NA,"1191",NA,"Ducke, A.",1943,2,28,"brazil",NA,"manaus","Alto Rio Negro. Man√°os, Pensador.",NA,NA,NA,"http://specimens.kew.org/herbarium/K000893644",NA,"Hymenolobium heterocarpum Ducke",NA,NA,NA,NA,NA,"centroide mpo (no state)"
"57",NA,"MN","R","54839","Hymenolobium heterocarpum Ducke",NA,"Fabaceae","Hymenolobium","heterocarpum","Ducke",NA,NA,NA,"1191",NA,"Ducke, W.A.",1943,2,28,"brazil","amazonas","manaus","Pensador",NA,NA,"Museu Nacional - Rio de Janeiro","BRA:MN:R:0000054839",NA,"Hymenolobium heterocarpum Ducke",NA,NA,5411,-2.607107,-2.607107,"centroide mpo"
"58","2011-03-24T10:04:00.000+0000","MO","MO","3198795","Hymenolobium heterocarpum Ducke",NA,"Fabaceae","Hymenolobium","heterocarpum","Ducke","Lima","1986-01-01T00:00:00.000+0000",NA,"Ducke 1191",NA,"A. Ducke",1943,2,28,"brazil",NA,NA,"Caraate (Rio Negro superior) Man√°o, Pensador, ad ripas rivi.",NA,NA,NA,"urn:catalog:MO:Tropicos:3198795","http://www.tropicos.org/Specimen/3198795","Hymenolobium heterocarpum Ducke",NA,NA,NA,NA,NA,"no coordinates, municipality or state provided"
"59",NA,"US","Botany","1875313","Hymenolobium heterocarpum Ducke",NA,"Fabaceae","Hymenolobium","heterocarpum","Ducke",NA,NA,NA,"148",NA,"A. Ducke",1942,12,19,"brazil","amazonas",NA,"Manaos, Pensador, margem do riacho, Est. do Amazonas",NA,NA,NA,"http://n2t.net/ark:/65665/392051445-02bc-425d-b92a-fd684e83b725",NA,"Hymenolobium heterocarpum Ducke",NA,NA,NA,-4.15548242,-4.15548242,"centroide estado"
"60",NA,"Instituto de Bot√¢nica, IBT","SP","444452","Hymenolobium heterocarpum Ducke",NA,"Fabaceae","Hymenolobium","heterocarpum","Ducke","Lima, HC","1984-01-01T00:00:00.000+0000","ISOSYNTYPE","s.n.",NA,"Ducke, A",1936,2,26,"brazil","amazonas",NA,"Rio Curicuriary, afluente Rio Negro, lugar Tumbim, beirada rochosa",0,0,"√Årvore mediana de copa larga, frutos verdes","BRA:IBt:SP:0000444452",NA,"Hymenolobium heterocarpum Ducke",NA,NA,NA,-4.15548242,-64.65219948,"centroide estado (0)"
"61","2014-09-09T15:11:47.000+0000","K","Herbarium","K001051591","Hymenolobium heterocarpum Ducke",NA,"Fabaceae","Hymenolobium","heterocarpum","Ducke",NA,NA,"SYNTYPE","s.n.",NA,"Ducke, A.",1936,2,26,"brazil",NA,NA,"Rio Curicuriary afluente Rio Negro, Iogar Tumbim",NA,NA,"Caramati; 29002","http://specimens.kew.org/herbarium/K001051591",NA,"Hymenolobium heterocarpum Ducke",NA,NA,NA,NA,NA,"no coordinates, municipality or state provided"
"62","2015-04-11T10:14:14.000+0000","S","VascularPlants","S-R-9607","Hymenolobium heterocarpum Ducke",NA,"Fabaceae","Hymenolobium","heterocarpum","Ducke",NA,NA,NA,"29002","29002","A. Ducke",1936,2,25,"brazil","amazonas",NA,"[Brazil] Amazonas, Rio Curicuriaryaffl. Rio Negro super.",NA,NA,"(Herb. Jard. Bot. Rio de Janeiro 29002). [Vernacular name:] ""car√°mata""","S:VascularPlants:S-R-9607",NA,"Hymenolobium heterocarpum Ducke",NA,NA,NA,-4.15548242,-4.15548242,"centroide estado"
"63","2017-10-18T10:20:13.000+0000","JBRJ","RB","RB00710067","Hymenolobium heterocarpum Ducke",NA,"Fabaceae","Hymenolobium","heterocarpum","Ducke",NA,NA,"SYNTYPE",NA,NA,"Ducke, A.",1936,2,26,"brazil","amazonas",NA,"Rio Curicuriary afluente Rio Negro, logar Tumbim, beirada rochosa.",NA,NA,"√Årvore mediana de copa larga, frutos verdes. N.V.: Caramati","urn:catalog:JBRJ:RB:710067",NA,"Hymenolobium heterocarpum Ducke",NA,NA,NA,-4.15548242,-4.15548242,"centroide estado"
"64",NA,"NY","NY","1731879","Hymenolobium heterocarpum Ducke",NA,"Fabaceae","Hymenolobium","heterocarpum","Ducke",NA,NA,"TYPE","s.n. [=herb. RB 29002]",NA,"W. A. Ducke",1936,2,26,"brazil","amazonas",NA,"Rio Curicuriary affl. Rio Negro, logar Tumbiru beira da [... place name missing on label]",0,0,NA,"5e6b1671-3473-4c45-8ba1-d559c527d500",NA,"Hymenolobium heterocarpum Ducke",NA,NA,NA,-4.15548242,-64.65219948,"centroide estado (0)"
"65",NA,"NY","NY","01451030","Hymenolobium heterocarpum Ducke",NA,"Fabaceae","Hymenolobium","heterocarpum","Ducke","W. A. Ducke","1936-07-08T00:00:00.000+0000",NA,"246a",NA,"W. A. Ducke",1936,2,25,"brazil","amazonas",NA,"Rio Curicuriary affl. Rio Negro, super. loco Tumbira ad ripas saxosas",-66.83,-0.83,NA,"a0531ba3-1e10-4d62-9e2f-ccf9674ea692",NA,"Hymenolobium heterocarpum Ducke",NA,NA,NA,-0.83,-66.83,"original coordinates"
"66","2007-11-30T12:52:08.000+0000","K","Herbarium","K000530351","Hymenolobium heterocarpum Ducke",NA,"Fabaceae","Hymenolobium","heterocarpum","Ducke","Ducke, A.",NA,"SYNTYPE","29.002",NA,"Ducke, A.",1936,2,26,"brazil",NA,NA,"Rio Curicuriary affl. R. Negro loco Tumbira",NA,NA,"Nome vulgar ""car√°mate""  26-2-36 fruct. 30-11-35 flor.","http://specimens.kew.org/herbarium/K000530351",NA,"Hymenolobium heterocarpum Ducke",NA,NA,NA,NA,NA,"no coordinates, municipality or state provided"
"67",NA,"NY","NY","1731880","Hymenolobium heterocarpum Ducke",NA,"Fabaceae","Hymenolobium","heterocarpum","Ducke",NA,NA,"TYPE","s.n. [=herb. RB 29001]",NA,"W. A. Ducke",1935,10,25,"brazil","amazonas",NA,"Manaus. Mata do logar Densedor",0,0,NA,"1dc101bb-9a03-471d-bdcc-6b6bae50f818",NA,"Hymenolobium heterocarpum Ducke",NA,NA,NA,-4.15548242,-64.65219948,"centroide estado (0)"
"68",NA,"NY","NY","01451032","Hymenolobium heterocarpum Ducke",NA,"Fabaceae","Hymenolobium","heterocarpum","Ducke","W. A. Ducke",NA,NA,"246",NA,"W. A. Ducke",1935,10,25,"brazil","amazonas",NA,"Man√É¬°os loco Pensador",0,0,NA,"bcebdf73-adfb-40e9-bd26-0e7760a6b536",NA,"Hymenolobium heterocarpum Ducke",NA,NA,NA,-4.15548242,-64.65219948,"centroide estado (0)"
"69",NA,"MN","R","54841","Hymenolobium heterocarpum Ducke",NA,"Fabaceae","Hymenolobium","heterocarpum","Ducke",NA,NA,NA,"148",NA,"Ducke, W.A.",1935,10,25,"brazil","amazonas","manaus","Pensador",NA,NA,"Museu Nacional - Rio de Janeiro","BRA:MN:R:0000054841",NA,"Hymenolobium heterocarpum Ducke",NA,NA,5411,-2.607107,-2.607107,"centroide mpo"
"70","2007-11-30T12:51:13.000+0000","K","Herbarium","K000530350","Hymenolobium heterocarpum Ducke",NA,"Fabaceae","Hymenolobium","heterocarpum","Ducke","Ducke, A.",NA,"SYNTYPE","29.001",NA,"Ducke, A.",1935,10,25,"brazil",NA,NA,"Man√°os, silva riparia ad Igarap√© do Pensador.",NA,NA,"25-10-35 fl√¥r. 30-11-35 fruct.","http://specimens.kew.org/herbarium/K000530350",NA,"Hymenolobium heterocarpum Ducke",NA,NA,NA,NA,NA,"no coordinates, municipality or state provided"
"71","2009-07-17T09:47:00.000+0000","MO","MO","3201164","Hymenolobium heterocarpum Ducke",NA,"Fabaceae","Hymenolobium","heterocarpum","Ducke",NA,NA,NA,"Ducke 148",NA,"A. Ducke",1935,11,25,"brazil","amazonas",NA,"Mana'os loco Pensador ad ripas rivi.",NA,NA,NA,"urn:catalog:MO:Tropicos:3201164","http://www.tropicos.org/Specimen/3201164","Hymenolobium heterocarpum Ducke",NA,NA,NA,-4.15548242,-4.15548242,"centroide estado"
"72","2017-10-10T17:42:45.000+0000","JBRJ","RB","RB00177759","Hymenolobium heterocarpum Ducke",NA,"Fabaceae","Hymenolobium","heterocarpum","Ducke",NA,NA,NA,NA,NA,"A. DUCKE",1932,12,2,"brazil","amazonas","manaus",NA,NA,NA,NA,"urn:catalog:JBRJ:RB:177759",NA,"Hymenolobium heterocarpum Ducke",NA,NA,5411,-2.607107,-2.607107,"centroide mpo"
"73","2015-09-04T02:29:56.000+0000","MNHN","P","P02767955","Hymenolobium heterocarpum Ducke",NA,"Fabaceae","Hymenolobium","heterocarpum","Ducke","Melchor",NA,NA,NA,"2870 a","Spruce, R.",1852,10,1,"brazil",NA,NA,NA,NA,NA,NA,"http://coldb.mnhn.fr/catalognumber/mnhn/p/p02767955",NA,"Hymenolobium heterocarpum Ducke",NA,NA,NA,NA,NA,"no coordinates, municipality or state provided"
"74",NA,"NY","NY","15508","Hymenolobium heterocarpum Ducke",NA,"Fabaceae","Hymenolobium","heterocarpum","Ducke",NA,NA,"SYNTYPE","148",NA,"W. A. Ducke",NA,NA,NA,"brazil","amazonas",NA,"Man√É¬°os, loco",-59.995308,-3.067324,NA,"1ac295dc-52b6-404a-a823-9ff3a354e988",NA,"Hymenolobium heterocarpum Ducke",NA,NA,NA,-3.067324,-59.995308,"original coordinates"
"75",NA,"US","Botany","USw39854","Hymenolobium heterocarpum Ducke",NA,"Fabaceae","Hymenolobium","heterocarpum","Ducke",NA,NA,NA,"51711",NA,"B. Maguire",NA,NA,NA,"brazil","minas gerais",NA,NA,NA,NA,NA,"http://n2t.net/ark:/65665/3ec675b37-cdd2-4d93-b791-9e22f2c8ec53",NA,"Hymenolobium heterocarpum Ducke",NA,NA,NA,-18.45539008,-18.45539008,"centroide estado"
"76",NA,"US","Botany","2368372","Hymenolobium heterocarpum Ducke",NA,"Fabaceae","Hymenolobium","heterocarpum","Ducke",NA,NA,NA,"6030",NA,"Pessoal do C.P.F.",NA,NA,NA,"brazil","amazonas",NA,"Amazonas, Manaus, Igarape do Parque 10",NA,NA,NA,"http://n2t.net/ark:/65665/3ba48ee40-8dfd-424b-9733-08eb0273f35c",NA,"Hymenolobium heterocarpum Ducke",NA,NA,NA,-4.15548242,-4.15548242,"centroide estado"
"77","2013-03-13T00:00:00.000+0000","K","Herbarium","K000893648","Hymenolobium heterocarpum Ducke",NA,"Fabaceae","Hymenolobium","heterocarpum","Ducke",NA,NA,NA,"148",NA,"Ducke",NA,NA,NA,"brazil",NA,"manaus","Man√°os, loco Pensador. R. Negro super.",NA,NA,"Pollen material from this specimen is taken for study at GB by B.B. Klitgaard. July 18. 1991. 25. Nov. 1935 Fl., Dec. 1936 Fruct.","http://specimens.kew.org/herbarium/K000893648",NA,"Hymenolobium heterocarpum Ducke",NA,NA,NA,NA,NA,"centroide mpo (no state)"
"78",NA,"US","Botany","USw8707","Hymenolobium heterocarpum Ducke",NA,"Fabaceae","Hymenolobium","heterocarpum","Ducke",NA,NA,NA,"246",NA,"A. Ducke",NA,NA,NA,"brazil","amazonas",NA,"Manaos",NA,NA,NA,"http://n2t.net/ark:/65665/3b3af517d-f837-484b-9700-beb414fc90c8",NA,"Hymenolobium heterocarpum Ducke",NA,NA,NA,-4.15548242,-4.15548242,"centroide estado"
"79",NA,NA,"Botany","U  0270985","Hymenolobium heterocarpum Ducke",NA,"Fabaceae","Hymenolobium","heterocarpum","Ducke",NA,NA,NA,NA,NA,"Maguire B; et al.",NA,NA,NA,"brazil",NA,NA,NA,NA,NA,NA,"http://data.biodiversitydata.nl/naturalis/specimen/U%20%200270985",NA,"Hymenolobium heterocarpum Ducke",NA,NA,NA,NA,NA,"no coordinates, municipality or state provided"
"80",NA,NA,"Botany","U  0008333","Hymenolobium heterocarpum Ducke",NA,"Fabaceae","Hymenolobium","heterocarpum","Ducke","Ducke A",NA,"SYNTYPE",NA,NA,"Ducke A",NA,NA,NA,"brazil","amazonas",NA,"Rio Curicuriary affl. R.Negro (civ. Amazonas), loco Tumbira.",NA,NA,NA,"http://data.biodiversitydata.nl/naturalis/specimen/U%20%200008333",NA,"Hymenolobium heterocarpum Ducke",NA,NA,NA,-4.15548242,-4.15548242,"centroide estado"
"81","2013-03-13T00:00:00.000+0000","K","Herbarium","K000893649","Hymenolobium heterocarpum Ducke",NA,"Fabaceae","Hymenolobium","heterocarpum","Ducke","Lewis, G.P.","1979-03-16T00:00:00.000+0000",NA,"2870A",NA,"Spruce, R.",NA,NA,NA,"brazil",NA,NA,"Prope Panur√© ad Rio Uaup√©s.",NA,NA,"Herbarium Hookerianum 1867. Vix eadem a 2870. 19/2/1990 Panur√© - now called Ipanore, is the site of a major waterfall on the Rio Uaup√©s in North West Brasil. Fruits collected here may have been transported from further upstream. Spruce 2870 is the type of","http://specimens.kew.org/herbarium/K000893649",NA,"Hymenolobium heterocarpum Ducke",NA,NA,NA,NA,NA,"no coordinates, municipality or state provided"
"82","2013-03-13T00:00:00.000+0000","K","Herbarium","K000893650","Hymenolobium heterocarpum Ducke",NA,"Fabaceae","Hymenolobium","heterocarpum","Ducke","Lewis, G.P.","1979-03-16T00:00:00.000+0000",NA,"2870",NA,"Spruce, R.",NA,NA,NA,"brazil",NA,NA,"Panur√©.",NA,NA,"Herbarium Benthamianum 1854. Panur√©. Now called Iparore is the site of a major waterfall on the Rio Vaupes in North West Brasil. Fruits collected here may have been transported from further upstream. B. Mackinder","http://specimens.kew.org/herbarium/K000893650",NA,"Hymenolobium heterocarpum Ducke",NA,NA,NA,NA,NA,"no coordinates, municipality or state provided"
"83",NA,"US","Botany","2368381","Hymenolobium heterocarpum Ducke",NA,"Fabaceae","Hymenolobium","heterocarpum","Ducke",NA,NA,NA,"6088",NA,"Pessoal do C.P.F.",NA,NA,NA,"brazil","amazonas",NA,"Amazonas, Manaus, Igarape do Buiao",NA,NA,NA,"http://n2t.net/ark:/65665/3a484113e-7dc1-4ef3-99de-1f86219ee839",NA,"Hymenolobium heterocarpum Ducke",NA,NA,NA,-4.15548242,-4.15548242,"centroide estado"
"84",NA,"US","Botany","1694138","Hymenolobium heterocarpum Ducke",NA,"Fabaceae","Hymenolobium","heterocarpum","Ducke",NA,NA,"ISOSYNTYPE","29001",NA,"A. Ducke",NA,NA,NA,"brazil","amazonas",NA,"Near Manaos.",NA,NA,NA,"http://n2t.net/ark:/65665/3ccf9f4c5-932a-499f-b691-92716e01899a",NA,"Hymenolobium heterocarpum Ducke",NA,NA,NA,-4.15548242,-4.15548242,"centroide estado"
"85",NA,"NY","NY","15506","Hymenolobium heterocarpum Ducke",NA,"Fabaceae","Hymenolobium","heterocarpum","Ducke",NA,NA,"SYNTYPE","s.n.",NA,"W. A. Ducke",NA,NA,NA,"brazil","amazonas",NA,"ca 80 km N de Manaus, Distrito Agropecu√É¬°rio da SUFRAMA, Rodovia BR 174, km 64, depois 21 km leste na ZF3, Fazenda Porto Alegre. Projeto Din√É¬¢mica Biol√É¬≥gica de Fragmentos Florestais, Reserva No.3402.",-60.08,-2.32,NA,"afaae1f6-2dd5-44bc-bfd5-53b5bb65cdbe",NA,"Hymenolobium heterocarpum Ducke",NA,NA,NA,-2.32,-60.08,"original coordinates"
