"","modified","institutionCode","collectionCode","catalogNumber","scientificName","identificationQualifier","family","genus","specificEpithet","infraspecificEpithet","scientificNameAuthorship","identifiedBy","dateIdentified","typeStatus","recordNumber","fieldNumber","recordedBy","year","month","day","country","stateProvince","municipality","locality","decimalLongitude","decimalLatitude","occurrenceRemarks","occurrenceID","bibliographicCitation","acceptedNameUsage","comments","FID","new_Lat","new_Lon","notes"
"1","2018-02-09T12:13:49.000+0000","JBRJ","RB","RB01380458","Pouteria psammophila Radlk.",NA,"Sapotaceae","Pouteria","psammophila",NA,"Radlk.","Luiz O L Pedreira",NA,NA,"11",NA,"L.O.L. Pedreira; M. Ochoski, M. Pestana e E. R. de Lima",2018,2,5,"brazil","rio de janeiro","rio de janeiro","Praia de Grumari. Vegetação de restinga a Norte da Avenida Estado da Guanabara, em frente à praia de Grumari. Parque Natural Municipal Grumari",-43.531111,-23.048889,"Vegetação de restinga arbustiva fechada não inundável.","urn:catalog:JBRJ:RB:1380458",NA,"Pouteria psammophila Radlk.",NA,1360,-23.048889,-43.531111,"original coordinates"
"2",NA,"UFRB","HURB","17254","Pouteria psammophila Radlk.",NA,"Sapotaceae","Pouteria","psammophila",NA,"Radlk.",NA,NA,NA,NA,NA,"Almeida, T.",2016,4,17,"brazil","bahia","salvador","Ipitanga; APA Joanes",NA,NA,"P152 A2","BRA:UFRB:HURB:0000017254",NA,"Pouteria psammophila Radlk.",NA,3474,-12.871185,-12.871185,"centroide mpo"
"3","2017-11-19T09:30:26.000+0000","JBRJ","RB","RB01100440","Pouteria psammophila Radlk.",NA,"Sapotaceae","Pouteria","psammophila",NA,"Radlk.","G.S. Siqueira",NA,NA,"1067",NA,"G.S. Siqueira",2015,4,1,"brazil","espirito santo","linhares","Reserva  Natural  Vale.Estrada  dos  fundos  do  Viveiro  entrando  pela  trilha.  Coord.  UTM:  X:  389148  Y:  7883739.",NA,NA,"Arbórea. Terrestre. Cor dos frutos Maduros: Amarelos; Cor dos frutos Imaduros: Verde. Cor Exsudação: Branco. Forma fuste: Cilíndrico: Superfície Casca: áspera. Altura total: 12 m. Exsudação: Latex","urn:catalog:JBRJ:RB:1100440",NA,"Pouteria psammophila Radlk.",NA,2565,-19.38214,-19.38214,"centroide mpo"
"4",NA,"Reserva Natural Vale (CVRD)","CVRD","15277","Pouteria psammophila Radlk.",NA,"Sapotaceae","Pouteria","psammophila",NA,"Radlk.","Geovane S. Siqueira","2015-04-01T00:00:00.000+0000",NA,"1067",NA,"Siqueira, G.S.",2015,4,1,"brazil","espirito santo","linhares",NA,NA,NA,"<ll>dwc_commonname:</ll> Leiteiro branco","BRA:CVRD:CVRD:0000015277",NA,"Pouteria psammophila Radlk.",NA,2565,-19.38214,-19.38214,"centroide mpo"
"5","2017-10-08T22:01:42.000+0000","JBRJ","RB","RB01184297","Pouteria psammophila Radlk.",NA,"Sapotaceae","Pouteria","psammophila",NA,"Radlk.",NA,NA,NA,"1681",NA,"L.J.T. Cardoso; M. Di Domenico",2014,9,7,"brazil","rio de janeiro","rio de janeiro","Divisa entre os Bairros de Botafogo e Copacabana, cumeeira do Morro São João. Coordenadas aproximadas do indivíduo (WGS84). Floresta de topo de morro, em nível sucessional médio-avançado, trecho de mata nativa. Parque Natural Municipal Paisagem Carioca",-43.186111,-22.962222,"Tronco retilíneo; ritidoma fissurado, descamante, marrom escuro com áreas de ritidoma recém caídos arroxeado; folhas discolores, face adaxial verde-escuro brilhante e face abaxial verde-claro amarronzado, as vezes com indumento ferrugíneo; flores com cálice bege e corola alva, odor agradável. Espécie comum na paisagem.","urn:catalog:JBRJ:RB:1184297",NA,"Pouteria psammophila Radlk.",NA,1360,-22.962222,-43.186111,"original coordinates"
"6","2018-08-07T17:12:59.000+0000","JBRJ","RB","RB01395637","Pouteria psammophila Radlk.",NA,"Sapotaceae","Pouteria","psammophila",NA,"Radlk.",NA,NA,NA,"131",NA,"Grupo de Coletores do Núcleo Juçara",2014,9,18,"brazil","espirito santo","conceicao da barra","Trilha da ponte cabo de aço. Núcleo Juçara, Matriz 131 - após a ponte. Floresta Nacional do Rio Preto",-39.849722,-18.348055,"árvore, de solo argiloso, ambiente de planície, interior do fragmento, flor pequena de coloração amarela, de acesso muito difícil","urn:catalog:JBRJ:RB:1395637",NA,"Pouteria psammophila Radlk.",NA,2736,-18.348055,-39.849722,"original coordinates"
"7","2015-04-16T12:28:00.000+0000","MO","MO","100808684","Pouteria nitida (A.DC.) Radlk.","cf.","Sapotaceae","Pouteria","nitida",NA,"(A.DC.) Radlk.",NA,NA,NA,"Medeiros 1134",NA,"H. Medeiros|et al.",2013,3,12,"brazil","acre",NA,"Floresta Estaudal do Antymari. Ramal do Uirapurpu, ca. 15 km da sede do Uirapuru.",-68.321111,-9.333611,NA,"urn:catalog:MO:Tropicos:100808684","http://www.tropicos.org/Specimen/100808684","Pouteria nitida (A.DC.) Radlk.",NA,NA,-9.333611,-68.321111,"original coordinates"
"8","2017-10-21T23:39:59.000+0000","JBRJ","RB","RB00830073","Pouteria psammophila Radlk.",NA,"Sapotaceae","Pouteria","psammophila",NA,"Radlk.","Giseli A. Nobrega",NA,NA,NA,NA,"D.Hottz; M.A.Ferreira",2013,10,25,"brazil","rio de janeiro","arraial do cabo","Estrada Figueira. Restinga de Massambaba. Conglomerado 5-1-1-11. UTM E(781537m) N(7461877m). Fuso do GPS(23K).",NA,NA,"Arbusto. Látex branco. Fruto amarelo.","urn:catalog:JBRJ:RB:830073",NA,"Pouteria psammophila Radlk.",NA,1363,-22.921723,-22.921723,"centroide mpo"
"9",NA,"Reserva Natural Vale (CVRD)","CVRD","13723","Pouteria psammophila Radlk.",NA,"Sapotaceae","Pouteria","psammophila",NA,"Radlk.","Geovane S. Siqueira","2012-03-22T00:00:00.000+0000",NA,"6851",NA,"Folli, D.A.",2012,3,20,"brazil","espirito santo","linhares",NA,-39.958815,-19.074314,"<ll>dwc_commonname:</ll> Leiteiro branco","BRA:CVRD:CVRD:0000013723",NA,"Pouteria psammophila Radlk.",NA,2565,-19.074314,-39.958815,"original coordinates"
"10",NA,"IF","SPSF","47233","Pouteria psammophila Radlk.",NA,"Sapotaceae","Pouteria","psammophila",NA,"Radlk.","F.A.R.D.P.Arzolla","2012-05-30T00:00:00.000+0000",NA,"1582",NA,"F.A.R.D.P.Arzolla & F.E.S.P.Vilela & C. de Moura & D.Souza",2012,4,5,"brazil","sao paulo","guapiara",NA,-48.581944,-24.304722,"COLETA: Arvoreta com 6m de altura.; GEOGRAFIA: Floresta Ombrófila Densa Montana.;","BRA:IF:SPSF:0000047233",NA,"Pouteria psammophila Radlk.",NA,1016,-24.304722,-48.581944,"original coordinates"
"11","2014-07-08T01:41:01.000+0000","JBRJ","RB","RB00806453","Pouteria psammophila Radlk.",NA,"Sapotaceae","Pouteria","psammophila",NA,"Radlk.",NA,NA,NA,"404",NA,"A.C.S.Cavalcanti",2012,4,12,"brazil","rio de janeiro","arraial do cabo","Vegetação de restinga arbustiva entre a praia e a Lagoa de Araruama. APA Massambaba",NA,NA,"Arvoreta ca de 2,5m de ramos claros, folhas cartáceas de faces verdes discolores, sendo a abaxial mais clara e com textura áspera, frutos grandes glabros verdes.","urn:catalog:JBRJ:RB:806453",NA,"Pouteria psammophila Radlk.",NA,1363,-22.921723,-22.921723,"centroide mpo"
"12","2014-09-15T13:26:47.000+0000","JBRJ","RB","RB00747992","Pouteria psammophila Radlk.",NA,"Sapotaceae","Pouteria","psammophila",NA,"Radlk.","A. Alves Araújo","2014-08-26T00:00:00.000+0000",NA,"790",NA,"I.E. Santo",2012,5,10,"brazil","rio de janeiro","marica","Terminal Ponta Negra.",NA,NA,"Árvore, ca. 6m alt.; látex alvo, viscoso; folhas coreáceas; frutos imaturos de cor amarelo","urn:catalog:JBRJ:RB:747992",NA,"Pouteria psammophila Radlk.",NA,1364,-22.91525,-22.91525,"centroide mpo"
"13","2015-10-27T11:55:42.000+0000","JBRJ","RB","RB00733799","Pouteria psammophila Radlk.",NA,"Sapotaceae","Pouteria","psammophila",NA,"Radlk.",NA,NA,NA,"163",NA,"D.A.Carvalho; B.Carvalho",2012,6,26,"brazil","rio de janeiro","arraial do cabo","Área de Proteção Ambiental de Massambaba. restinga arbustiva aberta.",-42.336111,-23.073056,"Arbusto heliófilo crescendo rente ao solo, aprox. 70 cm. Frutos carnosos globosos, alaranjados a marrom, 2 sementes por fruto.","urn:catalog:JBRJ:RB:733799",NA,"Pouteria psammophila Radlk.",NA,1363,-23.073056,-42.336111,"original coordinates"
"14",NA,"UFPE","UFP","73357","Pouteria psammophila Radlk.",NA,"Sapotaceae","Pouteria","psammophila",NA,"Radlk.",NA,NA,NA,"473",NA,"Delgado-Junior, G.C.",2012,10,8,"brazil","pernambuco","buique","Parque Nacional do Catimbau-Encosta da Serra Branca.",-37.248056,-8.541944,"DESC:Árvore cerca de 4m.Botões castanho-esverdeados.Frutos laranjas,sementes de uma a três.Látex presente.&nf;&nf;&nf;&nf;;","BRA:UFPE:UFP:0000073357",NA,"Pouteria psammophila Radlk.",NA,4154,-8.541944,-37.248056,"original coordinates"
"15","2017-10-17T13:38:22.000+0000","JBRJ","RB","RB00878290","Pouteria psammophila Radlk.",NA,"Sapotaceae","Pouteria","psammophila",NA,"Radlk.",NA,NA,NA,"121",NA,"L.Quintanilha; A. Lobão",2012,10,3,"brazil","rio de janeiro","iguaba grande","BR 106.",NA,NA,"Liana, fruto amarelo.","urn:catalog:JBRJ:RB:878290",NA,"Pouteria psammophila Radlk.",NA,1392,-22.828766,-22.828766,"centroide mpo"
"16",NA,"MN","R","215046","Pouteria psammophila Radlk.",NA,"Sapotaceae","Pouteria","psammophila",NA,"Radlk.","Palazzo, F.M.A.","2011-04-21T00:00:00.000+0000",NA,"85",NA,"Palazzo, F.M.A.",2011,4,21,"brazil","rio de janeiro","rio das ostras","Praia Virgem",NA,NA,NA,"BRA:MN:R:0000215046",NA,"Pouteria psammophila Radlk.",NA,1553,-22.452517,-22.452517,"centroide mpo"
"17",NA,"IAC","IAC","56473","Pouteria psammophila Radlk.",NA,"Sapotaceae","Pouteria","psammophila",NA,"Radlk.","A.C.O. Souza et al.","2011-04-13T00:00:00.000+0000",NA,"31",NA,"A.C.O. Souza; L.C. Bernacci; R. Belinelo",2011,4,13,"brazil","sao paulo","ubatuba","Parque Estadual da Serra do Mar, Núcleos Santa Virgínia/Picinguaba, trilha da Pipoca",-45.109914,-23.360372,NA,"BRA:IAC:IAC:0000056473",NA,"Pouteria psammophila Radlk.",NA,1216,-23.360372,-45.109914,"original coordinates"
"18",NA,"MN","R","215040","Pouteria psammophila Radlk.",NA,"Sapotaceae","Pouteria","psammophila",NA,"Radlk.","Palazzo, F.M.A.","2011-05-14T00:00:00.000+0000",NA,"79",NA,"Palazzo, F.M.A.",2011,5,14,"brazil","rio de janeiro","armacao de buzios","Caravelas do Peró",NA,NA,NA,"BRA:MN:R:0000215040",NA,"Pouteria psammophila Radlk.",NA,NA,NA,NA,"centroide mpo"
"19","2017-10-18T15:09:57.000+0000","JBRJ","RB","RB00857077","Pouteria psammophila Radlk.",NA,"Sapotaceae","Pouteria","psammophila",NA,"Radlk.","A. Alves-Araújo","2014-08-28T00:00:00.000+0000",NA,"AC067",NA,"Andrade, A.C.S.; Carvalho, A.S.R.",2011,5,3,"brazil","rio de janeiro","rio de janeiro","APA de Massambaba.",-42.233333,-22.916667,"Fruto carnoso. Presença de látex.","urn:catalog:JBRJ:RB:857077",NA,"Pouteria psammophila Radlk.",NA,1360,-22.916667,-42.233333,"original coordinates"
"20",NA,"UNICAMP","UEC","167070","Pouteria psammophila Radlk.",NA,"Sapotaceae","Pouteria","psammophila",NA,"Radlk.","Stefani, E.J.F.","2011-10-01T00:00:00.000+0000",NA,"217",NA,"Stefani, E.J.F.; Belinello, R.; Galvão, J.",2011,6,29,"brazil","sao paulo","paraibuna","Parque Estadual da Serra do Mar.",-45.534167,-23.5925,"Árvore com 22m.; Mata Atlântica.","BRA:UNICAMP:UEC:0000167070",NA,"Pouteria psammophila Radlk.",NA,1180,-23.5925,-45.534167,"original coordinates"
"21",NA,"MN","R","215044","Pouteria psammophila Radlk.",NA,"Sapotaceae","Pouteria","psammophila",NA,"Radlk.","Palazzo, F.M.A.","2011-06-10T00:00:00.000+0000",NA,"83",NA,"Palazzo, F.M.A.",2011,6,10,"brazil","rio de janeiro","rio das ostras","Balneário das Garças",NA,NA,NA,"BRA:MN:R:0000215044",NA,"Pouteria psammophila Radlk.",NA,1553,-22.452517,-22.452517,"centroide mpo"
"22",NA,"UNICAMP","UEC","167071","Pouteria psammophila Radlk.",NA,"Sapotaceae","Pouteria","psammophila",NA,"Radlk.","Stefani, E.J.F.","2011-10-01T00:00:00.000+0000",NA,"252",NA,"Stefani, E.J.F.; Belinello, R.; Galvão, J.",2011,6,30,"brazil","sao paulo","paraibuna","Parque Estadual da Serra do Mar.",-45.535278,-23.588889,"Árvore com 9m.; Mata Atlântica.","BRA:UNICAMP:UEC:0000167071",NA,"Pouteria psammophila Radlk.",NA,1180,-23.588889,-45.535278,"original coordinates"
"23",NA,"MN","R","215039","Pouteria psammophila Radlk.",NA,"Sapotaceae","Pouteria","psammophila",NA,"Radlk.","Palazzo, F.M.A.","2011-07-19T00:00:00.000+0000",NA,"77",NA,"Palazzo, F.M.A.",2011,7,19,"brazil","rio de janeiro","marica",NA,NA,NA,NA,"BRA:MN:R:0000215039",NA,"Pouteria psammophila Radlk.",NA,1364,-22.91525,-22.91525,"centroide mpo"
"24",NA,"MN","R","215045","Pouteria psammophila Radlk.",NA,"Sapotaceae","Pouteria","psammophila",NA,"Radlk.","Palazzo, F.M.A.","2011-07-19T00:00:00.000+0000",NA,"84",NA,"Palazzo, F.M.A.",2011,7,19,"brazil","rio de janeiro","marica",NA,NA,NA,NA,"BRA:MN:R:0000215045",NA,"Pouteria psammophila Radlk.",NA,1364,-22.91525,-22.91525,"centroide mpo"
"25",NA,"MN","R","215041","Pouteria psammophila Radlk.",NA,"Sapotaceae","Pouteria","psammophila",NA,"Radlk.","Palazzo, F.M.A.","2011-08-13T00:00:00.000+0000",NA,"80",NA,"Palazzo, F.M.A.",2011,8,13,"brazil","rio de janeiro","cabo frio",NA,NA,NA,NA,"BRA:MN:R:0000215041",NA,"Pouteria psammophila Radlk.",NA,1449,-22.716047,-22.716047,"centroide mpo"
"26",NA,"MN","R","215043","Pouteria psammophila Radlk.",NA,"Sapotaceae","Pouteria","psammophila",NA,"Radlk.","Palazzo, F.M.A.","2011-08-13T00:00:00.000+0000",NA,"82",NA,"Palazzo, F.M.A.",2011,8,13,"brazil","rio de janeiro","cabo frio",NA,NA,NA,NA,"BRA:MN:R:0000215043",NA,"Pouteria psammophila Radlk.",NA,1449,-22.716047,-22.716047,"centroide mpo"
"27",NA,"MN","R","215042","Pouteria psammophila Radlk.",NA,"Sapotaceae","Pouteria","psammophila",NA,"Radlk.","Palazzo, F.M.A.","2011-08-13T00:00:00.000+0000",NA,"81",NA,"Palazzo, F.M.A.",2011,8,13,"brazil","rio de janeiro","cabo frio",NA,NA,NA,NA,"BRA:MN:R:0000215042",NA,"Pouteria psammophila Radlk.",NA,1449,-22.716047,-22.716047,"centroide mpo"
"28",NA,"MN","R","215038","Pouteria psammophila Radlk.",NA,"Sapotaceae","Pouteria","psammophila",NA,"Radlk.","Palazzo, F.M.A.","2011-10-19T00:00:00.000+0000",NA,"76",NA,"Palazzo, F.M.A.",2011,10,19,"brazil","rio de janeiro","rio de janeiro","Marambaia",NA,NA,NA,"BRA:MN:R:0000215038",NA,"Pouteria psammophila Radlk.",NA,1360,-22.924471,-22.924471,"centroide mpo"
"29","2017-10-17T18:37:27.000+0000","JBRJ","RB","RB00605072","Pouteria psammophila Radlk.",NA,"Sapotaceae","Pouteria","psammophila",NA,"Radlk.",NA,NA,NA,"155",NA,"D.A.Carvalho; A.C.Andrade; A.R.Carvalho; Fabiano",2010,1,26,"brazil","rio de janeiro","arraial do cabo","Área de Proteção Ambiental de Massambaba. restinga arbustiva aberta.",NA,NA,"Arbusto semi-heliófilo. Látex branco. Fruto alaranjado, levemente verde.","urn:catalog:JBRJ:RB:605072",NA,"Pouteria psammophila Radlk.",NA,1363,-22.921723,-22.921723,"centroide mpo"
"30",NA,"UNICAMP","UEC","161037","Pouteria psammophila Radlk.",NA,"Sapotaceae","Pouteria","psammophila",NA,"Radlk.","Stefani, E.J.F.","2010-12-01T00:00:00.000+0000",NA,"70",NA,"Stefani, E.J.F.; Belinello, R.; Galvão, J.",2010,5,29,"brazil","sao paulo","caraguatatuba","Parque Estadual da Serra do Mar.",-45.504722,-23.623333,"Árvore com 13m.; Mata Atlântica.","BRA:UNICAMP:UEC:0000161037",NA,"Pouteria psammophila Radlk.",NA,1134,-23.623333,-45.504722,"original coordinates"
"31","2017-10-18T11:15:32.000+0000","JBRJ","RB","RB00605078","Pouteria psammophila Radlk.","aff.","Sapotaceae","Pouteria","psammophila",NA,"Radlk.",NA,NA,NA,"25",NA,"D.A.Carvalho; A.C.Andrade, Fabiano",2009,2,6,"brazil","rio de janeiro","arraial do cabo","Área de Proteção Ambiental de Massambaba. restinga arbustiva aberta.",NA,NA,"Arbusto heliófilo, ca. 1,5 m, com látex branco. Fruto amarelo opaco, ca. 4-5 cm, latescente. Ca. 1-3 sementes por fruto.","urn:catalog:JBRJ:RB:605078",NA,"Pouteria psammophila Radlk.",NA,1363,-22.921723,-22.921723,"centroide mpo"
"32","2017-10-18T10:24:48.000+0000","JBRJ","RB","RB00555544","Pouteria psammophila Radlk.",NA,"Sapotaceae","Pouteria","psammophila",NA,"Radlk.","A. Alves Araújo","2014-08-27T00:00:00.000+0000",NA,"325",NA,"A.C.S.Cavalcanti; T. Serrano",2009,2,1,"brazil","rio de janeiro","araruama","Praia Seca, vegetação de restinga entre a praia e a lagoa da Pernambuca.",-42.291667,-22.9375,"Árvore ca de 2m com ramos acinzentados; folhas cartáceas verdes concolores , flores de coloração clara.","urn:catalog:JBRJ:RB:555544",NA,"Pouteria psammophila Radlk.",NA,1427,-22.9375,-42.291667,"original coordinates"
"33",NA,"UFES","VIES","19195","Pouteria psammophila Radlk.",NA,"Sapotaceae","Pouteria","psammophila",NA,"Radlk.","Fabris, L.C.","2009-04-01T00:00:00.000+0000",NA,"877",NA,"Fabris, L.C.; et al.",2009,4,1,"brazil","espirito santo","itapemirim",NA,NA,NA,"SW2140","BRA:UFES:VIES:0000019195",NA,"Pouteria psammophila Radlk.",NA,2087,-20.966328,-20.966328,"centroide mpo"
"34",NA,"UFPE","UFP","69226","Pouteria psammophila Radlk.",NA,"Sapotaceae","Pouteria","psammophila",NA,"Radlk.","Alves-Araújo, A.","2009-04-27T00:00:00.000+0000",NA,"1216",NA,"Alves-Araújo, A.",2009,4,26,"brazil","pernambuco","buique","Parque Nacional do Vale do Catimbau-Trilha do Canyon.",0,0,"HABITAT:Solo pedregoso.; DESC:Árvore com 8 metros de altura, látex alvo, face foliar adaxial brilhante. Estéril.;","BRA:UFPE:UFP:0000069226",NA,"Pouteria psammophila Radlk.",NA,4154,-8.649471,-37.122599,"centroide mpo (0)"
"35",NA,"Reserva Natural Vale (CVRD)","CVRD","12108","Pouteria psammophila Radlk.",NA,"Sapotaceae","Pouteria","psammophila",NA,"Radlk.","Terry D. Pennington","2010-12-01T00:00:00.000+0000",NA,"6327",NA,"Folli, D.A.",2009,4,3,"brazil","espirito santo","linhares",NA,-39.715585,-19.231433,"<ll>dwc_commonname:</ll> Leiteiro branco","BRA:CVRD:CVRD:0000012108",NA,"Pouteria psammophila Radlk.",NA,2565,-19.231433,-39.715585,"original coordinates"
"36",NA,"UFPE","UFP","69171","Pouteria psammophila Radlk.",NA,"Sapotaceae","Pouteria","psammophila",NA,"Radlk.","Alves-Araújo, A.","2009-06-11T00:00:00.000+0000",NA,"1318",NA,"Alves-Araújo, A.",2009,6,11,"brazil","pernambuco","buique","Parque Nacional do Vale do Catimbau-Trilha das Torres.",-37.244444,-8.565556,"Abundante.HABITAT:Caatinga.; DESC:Árvore entre 8-10 metros de altura, botões verdes, frutos imaturos verdes. Látex alvo.;","BRA:UFPE:UFP:0000069171",NA,"Pouteria psammophila Radlk.",NA,4154,-8.565556,-37.244444,"original coordinates"
"37",NA,"USP","SPF","206356","Pouteria psammophila Radlk.",NA,"Sapotaceae","Pouteria","psammophila",NA,"Radlk.","Monteiro, MH","2009-03-01T00:00:00.000+0000",NA,"167",NA,"Cavalcanti, ACS",2008,5,16,"brazil","rio de janeiro","araruama",NA,-42.293056,-22.936667,NA,"BRA:USP:SPF:0000206356",NA,"Pouteria psammophila Radlk.",NA,1427,-22.936667,-42.293056,"original coordinates"
"38",NA,"Escola Superior de Agricultura Luiz de Queiroz, ESALQ","ESA","ESA109600","Pouteria psammophila Radlk.",NA,"Sapotaceae","Pouteria","psammophila",NA,"Radlk.",NA,NA,NA,"806",NA,"Lima, R.A.F. ; Ivanauskas, N.M.",2008,5,17,"brazil","sao paulo","sete barras",NA,NA,NA,NA,"BRA:ESALQ:ESA:0ESA109600",NA,"Pouteria psammophila Radlk.",NA,1010,-24.274063,-24.274063,"centroide mpo"
"39","2017-10-18T16:23:51.000+0000","JBRJ","RB","RB00530869","Pouteria psammophila Radlk.",NA,"Sapotaceae","Pouteria","psammophila",NA,"Radlk.","M.H.Monteiro","2009-01-01T00:00:00.000+0000",NA,"202",NA,"A.C.S.Cavalcanti; J.Caruzo",2008,7,10,"brazil","rio de janeiro","araruama","Praia Seca, vegetação arbórea de restinga entre a praia e a trilha paralela a Lagoa de Araruama.",-42.291389,-22.936944,"Árvore ca de 5m de ramos amarronzados; folhas membranáceas, glabras de face abaxial mais clara e fosca, e a adaxial levemente brilhosa; frutos marrom escuros.","urn:catalog:JBRJ:RB:530869",NA,"Pouteria psammophila Radlk.",NA,1427,-22.936944,-42.291389,"original coordinates"
"40",NA,"UFES","VIES","19196","Pouteria psammophila Radlk.",NA,"Sapotaceae","Pouteria","psammophila",NA,"Radlk.","Fabris, L.C.","2008-12-19T00:00:00.000+0000",NA,"876",NA,"Fabris, L.C.; et al.",2008,12,19,"brazil","espirito santo","linhares","Degredo.",NA,NA,"SW1939","BRA:UFES:VIES:0000019196",NA,"Pouteria psammophila Radlk.",NA,2565,-19.38214,-19.38214,"centroide mpo"
"41",NA,"UNICAMP","UEC","148788","Pouteria psammophila Radlk.",NA,"Sapotaceae","Pouteria","psammophila",NA,"Radlk.","Aranha, B.A.","2008-10-01T00:00:00.000+0000",NA,"357",NA,"Aranha, B.A.",2007,1,10,"brazil","sao paulo","ubatuba","Fazenda Capricórnio, Parcela J",-45.084167,-23.366389,NA,"BRA:UNICAMP:UEC:0000148788",NA,"Pouteria psammophila Radlk.",NA,1216,-23.366389,-45.084167,"original coordinates"
"42",NA,"Reserva Natural Vale (CVRD)","CVRD","9995","Pouteria psammophila Radlk.",NA,"Sapotaceae","Pouteria","psammophila",NA,"Radlk.","Geovane S. Siqueira","2007-03-19T00:00:00.000+0000",NA,"370",NA,"Luz, A.A. da",2007,2,27,"brazil","minas gerais","mutum",NA,NA,NA,"<ll>dwc_commonname:</ll> Leiteiro branco","BRA:CVRD:CVRD:0000009995",NA,"Pouteria psammophila Radlk.",NA,2445,-19.919674,-19.919674,"centroide mpo"
"43",NA,"UFES","VIES","13763","Pouteria psammophila Radlk.",NA,"Sapotaceae","Pouteria","psammophila",NA,"Radlk.","Fabris, L.C.","2011-03-23T00:00:00.000+0000",NA,"5500",NA,"Folli, D.A.",2007,3,7,"brazil","espirito santo","linhares","Reserva Natural Vale.",NA,NA,"SW1939","BRA:UFES:VIES:0000013763",NA,"Pouteria psammophila Radlk.",NA,2565,-19.38214,-19.38214,"centroide mpo"
"44",NA,"UFES","VIES","19602","Pouteria psammophila Radlk.",NA,"Sapotaceae","Pouteria","psammophila",NA,"Radlk.","Fabris, L.C.","2008-09-29T00:00:00.000+0000",NA,"1633",NA,"Menezes, L.F.T.; Sá, C.F.C.; Ribeiro, R.; Faria, M.B. & Teotônio, F.C.",2007,3,14,"brazil","espirito santo","linhares",NA,NA,NA,"SW1940","BRA:UFES:VIES:0000019602",NA,"Pouteria psammophila Radlk.",NA,2565,-19.38214,-19.38214,"centroide mpo"
"45",NA,"UNICAMP","UEC","170073","Pouteria psammophila Radlk.",NA,"Sapotaceae","Pouteria","psammophila",NA,"Radlk.","Rochelle, A.L.C.","2008-03-01T00:00:00.000+0000",NA,"J1698",NA,"Rochelle, A.L.C.",2007,5,NA,"brazil","sao paulo","ubatuba","Fazenda Capricórnio - Bairro Taquaral. Floresta Ombrófila Densa Submontana.",-45.084167,-23.366667,"Indivíduo J1698 da parcela J do Projeto Temático BIOTA-Gradiente Funcional.","BRA:UNICAMP:UEC:0000170073",NA,"Pouteria psammophila Radlk.",NA,1216,-23.366667,-45.084167,"original coordinates"
"46","2017-10-18T18:04:17.000+0000","JBRJ","RB","RB00492839","Pouteria psammophila Radlk.",NA,"Sapotaceae","Pouteria","psammophila",NA,"Radlk.","A. Alves-Araújo","2014-08-25T00:00:00.000+0000",NA,"4749",NA,"C.Farney; D.S.D.Araujo,L.F.T.Menezes,R.D.Ribeiro,J.C.Silva",2007,7,5,"brazil","espirito santo","conceicao da barra","Comunidade de Lajinha, Fazenda Rancho Tropical II, Mata de Restinga.",NA,NA,"Árvore; 6 m; folhas discolores verdes, face superior brilhante; frutos imaturos amarelos.","urn:catalog:JBRJ:RB:492839",NA,"Pouteria psammophila Radlk.",NA,2736,-18.445026,-18.445026,"centroide mpo"
"47",NA,"NY","NY","00880347","Pouteria psammophila Radlk.",NA,"Sapotaceae","Pouteria","psammophila",NA,"Radlk.",NA,NA,NA,"5500",NA,"D. A. Folli",2007,7,3,"brazil","espirito santo",NA,"Reserva Natural Vale.",0,0,"Registro CVRD: 10007","982c20f3-aa11-49e1-9b15-8acbc025b4b2",NA,"Pouteria psammophila Radlk.",NA,NA,-19.57475617,-40.6681057,"centroide estado (0)"
"48",NA,"UFES","VIES","33292","Pouteria psammophila Radlk.",NA,"Sapotaceae","Pouteria","psammophila",NA,"Radlk.",NA,NA,NA,"54",NA,"Moreira, L.N.",2007,7,1,"brazil","espirito santo","cachoeiro de itapemirim","Floresta Nacional Pacotuba.",NA,NA,"SW2041","BRA:UFES:VIES:0000033292",NA,"Pouteria psammophila Radlk.",NA,2161,-20.769195,-20.769195,"centroide mpo"
"49",NA,"MBML","MBML-HERBARIO","30653","Pouteria psammophila Radlk.",NA,"Sapotaceae","Pouteria","psammophila",NA,"Radlk.","L.C. Fabris/14-XII-2011",NA,NA,"2920",NA,"R.R. Vervloet; V. Demuner, E. Bausen, T. A. Cruz",2007,7,18,"brazil","espirito santo","santa leopoldina","Fazenda Caioaba.",-40.480972,-20.086944,"Árvore 18m, frutos secos enegrecidos. Látex de cor branca.","BRA:MBML:MBML-HERBARIO:0000030653",NA,"Pouteria psammophila Radlk.",NA,2380,-20.086944,-40.480972,"original coordinates"
"50",NA,"IAC","IAC","50449","Pouteria psammophila Radlk.",NA,"Sapotaceae","Pouteria","psammophila",NA,"Radlk.","J.A.M.A. Gomes; L.C. Bernacci; R.B. Torres et al.","2007-11-13T00:00:00.000+0000",NA,"562",NA,"J.A.M.A. Gomes; O.A. Santos; S. Santos & F.J. Benedetti",2007,11,13,"brazil","sao paulo","ubatuba","Fazenda Capricórnio, Parcela I (Parque Estadual da Serra do Mar, Núcleo Picinguaba)",-45.083511,-23.367009,"subparcela 6, indivíduo I 0145","BRA:IAC:IAC:0000050449",NA,"Pouteria psammophila Radlk.",NA,1216,-23.367009,-45.083511,"original coordinates"
"51",NA,"UNICAMP","UEC","147799","Pouteria psammophila Radlk.",NA,"Sapotaceae","Pouteria","psammophila",NA,"Radlk.","Campos, M.C.R.","2007-09-01T00:00:00.000+0000",NA,"488",NA,"Campos, M.C.R.; Belinello, R.; Assis, M.A.; Guaraldo, A.",2006,5,8,"brazil","sao paulo","picinguaba","Parque Estadual da Serra do Mar, Parcela E na Trilha do Corisco (Projeto Temático Biota Gradiente Funcional)",0,0,"indivíduo E0656, altura 12m","BRA:UNICAMP:UEC:0000147799",NA,"Pouteria psammophila Radlk.",NA,NA,NA,NA,"centroide mpo (0)"
"52",NA,"UNICAMP","UEC","147774","Pouteria psammophila Radlk.",NA,"Sapotaceae","Pouteria","psammophila",NA,"Radlk.","Campos, M.C.R.","2007-09-01T00:00:00.000+0000",NA,"867",NA,"Campos, M.C.R.; Belinello, R.",2006,7,17,"brazil","sao paulo","picinguaba","Parque Estadual da Serra do Mar, Parcela E na Trilha do Corisco (Projeto Temático Biota Gradiente Funcional)",0,0,"indivíduo E1152, altura 20m","BRA:UNICAMP:UEC:0000147774",NA,"Pouteria psammophila Radlk.",NA,NA,NA,NA,"centroide mpo (0)"
"53",NA,"IF","SPSF","34363","Pouteria psammophila Radlk.",NA,"Sapotaceae","Pouteria","psammophila",NA,"Radlk.","G.C.D.Franco","2005-05-01T00:00:00.000+0000",NA,"5186",NA,"N.M.Ivanauskas & F.M.Souza & R.Cielo-Filho & C.O.Araújo & D.Souza. & Sr. Aderbal. (Guia) & Sr. Vanderlei (Guia)",2005,2,11,"brazil","sao paulo","cunha","Parque Estadual da Serra do Mar, Núcleo Cunha/Inadaiá, Trilha do Rio Bonito",NA,NA,"COLETA: XLS: SPSFNovo; Árvore de 12m, látex branco-aquoso. Fruto verde-amarelado.; GEOGRAFIA: UTM: X=497404 Y=7428842 ZONA=23;","BRA:IF:SPSF:0000034363",NA,"Pouteria psammophila Radlk.",NA,1322,-23.050544,-23.050544,"centroide mpo"
"54","2017-10-18T15:28:35.000+0000","JBRJ","RB","RB00528939","Pouteria psammophila Radlk.",NA,"Sapotaceae","Pouteria","psammophila",NA,"Radlk.",NA,NA,NA,"653",NA,"V.S.Fonseca-Kruel; A.C. Andrade & J.F.Guimarães",2005,5,18,"brazil","rio de janeiro","arraial do cabo","Restinga do Salgado, próximo a Lagoa do Salgado. Formação de restinga aberta sem inundação. Solo arenoso. Formação de moitas. Área de Proteção Ambiental (APA) da Massambaba",-42.230278,-22.926667,"Arbusto, heliófilo. Folhas levemente discolores, verdes, com nervuras amareladas. Fruto castanho.","urn:catalog:JBRJ:RB:528939",NA,"Pouteria psammophila Radlk.",NA,1363,-22.926667,-42.230278,"original coordinates"
"55",NA,"UEFS","HUEFS","78803","Pouteria psammophila Radlk.",NA,"Sapotaceae","Pouteria","psammophila",NA,"Radlk.","C.E.Carneiro",NA,NA,"7830",NA,"Silva, J.",2004,1,6,"brazil","sao paulo","praia grande",NA,NA,NA,NA,"BRA:UEFS:HUEFS:0000078803",NA,"Pouteria psammophila Radlk.",NA,1048,-24.014547,-24.014547,"centroide mpo"
"56",NA,"Escola Superior de Agricultura Luiz de Queiroz, ESALQ","ESA","ESA052580","Pouteria psammophila Radlk.",NA,"Sapotaceae","Pouteria","psammophila",NA,"Radlk.",NA,NA,NA,"827",NA,"Fernandes, D. ; Ribeiro, R.",2004,4,25,"brazil","rio de janeiro","cabo frio",NA,NA,NA,NA,"BRA:ESALQ:ESA:0ESA052580",NA,"Pouteria psammophila Radlk.",NA,1449,-22.716047,-22.716047,"centroide mpo"
"57","2017-10-11T02:05:36.000+0000","JBRJ","RB","RB00587365","Pouteria psammophila Radlk.",NA,"Sapotaceae","Pouteria","psammophila",NA,"Radlk.",NA,NA,NA,"1021",NA,"Anderson Oliveira ; Daniela Oliveira",2004,7,NA,"brazil","rio de janeiro","rio das ostras","ARIE Itapebussus.",NA,NA,"Árvore com ca. de 7m de altura,planta heliófila.","urn:catalog:JBRJ:RB:587365",NA,"Pouteria psammophila Radlk.",NA,1553,-22.452517,-22.452517,"centroide mpo"
"58",NA,"MBML","MBML-HERBARIO","20388","Pouteria psammophila Radlk.",NA,"Sapotaceae","Pouteria","psammophila",NA,"Radlk.","A. Alves Araújo/25-03-2014",NA,NA,"2178",NA,"R.R. Vervloet; et al",2003,4,9,"brazil","espirito santo","santa teresa","Reserva Biológica Augusto Ruschi - Nova Lombardia",-40.553056,-19.9075,"Árvore de 18m, frutos imaturos de cor verde, cobertos por tegumento marrom. Frutos secos de cor marrom. Planta com látex de cor branca, topo de morro, dossel 19m.","BRA:MBML:MBML-HERBARIO:0000020388",NA,"Pouteria psammophila Radlk.",NA,2456,-19.9075,-40.553056,"original coordinates"
"59",NA,"USP","SPF","200784","Pouteria psammophila Radlk.",NA,"Sapotaceae","Pouteria","psammophila",NA,"Radlk.","Rezende, GSZ","2003-01-01T00:00:00.000+0000",NA,"227",NA,"Rezende, GSZ",2003,8,20,"brazil","rio de janeiro","cabo frio","Parque Ecológico Municipal do Mico-Leão-Dourado, Área de Proteção Ambiental da Bacia do Rio São João/ Mico Leão Dourado.",0,0,NA,"BRA:USP:SPF:0000200784",NA,"Pouteria psammophila Radlk.",NA,1449,-22.716047,-42.058216,"centroide mpo (0)"
"60",NA,"Escola Superior de Agricultura Luiz de Queiroz, ESALQ","ESA","ESA105530","Pouteria psammophila Radlk.",NA,"Sapotaceae","Pouteria","psammophila",NA,"Radlk.","Aguiar, O.T.","2002-03-17T00:00:00.000+0000",NA,NA,NA,"Aguiar, O.T.",2002,3,13,"brazil","sao paulo","sao miguel arcanjo",NA,NA,NA,NA,"BRA:ESALQ:ESA:0ESA105530",NA,"Pouteria psammophila Radlk.",NA,1065,-23.913252,-23.913252,"centroide mpo"
"61",NA,"Escola Superior de Agricultura Luiz de Queiroz, ESALQ","ESA","ESA080756","Pouteria psammophila Radlk.",NA,"Sapotaceae","Pouteria","psammophila",NA,"Radlk.","Carneiro, C.E.","2002-10-10T00:00:00.000+0000",NA,"719",NA,"Farias, R.; Rolim, S.G.; Uliana, V.L.C.R.; Righi, C.A.; Scaramuzza, C.A.M.; Rodrigues, R.R.; Souza, V.C.; Tamashiro, J.Y.; Franco, G.C.; Forster, W.; Ivanauskas, N.M.",2002,4,25,"brazil","sao paulo","sao miguel arcanjo",NA,NA,NA,NA,"BRA:ESALQ:ESA:0ESA080756",NA,"Pouteria psammophila Radlk.",NA,1065,-23.913252,-23.913252,"centroide mpo"
"62",NA,"Universidade Federal da Bahia (UFBA)","ALCB","48794","Pouteria psammophila Radlk.",NA,"Sapotaceae","Pouteria","psammophila",NA,"Radlk.","Alves-Araújo, A","2009-03-25T00:00:00.000+0000",NA,"1125",NA,"Jesus, NG de",2000,3,23,"brazil","bahia","entre rios","Litoral Norte, RPPN Fazenda Lontra/Saudade",-38.083333,-11.95,"8,0 m x 0,25x0,32x0,24 m; casca cinza, estriada; látex branco. Folhas semi-coriáceas, discolores, glabras, brilhantes. Fruto globoso, densamente coberto por pêlos ferrugíneos.","BRA:UFBA:ALCB:0000048794",NA,"Pouteria psammophila Radlk.",NA,3584,-11.95,-38.083333,"original coordinates"
"63","2017-10-19T14:08:20.000+0000","JBRJ","RB","RB00529032","Pouteria psammophila Radlk.",NA,"Sapotaceae","Pouteria","psammophila",NA,"Radlk.","L.C.Fabris","2011-07-21T00:00:00.000+0000",NA,"471",NA,"V.S.Fonseca-Kruel; G.S.Kruel, Sr. Wilson, Sr. Edilson",2000,9,9,"brazil","rio de janeiro","arraial do cabo","Restinga próximo a Enseada de Tucuns. Floresta de restinga. Reserva Extrativista de Arraial do Cabo",-42.071944,-22.949167,"Árvore, 2 m. Semi-umbrófila. Caule marrom, ramos levemente vináceos. Folhas verdes, lustrosas/brilhantes, discolores. Látex branco.","urn:catalog:JBRJ:RB:529032",NA,"Pouteria psammophila Radlk.",NA,1363,-22.949167,-42.071944,"original coordinates"
"64",NA,"IF","SPSF","31368","Pouteria psammophila Radlk.",NA,"Sapotaceae","Pouteria","psammophila",NA,"Radlk.",NA,NA,NA,"383A",NA,"A.G.Castro",2000,10,28,"brazil","sao paulo","bananal","Estação Ecológica, Serra da Bocaina",NA,NA,"COLETA: XLS: SPSFAntigo&nf;Árvore 14m altura; látex cor bege; frutos maduros verde-amarronzados.;","BRA:IF:SPSF:0000031368",NA,"Pouteria psammophila Radlk.",NA,1436,-22.734453,-22.734453,"centroide mpo"
"65","2014-07-08T02:40:01.000+0000","JBRJ","RB","RB00379102","Pouteria psammophila Radlk.",NA,"Sapotaceae","Pouteria","psammophila",NA,"Radlk.","T. D. PENNINGTON","2003-01-01T00:00:00.000+0000",NA,NA,NA,"COLETA DO ARBORETO",1999,5,25,"brazil","rio de janeiro","rio de janeiro","CULTIVADO NO ARBORETO DO JARDIM BOTÂNICO RIO DE JANEIRO, CANTEIRO 9E.",NA,NA,"ÁRVORE. MATERIAL ESTÉRIL","urn:catalog:JBRJ:RB:379102",NA,"Pouteria psammophila Radlk.",NA,1360,-22.924471,-22.924471,"centroide mpo"
"66",NA,"Universidade Federal da Bahia (UFBA)","ALCB","52221","Pouteria psammophila Radlk.",NA,"Sapotaceae","Pouteria","psammophila",NA,"Radlk.","Alves-Araújo, A","2009-03-25T00:00:00.000+0000",NA,"0606",NA,"Stradmann, MTS; Gomes, DF; Ribeiro, B; Sales, MC",1999,10,12,"brazil","bahia","lencois","Chapada Diamantina, Foz do rio Capivara, situado a 14 Km de Lençóis, com acesso pela estrada de terra Lençóis/Andaraí. Localizado nos limites do Parque Nacional da Chapada Diamantina e a APA de Iraquara/Marimbus. Dissertação Mestrado em fitossociolog",-41.369167,-12.635556,"7,5 m, terrestre, latex branco nos troncos e frutos, erecta. Folhas coriáceas, discolores, face adaxial lustrosa e verde-escura, nervuras amareladas. Botões verdes; frutos maduros laranja. Frequente.; Vegetação arbustiva/arbórea, pouco antropizada pe","BRA:UFBA:ALCB:0000052221",NA,"Pouteria psammophila Radlk.",NA,3540,-12.635556,-41.369167,"original coordinates"
"67",NA,"UNICAMP","UEC","174961","Pouteria psammophila Radlk.",NA,"Sapotaceae","Pouteria","psammophila",NA,"Radlk.","Sanchez, M.",NA,NA,"1566",NA,"Pedroni, F.; Sanchez, M.; Laps, R.R.; Belinello, R.",1997,2,6,"brazil","sao paulo","ubatuba","Picinguaba. Morro do Corisco.",-44.812222,-23.311111,"Árvore 168 com 14 m de altura, com início de botões.; Mata Atlântica de Encosta.","BRA:UNICAMP:UEC:0000174961",NA,"Pouteria psammophila Radlk.",NA,1216,-23.311111,-44.812222,"original coordinates"
"68","2017-10-18T10:36:22.000+0000","JBRJ","RB","RB00452146","Pouteria psammophila Radlk.",NA,"Sapotaceae","Pouteria","psammophila",NA,"Radlk.",NA,NA,NA,"586",NA,"P.R.Farág",1997,2,25,"brazil","rio de janeiro","armacao dos buzios","José Gonçalves. Mata de José Gonçalves, vizinha à Faz. Rancho 10.",NA,NA,"Árvore com cerca de 5 m de altura. Ritidoma desfolhante, casca viva bege claro, látex branco e escasso. (ind. PA 3-52).","urn:catalog:JBRJ:RB:452146",NA,"Pouteria psammophila Radlk.",NA,1422,-22.776712,-22.776712,"centroide mpo"
"69",NA,"UFES","VIES","10144","Pouteria psammophila Radlk.",NA,"Sapotaceae","Pouteria","psammophila",NA,"Radlk.","Mônico, A.Z.","2014-05-19T00:00:00.000+0000",NA,"5958",NA,"Pereira, O.J.; Zambom, O.",1997,3,10,"brazil","espirito santo","linhares","Fazenda São Jorge.",NA,NA,"SW1940","BRA:UFES:VIES:0000010144",NA,"Pouteria psammophila Radlk.",NA,2565,-19.38214,-19.38214,"centroide mpo"
"70","2015-05-18T14:26:00.000+0000","S","VascularPlants","S15-32215","Pouteria psammophila Radlk.",NA,"Sapotaceae","Pouteria","psammophila",NA,"Radlk.",NA,NA,NA,"1810","1810","M. Sanchez, F. Pedroni, R. R. Laps & R. Belinello",1997,5,29,"brazil","sao paulo",NA,"Brasil, São Paulo, Ubatuba, Picinguaba.",-44.81,-23.3,NA,"S:VascularPlants:S15-32215",NA,"Pouteria psammophila Radlk.",NA,NA,-23.3,-44.81,"original coordinates"
"71",NA,"Escola Superior de Agricultura Luiz de Queiroz, ESALQ","ESA","ESA027637","Pouteria psammophila Radlk.",NA,"Sapotaceae","Pouteria","psammophila",NA,"Radlk.","Carneiro, C.E.","1996-10-01T00:00:00.000+0000",NA,"34806",NA,"Leitão Filho, H.F. et al.",1996,2,4,"brazil","sao paulo","ubatuba",NA,NA,NA,NA,"BRA:ESALQ:ESA:0ESA027637",NA,"Pouteria psammophila Radlk.",NA,1216,-23.38322,-23.38322,"centroide mpo"
"72",NA,"UNICAMP","UEC","174554","Pouteria psammophila Radlk.",NA,"Sapotaceae","Pouteria","psammophila",NA,"Radlk.","Sanchez, M.",NA,NA,"2451",NA,"Sanchez, M.; Pedroni, F.",1996,4,30,"brazil","sao paulo","ubatuba","Picinguaba, margens do Rio da Fazenda.",-44.8,-23.366667,"Árvore número 63 com 16m de altura, com botões creme, latescente.; Mata Atlântica de Encosta.","BRA:UNICAMP:UEC:0000174554",NA,"Pouteria psammophila Radlk.",NA,1216,-23.366667,-44.8,"original coordinates"
"73","2014-07-08T02:32:23.000+0000","JBRJ","RB","RB00379086","Pouteria psammophila Radlk.",NA,"Sapotaceae","Pouteria","psammophila",NA,"Radlk.",NA,NA,NA,"325",NA,"V. S. FONSECA; SR. VITORINO, GUSTAVO",1995,4,22,"brazil","rio de janeiro","saquarema","RESERVA ECOLOGICA ESTADUAL DE JACAREPIA.",NA,NA,"ÁRVORE 4,5M; SEMI UMBROFILA; FOLHAS VERDES SUB CORIACES COM PELOS NA FACE ABAXIAL ALARANJADOS; COM LÁTEX","urn:catalog:JBRJ:RB:379086",NA,"Pouteria psammophila Radlk.",NA,1376,-22.878506,-22.878506,"centroide mpo"
"74",NA,"Reserva Natural Vale (CVRD)","CVRD","4929","Pouteria psammophila Radlk.",NA,"Sapotaceae","Pouteria","psammophila",NA,"Radlk.","Domingos A. Folli","2003-05-10T00:00:00.000+0000",NA,"2301",NA,"Folli, D.A.",1994,5,11,"brazil","espirito santo","linhares",NA,NA,NA,"<ll>dwc_commonname:</ll> Leiteiro branco","BRA:CVRD:CVRD:0000004929",NA,"Pouteria psammophila Radlk.",NA,2565,-19.38214,-19.38214,"centroide mpo"
"75","2014-07-08T02:37:30.000+0000","JBRJ","RB","RB00379371","Pouteria psammophila Radlk.",NA,"Sapotaceae","Pouteria","psammophila",NA,"Radlk.","Andreson Alves Araújo","2008-11-28T00:00:00.000+0000",NA,"314",NA,"R.Paixão; L.S. Sarahyba, M. Gomes",1994,11,10,"brazil","rio de janeiro","arraial do cabo","Reserva Ecologica Estadual de Massambaba.",NA,NA,"Arbusto, 1-1,50 metros de altura, heliófilo, planta com látex leitoso, folhas cartaceas e apenas com frutos maduros alaranjados com manchas escuras, pouco frequente no local, comestível","urn:catalog:JBRJ:RB:379371",NA,"Pouteria psammophila Radlk.",NA,1363,-22.921723,-22.921723,"centroide mpo"
"76",NA,"USP","SPF","81752","Pouteria psammophila Radlk.",NA,"Sapotaceae","Pouteria","psammophila",NA,"Radlk.","Monteiro, MHDA","2010-02-01T00:00:00.000+0000",NA,"2893",NA,"Pirani, JR",1993,5,16,"brazil","rio de janeiro","arraial do cabo",NA,0,0,NA,"BRA:USP:SPF:0000081752",NA,"Pouteria psammophila Radlk.",NA,1363,-22.921723,-42.176807,"centroide mpo (0)"
"77","2008-05-27T22:02:00.000+0000","MO","MO","3260174","Pouteria psammophila Radlk.",NA,"Sapotaceae","Pouteria","psammophila",NA,"Radlk.","T.D. Pennington","1997-01-01T00:00:00.000+0000",NA,"Pirani 2893",NA,"José R. Pirani",1993,5,16,"brazil","rio de janeiro",NA,"Mun. Arraial do Cabo, à 28 Km do trevo de Cabo Frio, na Praja de Maçamba. Restinga baixa e descontínua. Área das Salinas Pring.",NA,NA,NA,"urn:catalog:MO:Tropicos:3260174","http://www.tropicos.org/Specimen/3260174","Pouteria psammophila Radlk.",NA,NA,-22.19581555,-22.19581555,"centroide estado"
"78",NA,"UNICAMP","UEC","174962","Pouteria psammophila Radlk.",NA,"Sapotaceae","Pouteria","psammophila",NA,"Radlk.","Godoy, J.R.L.","1996-01-01T00:00:00.000+0000",NA,"27268",NA,"Sanchez, M.; Pedroni, F.; Laps, R.R.",1992,10,6,"brazil","sao paulo","ubatuba","Núvleo de Picinguaba, margens do Rio da Fazenda.",0,0,"Árvore, ca. 20 metros de altitude botões de cor creme, caulifloria látex, nº de coleta 145.; Mata Atlântica.","BRA:UNICAMP:UEC:0000174962",NA,"Pouteria psammophila Radlk.",NA,1216,-23.38322,-45.026117,"centroide mpo (0)"
"79","2014-07-07T18:58:14.000+0000","JBRJ","RB","RB00563615","Pouteria psammophila Radlk.",NA,"Sapotaceae","Pouteria","psammophila",NA,"Radlk.","L. C. Fabris","2011-07-21T00:00:00.000+0000",NA,"4270",NA,"Pereira, O.J; Pereira,S.V; Gomes,J.M.L.",1992,12,2,"brazil","espirito santo","espirito santo","Espírito Santo (ES). Conceição da Brra, área 126 da Aracruz Celulose. .",NA,NA,"Planta com 5m de altura.Cálice verde,corola creme,latescente.","urn:catalog:JBRJ:RB:563615",NA,"Pouteria psammophila Radlk.",NA,NA,NA,NA,"centroide mpo"
"80",NA,"Instituto de Botânica, IBT","SP","250029","Pouteria psammophila Radlk.",NA,"Sapotaceae","Pouteria","psammophila",NA,"Radlk.","Melo, MMRF","1992-10-01T00:00:00.000+0000",NA,"939",NA,"Melo, MMRF; et al.",1991,4,24,"brazil","sao paulo","iguape","Estação Ecológica Juréia-Itatins, Serra da Juréia, trilha do Imperador em direção à Praia de Juréia, mata",0,0,"Árvore ca. 12m alt., látex branco, frutos imaturos verdes","BRA:IBt:SP:0000250029",NA,"Pouteria psammophila Radlk.",NA,975,-24.549358,-47.474658,"centroide mpo (0)"
"81",NA,"UNICAMP","UEC","174552","Pouteria psammophila Radlk.",NA,"Sapotaceae","Pouteria","psammophila",NA,"Radlk.","Sanchez, M.",NA,NA,"2450",NA,"Sanchez, M.; Pedroni, F.",1991,12,3,"brazil","sao paulo","ubatuba","Picinguaba, margens do Rio da Fozenda.",-44.8,-23.366667,"Árvore número 145 com 20 m de altura, com um fruto imaturo.; Mata Atlântica de Encosta.","BRA:UNICAMP:UEC:0000174552",NA,"Pouteria psammophila Radlk.",NA,1216,-23.366667,-44.8,"original coordinates"
"82","2014-07-08T02:32:27.000+0000","JBRJ","RB","RB00379094","Pouteria psammophila Radlk.",NA,"Sapotaceae","Pouteria","psammophila",NA,"Radlk.",NA,NA,NA,"3233",NA,"C. FARNEY; ET AL",1990,6,25,"brazil","rio de janeiro","saquarema","RES. ECOL. ESTADUAL JACAREPIÁ,.",-42.05,-22.116667,"ÁRVORETO; 6M, TRONCO RAMIFICADO NA BASE, CAP 23+28; CAS 43+ 36; COM LATX -CASCA ESFOLIANDE","urn:catalog:JBRJ:RB:379094",NA,"Pouteria psammophila Radlk.",NA,1376,-22.116667,-42.05,"original coordinates"
"83",NA,"MBML","MBML-HERBARIO","7733","Pouteria psammophila Radlk.",NA,"Sapotaceae","Pouteria","psammophila",NA,"Radlk.","Cláudia E. Carneiro/Abril-2000",NA,NA,"26",NA,"S. V. Pereira; M. S. R. Cardoso",1990,10,14,"brazil","espirito santo","santa teresa","Estação Biológica de Santa Lúcia",-40.530278,-19.971389,"Árvore com aprox. 12.0m de altura, CAP = 60cm, fuste de 9.0m. Com látex branco e botões de flor. - Setor: 1, indivíduo 58 parcela 3 subparcela 2. Material coletado: folha e flor.","BRA:MBML:MBML-HERBARIO:0000007733",NA,"Pouteria psammophila Radlk.",NA,2456,-19.971389,-40.530278,"original coordinates"
"84","2017-10-04T11:39:18.000+0000","JBRJ","RB","RB00382094","Pouteria psammophila Radlk.",NA,"Sapotaceae","Pouteria","psammophila",NA,"Radlk.","Anderson Alves Araújo","2014-08-26T00:00:00.000+0000",NA,"55",NA,"Silvia Salgado; et al",1989,5,29,"brazil","rio de janeiro","rio de janeiro","Jardim Botanico.",NA,NA,"Árvore ,folhas concolores verde escuro.Presença de látex.","urn:catalog:JBRJ:RB:382094",NA,"Pouteria psammophila Radlk.",NA,1360,-22.924471,-22.924471,"centroide mpo"
"85","2017-10-04T11:52:44.000+0000","JBRJ","RB","RB00379972","Pouteria psammophila Radlk.","cf.","Sapotaceae","Pouteria","psammophila",NA,"Radlk.","A. Alves-Araújo","2014-08-28T00:00:00.000+0000",NA,"47",NA,"Silvia Salgado; Naziel",1989,5,3,"brazil","rio de janeiro","rio de janeiro","Jardim Botênico do Rio de Janeiro, canteiro XA.",NA,NA,"Árvore, mais ou menos 12 m, folhas discolores verde mais escuro na face adaxial e verde mais claro na face abaxial, presença de látex.","urn:catalog:JBRJ:RB:379972",NA,"Pouteria psammophila Radlk.",NA,1360,-22.924471,-22.924471,"centroide mpo"
"86",NA,"Instituto de Botânica, IBT","SP","245946","Pouteria psammophila Radlk.",NA,"Sapotaceae","Pouteria","psammophila",NA,"Radlk.",NA,NA,NA,"848",NA,"Melo, MMRF",1989,10,20,"brazil","sao paulo","cananeia","Parque Estadual da Ilha do Cardoso",0,0,NA,"BRA:IBt:SP:0000245946",NA,"Pouteria psammophila Radlk.",NA,925,-25.018214,-48.007886,"centroide mpo (0)"
"87",NA,"IF","SPSF","14038","Pouteria psammophila Radlk.",NA,"Sapotaceae","Pouteria","psammophila",NA,"Radlk.",NA,NA,NA,"396",NA,"J.B.Baitello",1989,12,14,"brazil","sao paulo","cunha","P.E.Serra do Mar - Núcleo Cunha",NA,NA,"COLETA: XLS: SPSFAntigo;","BRA:IF:SPSF:0000014038",NA,"Pouteria psammophila Radlk.",NA,1322,-23.050544,-23.050544,"centroide mpo"
"88","2014-07-08T02:37:29.000+0000","JBRJ","RB","RB00379322","Pouteria psammophila Radlk.",NA,"Sapotaceae","Pouteria","psammophila",NA,"Radlk.","M.H.D.A.Monteiro",NA,NA,"194",NA,"H.M.Ferreira; C.L.B.Abreu",1986,2,10,"brazil","rio de janeiro","saquarema","Boqueirão.",NA,NA,NA,"urn:catalog:JBRJ:RB:379322",NA,"Pouteria psammophila Radlk.",NA,1376,-22.878506,-22.878506,"centroide mpo"
"89","2014-07-08T02:43:22.000+0000","JBRJ","RB","RB00379266","Pouteria psammophila Radlk.",NA,"Sapotaceae","Pouteria","psammophila",NA,"Radlk.","A. Alves-Araújo",NA,NA,"356",NA,"C. Farney",1983,10,23,"brazil","rio de janeiro","rio de janeiro","Mun. de Maricá, Estrada Barra de Maricá-Ponta Negra, Restinga Arbustiva degradada.",NA,NA,"Arbusto, 3m, heliófilo, muito ramificado, folhas levemente discolores verdes, pecíolo e ramos pilosos, flores em botão castanhos, látex branco, caule enrrugado.","urn:catalog:JBRJ:RB:379266",NA,"Pouteria psammophila Radlk.",NA,1360,-22.924471,-22.924471,"centroide mpo"
"90",NA,"US","Botany","3013638","Pouteria psammophila Radlk.",NA,"Sapotaceae","Pouteria","psammophila",NA,"Radlk.",NA,NA,NA,"246",NA,"J. A. Cardoso",1983,12,31,"brazil","rio de janeiro",NA,"Praia da Moreninha, Ilha de Paquetá",NA,NA,NA,"http://n2t.net/ark:/65665/334b9a341-f5c7-48e0-acf4-f2a48d91743c",NA,"Pouteria psammophila Radlk.",NA,NA,-22.19581555,-22.19581555,"centroide estado"
"91","2014-07-08T02:43:15.000+0000","JBRJ","RB","RB00379268","Pouteria psammophila Radlk.",NA,"Sapotaceae","Pouteria","psammophila",NA,"Radlk.","F.M.A. Palazzo","2011-01-31T00:00:00.000+0000",NA,"1192",NA,"G.P.Lewis; H.C.de Lima",1982,3,14,"brazil","rio de janeiro","marica","Barra de Maricá, prox.a Lagoa de Maricá.",NA,NA,"Many stemmed small shrub to treelet to 1,5m each stem with max. diam. 1,5 cm, bark pale-brown, foliage dark green above with yellowish veination, young fruits lime-green becoming slightly orange","urn:catalog:JBRJ:RB:379268",NA,"Pouteria psammophila Radlk.",NA,1364,-22.91525,-22.91525,"centroide mpo"
"92","2017-10-18T16:38:17.000+0000","JBRJ","RB","RB00731015","Pouteria psammophila var. xestophylla (Miq.) Baehni",NA,"Sapotaceae","Pouteria","psammophila","xestophylla","var. xestophylla (Miq.) Baehni","J. Cardoso",NA,NA,"2234",NA,"V.F. Ferreira",1982,7,1,"brazil","rio de janeiro","niteroi","Praia de Itaipuaçu, alto Moirão.",NA,NA,"Arvore, 8m, frutos caulinares, amarelos quando maduros, lactescente.","urn:catalog:JBRJ:RB:731015",NA,"Pouteria psammophila var. xestophylla (Miq.) Baehni",NA,1365,-22.91459,-22.91459,"centroide mpo"
"93","2014-07-08T02:32:21.000+0000","JBRJ","RB","RB00379058","Pouteria psammophila Radlk.",NA,"Sapotaceae","Pouteria","psammophila",NA,"Radlk.",NA,NA,NA,"133",NA,"REGINA H. P. ANDREATA",1981,10,20,"brazil","rio de janeiro","rio de janeiro","ITAIPUAÇÚ, PICO ALTO MOIRÃO.",NA,NA,"ÁRVORE DE 7M , HELIOFILA, COM LÁTEX BRANCO , FOLHAS ESPIRALADAS, CAULIFLORIA, FLORES ALVO -ESVERDEADAS, FRUTOS E SEMENTES MARRONS","urn:catalog:JBRJ:RB:379058",NA,"Pouteria psammophila Radlk.",NA,1360,-22.924471,-22.924471,"centroide mpo"
"94",NA,"Reserva Natural Vale (CVRD)","CVRD","824","Pouteria psammophila Radlk.",NA,"Sapotaceae","Pouteria","psammophila",NA,"Radlk.","Terry D. Pennington","1988-03-31T00:00:00.000+0000",NA,"273",NA,"Silva, I.A.",1981,11,30,"brazil","espirito santo","linhares","RFL 120 L 02 Parc 03",NA,NA,"<ll>dwc_commonname:</ll> Leiteiro branco","BRA:CVRD:CVRD:0000000824",NA,"Pouteria psammophila Radlk.",NA,2565,-19.38214,-19.38214,"centroide mpo"
"95",NA,NA,"Botany","U.1593412","Pouteria psammophila Radlk.",NA,"Sapotaceae","Pouteria","psammophila",NA,"Radlk.",NA,NA,NA,NA,NA,"Harley RM; et al.",1980,4,12,"brazil",NA,NA,"Estado da bahia, serra geral de caitite, 8.5 km N. of Brejinhos das Ametistas, on the Caitite road. Small stream & marsh with surrounding woodland and open grassy areas.",-42.483333,-14.133333,NA,"http://data.biodiversitydata.nl/naturalis/specimen/U.1593412",NA,"Pouteria psammophila Radlk.",NA,NA,-14.133333,-42.483333,"original coordinates"
"96",NA,"USP","SPF","61981","Pouteria psammophila Radlk.",NA,"Sapotaceae","Pouteria","psammophila",NA,"Radlk.","Pennington, TD",NA,NA,"21279",NA,"Harley, RM",1980,4,12,"brazil","bahia","caetite",NA,-42.483333,-14.133333,NA,"BRA:USP:SPF:0000061981",NA,"Pouteria psammophila Radlk.",NA,3351,-14.133333,-42.483333,"original coordinates"
"97","2014-07-08T02:37:30.000+0000","JBRJ","RB","RB00379305","Pouteria psammophila Radlk.",NA,"Sapotaceae","Pouteria","psammophila",NA,"Radlk.","M.H.D.A Monteiro",NA,NA,"04",NA,"Maria José Nascimento de Siqueira",1979,7,11,"brazil","rio de janeiro","araruama","Restinga entre a Lagoa de Araruama e a praia Massambaba.",NA,NA,"Arbusto até 50 cm, heliofila, bastante ramificada, folhas levemente discolor, frutos maduros amarelados, nuancias avermelhadas, tem latex","urn:catalog:JBRJ:RB:379305",NA,"Pouteria psammophila Radlk.",NA,1427,-22.756538,-22.756538,"centroide mpo"
"98","2014-07-08T02:38:49.000+0000","JBRJ","RB","RB00379961","Pouteria psammophila Radlk.",NA,"Sapotaceae","Pouteria","psammophila",NA,"Radlk.","F.M.A. Palazzo","2011-01-31T00:00:00.000+0000",NA,"689",NA,"D. Araujo; O. L. Peixoto",1975,4,16,"brazil","rio de janeiro","rio de janeiro","Perto de Maricá, Lagoa do Padre, a beira da estrada.",NA,NA,"Arvore de +/- 5m de alt., umbrofila. Fruto laranja-amarelada. Latex branco.","urn:catalog:JBRJ:RB:379961",NA,"Pouteria psammophila Radlk.",NA,1360,-22.924471,-22.924471,"centroide mpo"
"99","2014-07-08T02:37:27.000+0000","JBRJ","RB","RB00379362","Pouteria psammophila Radlk.",NA,"Sapotaceae","Pouteria","psammophila",NA,"Radlk.","F.M.A. Palazzo","2011-01-31T00:00:00.000+0000",NA,"771",NA,"Dorothy Araujo; Ariane L.Peixoto",1975,9,8,"brazil","rio de janeiro","marica","Lagoa do Padre.",NA,NA,"Arbusto de + - 2m de altura, ehliófilo, calice ferruginoso, corola branca, latex branco","urn:catalog:JBRJ:RB:379362",NA,"Pouteria psammophila Radlk.",NA,1364,-22.91525,-22.91525,"centroide mpo"
"100","2014-07-08T02:43:22.000+0000","JBRJ","RB","RB00379277","Pouteria psammophila Radlk.",NA,"Sapotaceae","Pouteria","psammophila",NA,"Radlk.","A. Alves-Araújo",NA,NA,"4355",NA,"D. Sucre",1969,1,11,"brazil","rio de janeiro","rio de janeiro","Est. da Guanabara, morro da Agulhinha de Inhangá, Copacabana.",NA,NA,"Pequena árvore com ca. 5m de alt. crescendo em mata secundária; fruto ainda verde.","urn:catalog:JBRJ:RB:379277",NA,"Pouteria psammophila Radlk.",NA,1360,-22.924471,-22.924471,"centroide mpo"
"101","2014-09-11T16:07:32.000+0000","JBRJ","RB","RB00379349","Pouteria psammophila Radlk.","cf.","Sapotaceae","Pouteria","psammophila",NA,"Radlk.","A. Alves-Araújo","2014-08-26T00:00:00.000+0000",NA,"3945",NA,"D. Sucre",1968,10,14,"brazil","rio de janeiro","cabo frio","Restinga de Cabo Frio.",NA,NA,"Arbusto + - 3m de altura, fruto maduro amarelo e comestivel, frutos na carpoteca","urn:catalog:JBRJ:RB:379349",NA,"Pouteria psammophila Radlk.",NA,1449,-22.716047,-22.716047,"centroide mpo"
"102",NA,"IPA","IPA","12905","Pouteria psammophila Radlk.",NA,"Sapotaceae","Pouteria","psammophila",NA,"Radlk.","Alves-Araújo, A.","2009-07-29T00:00:00.000+0000",NA,"61-3983",NA,"Andrade-Lima",1961,11,1,"brazil","pernambuco","buique","Encosta alta da Chapada de São José.",0,0,"Arbusto ca. 3-4 m de altura. Flor creme-esverdeado.","BRA:IPA:IPA:0000012905",NA,"Pouteria psammophila Radlk.",NA,4154,-8.649471,-37.122599,"centroide mpo (0)"
"103","2014-07-08T02:40:01.000+0000","JBRJ","RB","RB00379106","Pouteria psammophila Radlk.",NA,"Sapotaceae","Pouteria","psammophila",NA,"Radlk.",NA,NA,NA,NA,NA,"OTHON MACHADO",1946,3,21,"brazil","rio de janeiro","rio de janeiro","RESTINGA DA TIJUCA.",NA,NA,"ÁRVORE C/6M, LATESCENTES FRUTOS AMARELOS","urn:catalog:JBRJ:RB:379106",NA,"Pouteria psammophila Radlk.",NA,1360,-22.924471,-22.924471,"centroide mpo"
"104","2014-07-08T02:32:22.000+0000","JBRJ","RB","RB00379078","Pouteria psammophila Radlk.",NA,"Sapotaceae","Pouteria","psammophila",NA,"Radlk.","J. G. KUHLMANN",NA,NA,NA,NA,"DIONISIO",1936,11,6,"brazil","rio de janeiro","rio de janeiro","JARDIM BOTÂNCO DO RIO ,.",NA,NA,"ÁRVORE MEDIANA, FLORES DESPROVIDAS DE AUTHERAS","urn:catalog:JBRJ:RB:379078",NA,"Pouteria psammophila Radlk.",NA,1360,-22.924471,-22.924471,"centroide mpo"
"105","2014-07-08T02:32:21.000+0000","JBRJ","RB","RB00379063","Pouteria psammophila Radlk.",NA,"Sapotaceae","Pouteria","psammophila",NA,"Radlk.","J. G. KUHLMANN",NA,NA,NA,NA,"J. G. KUHLMANN",1928,4,16,"brazil","rio de janeiro","rio de janeiro","ILHA DO ROJO.",NA,NA,"ÁRVORE DE 3-5M; FRUTOS AMARELOS","urn:catalog:JBRJ:RB:379063",NA,"Pouteria psammophila Radlk.",NA,1360,-22.924471,-22.924471,"centroide mpo"
"106","2017-10-11T00:10:42.000+0000","JBRJ","RB","RB00077186","Lucuma psammophila var. xestophylla Miq.",NA,"Sapotaceae","Pouteria","psammophila","xestophylla","var. xestophylla Miq.","J.G.Kuhlmann",NA,NA,NA,NA,"J.G.Kuhlmann",1920,11,NA,"brazil","rio de janeiro","rio de janeiro","Mundo Novo,Botafogo.",NA,NA,"Árvore de regular altura.Fl.alvas.","urn:catalog:JBRJ:RB:77186",NA,"Lucuma psammophila var. xestophylla Miq.",NA,1360,-22.924471,-22.924471,"centroide mpo"
"107","2011-01-11T00:00:00.000+0000","BR",NA,"BR0000005415816","Pouteria psammophila Radlk.",NA,"Sapotaceae","Pouteria","psammophila",NA,"Radlk.",NA,NA,"TYPE","689",NA,"Widgren J.F.",1892,10,NA,"brazil",NA,NA,NA,NA,NA,NA,"http://www.botanicalcollections.be/specimen/BR0000005415816",NA,"Pouteria psammophila Radlk.",NA,NA,NA,NA,"no coordinates, municipality or state provided"
"108",NA,"MN","R","12038","Pseudolabatia psammophila (Mart.) Aubrév.",NA,"Sapotaceae","Pouteria","psammophila",NA,"(Mart.) Aubrév.","Aubreville","1965-01-01T00:00:00.000+0000",NA,"18351",NA,"Glaziou, A.F.M.",1890,10,19,"brazil","rio de janeiro","rio de janeiro",NA,NA,NA,"Plantas do Brasil Central","BRA:MN:R:0000012038",NA,"Pseudolabatia psammophila (Mart.) Aubrév.",NA,1360,-22.924471,-22.924471,"centroide mpo"
"109","2013-06-28T11:04:21.000+0000","MNHN","P","P00648028","Pouteria psammophila Radlk.",NA,"Sapotaceae","Pouteria","psammophila",NA,"Radlk.",NA,NA,NA,NA,"3920","Schenck, H.",1887,5,NA,"brazil",NA,NA,NA,NA,NA,NA,"http://coldb.mnhn.fr/catalognumber/mnhn/p/p00648028",NA,"Pouteria psammophila Radlk.",NA,NA,NA,NA,"no coordinates, municipality or state provided"
"110",NA,"F","Botany","V0072157F","Pouteria crassinervia Engl.",NA,"Sapotaceae","Pouteria","crassinervia",NA,"Engl.",NA,NA,"ISOTYPE","3920",NA,"J. H. R. Schenck",1887,5,7,"brazil","rio de janeiro",NA,NA,-42.5,-22,NA,"c1d82fbc-9f56-43c8-8ba5-5ea80091efe9",NA,"Pouteria crassinervia Engl.",NA,NA,-22,-42.5,"original coordinates"
"111",NA,"NY","NY","375504","Pouteria psammophila Radlk.",NA,"Sapotaceae","Pouteria","psammophila",NA,"Radlk.","T. D. Pennington","1986-01-01T00:00:00.000+0000",NA,"9502",NA,"A. F. M. Glaziou",1877,12,19,"brazil","rio de janeiro",NA,"Fazenda de Sta. Cruz",0,0,NA,"14be0622-4f83-4ab0-8b68-42138c6d128b",NA,"Pouteria psammophila Radlk.",NA,NA,-22.19581555,-42.66307908,"centroide estado (0)"
"112",NA,"MN","R","12039","Pseudolabatia psammophila (Mart.) Aubrév.",NA,"Sapotaceae","Pouteria","psammophila",NA,"(Mart.) Aubrév.","Aubreville","1965-01-01T00:00:00.000+0000",NA,"87",NA,"Glaziou, A.F.M.",1861,10,10,"brazil","rio de janeiro","rio de janeiro","Copacabana",NA,NA,"Plantas do Brasil Central","BRA:MN:R:0000012039",NA,"Pseudolabatia psammophila (Mart.) Aubrév.",NA,1360,-22.924471,-22.924471,"centroide mpo"
"113",NA,"MN","R","93956","Pouteria psammophila Radlk.",NA,"Sapotaceae","Pouteria","psammophila",NA,"Radlk.",NA,NA,NA,"947",NA,"Freire Allemão, F.",1859,NA,NA,"brazil","ceara","serra grande",NA,NA,NA,NA,"BRA:MN:R:0000093956",NA,"Pouteria psammophila Radlk.",NA,NA,NA,NA,"centroide mpo"
"114",NA,"F","Botany",NA,"Lucuma nitida A.DC.",NA,"Sapotaceae","Pouteria","nitida",NA,"A.DC.",NA,NA,"HOLOTYPE","18",NA,"I. Gómez",1838,NA,NA,"brazil",NA,NA,NA,-52.8731,-10.8339,NA,"3084ca15-aa1d-4b40-9ffd-081a24f61cc5",NA,"Lucuma nitida A.DC.",NA,NA,-10.8339,-52.8731,"original coordinates"
"115","2011-01-14T00:00:00.000+0000","BR",NA,"BR0000005581313","Pouteria psammophila Radlk.",NA,"Sapotaceae","Pouteria","psammophila",NA,"Radlk.",NA,NA,"LECTOTYPE","S.N.",NA,"Luschnath B.",1834,11,NA,"brazil",NA,NA,NA,NA,NA,NA,"http://www.botanicalcollections.be/specimen/BR0000005581313",NA,"Pouteria psammophila Radlk.",NA,NA,NA,NA,"no coordinates, municipality or state provided"
"116",NA,"US","Botany","702378","Pouteria psammophila Radlk.",NA,"Sapotaceae","Pouteria","psammophila",NA,"Radlk.",NA,NA,NA,"545",NA,"Riedel, --",1832,6,NA,"brazil","rio de janeiro",NA,"In arenosis maritimis pr. R. Jan",NA,NA,NA,"http://n2t.net/ark:/65665/3df26245d-4dcd-4ea8-bb4d-b7e9f07bb7e3",NA,"Pouteria psammophila Radlk.",NA,NA,-22.19581555,-22.19581555,"centroide estado"
"117",NA,"US","Botany",NA,"Pouteria psammophila Radlk.",NA,"Sapotaceae","Pouteria","psammophila",NA,"Radlk.",NA,NA,NA,"15",NA,"Riedel, --",1829,11,NA,"brazil","rio de janeiro",NA,"In sylv arenosis pr R. Jan",NA,NA,NA,"http://n2t.net/ark:/65665/329c6aac2-abac-4cee-9b91-9483005cf6fb",NA,"Pouteria psammophila Radlk.",NA,NA,-22.19581555,-22.19581555,"centroide estado"
"118","2012-10-31T13:14:49.000+0000","MEL","MEL","MEL 2353766A","Pouteria psammophila Radlk.",NA,"Sapotaceae","Pouteria","psammophila",NA,"Radlk.","Moraes, P.L.R. de","2011-07-22T00:00:00.000+0000","ISOTYPE","s.n.","s.n.","Wied, M.A.P. zu",1815,9,NA,"brazil","rio de janeiro",NA,"Cap. Frio [= Cabo Frio].",-42,-22.883333,NA,"dc433f8d-af3c-4747-88f7-749f4ac27f2e",NA,"Pouteria psammophila Radlk.",NA,NA,-22.883333,-42,"original coordinates"
"119","2009-07-03T00:00:00.000+0000","BR",NA,"BR0000006590642","Pouteria psammophila Radlk.",NA,"Sapotaceae","Pouteria","psammophila",NA,"Radlk.",NA,NA,"HOLOTYPE","S.N.",NA,"Wied M.",1815,9,NA,"brazil",NA,NA,NA,NA,NA,NA,"http://www.botanicalcollections.be/specimen/BR0000006590642",NA,"Pouteria psammophila Radlk.",NA,NA,NA,NA,"no coordinates, municipality or state provided"
"120",NA,"MBM","MBM","221666","Pouteria psammophila Radlk.",NA,"Sapotaceae","Pouteria","psammophila",NA,"Radlk.","Pennington, TD",NA,NA,"1187",NA,"Lewis, GP; et al.",NA,NA,NA,"brazil","rio de janeiro","marica","Barra do Maricá",0,0,NA,"BRA:MBM:MBM:0000221666",NA,"Pouteria psammophila Radlk.",NA,1364,-22.91525,-42.817006,"centroide mpo (0)"
"121",NA,"G","Geneva Herbarium – De Candolle's Prodromus (G-DC)","G-DC-131752/1","Lucuma nitida A.DC.",NA,"Sapotaceae","Pouteria","nitida",NA,"A.DC.","CAT.HERB.PRODR. (2007)",NA,NA,NA,NA,"Gomes, I. (Coll. HERBIER DE CANDOLLE)",NA,NA,NA,"brazil",NA,NA,"Brésil",-53.08972,-10.77306,NA,NA,NA,"Lucuma nitida A.DC.",NA,NA,-10.77306,-53.08972,"original coordinates"
"122","2017-10-12T14:21:54.000+0000","JBRJ","RB","RB01277018","Pouteria psammophila var. xestophylla (Miq.) Baehni",NA,"Sapotaceae","Pouteria","psammophila","xestophylla","var. xestophylla (Miq.) Baehni",NA,NA,NA,"5660",NA,"Araujo,D.",NA,NA,NA,"brazil","rio de janeiro","rio de janeiro",NA,NA,NA,NA,"urn:catalog:JBRJ:RB:1277018",NA,"Pouteria psammophila var. xestophylla (Miq.) Baehni",NA,1360,-22.924471,-22.924471,"centroide mpo"
"123","2014-01-23T00:00:00.000+0000","BR",NA,"BR0000013492380","Pouteria psammophila Radlk.",NA,"Sapotaceae","Pouteria","psammophila",NA,"Radlk.",NA,NA,NA,"87",NA,"Glaziou A.",NA,NA,NA,"brazil",NA,NA,NA,NA,NA,NA,"http://www.botanicalcollections.be/specimen/BR0000013492380",NA,"Pouteria psammophila Radlk.",NA,NA,NA,NA,"no coordinates, municipality or state provided"
"124",NA,"Escola Superior de Agricultura Luiz de Queiroz, ESALQ","ESA","ESA109745","Pouteria psammophila Radlk.",NA,"Sapotaceae","Pouteria","psammophila",NA,"Radlk.",NA,NA,NA,"29320",NA,"Souza, V.C.; Duarte, A.R.; Rando, J.G.; Ferreira, M.P.; et al.",NA,NA,NA,"brazil","sao paulo","sete barras","Parque Estadual Carlos Botelho. Área do projeto Parcelas Permanentes",NA,NA,NA,"BRA:ESALQ:ESA:0ESA109745",NA,"Pouteria psammophila Radlk.",NA,1010,-24.274063,-24.274063,"centroide mpo"
"125",NA,"Escola Superior de Agricultura Luiz de Queiroz, ESALQ","ESA","ESA052074","Pouteria psammophila Radlk.",NA,"Sapotaceae","Pouteria","psammophila",NA,"Radlk.",NA,NA,NA,"515",NA,"Lima, R.A.F.",NA,NA,NA,"brazil","sao paulo","sete barras","Parcela permanente - Parque Estadual de Carlos Botelho",NA,NA,NA,"BRA:ESALQ:ESA:0ESA052074",NA,"Pouteria psammophila Radlk.",NA,1010,-24.274063,-24.274063,"centroide mpo"
"126",NA,"F","Botany",NA,"Pouteria psammophila Radlk.",NA,"Sapotaceae","Pouteria","psammophila",NA,"Radlk.","RRC ID Flag","1986-01-01T00:00:00.000+0000",NA,"107","107","H. A. Weddell",NA,NA,NA,"brazil","rio de janeiro",NA,NA,-42.5,-22,NA,"9a347a11-29d5-4389-9f93-c50028c82122",NA,"Pouteria psammophila Radlk.",NA,NA,-22,-42.5,"original coordinates"
"127",NA,"MN","R","93946","Pseudolabatia psammophila (Mart.) Aubrév.",NA,"Sapotaceae","Pouteria","psammophila",NA,"(Mart.) Aubrév.","Aubreville","1965-01-01T00:00:00.000+0000",NA,NA,NA,"Glaziou, A.F.M.",NA,NA,NA,"brazil","rio de janeiro","rio de janeiro","Copacabana",NA,NA,"Herb. J. de Saldanha, 4949; Plantae Flum. Ex Herb. Glaziou","BRA:MN:R:0000093946",NA,"Pseudolabatia psammophila (Mart.) Aubrév.",NA,1360,-22.924471,-22.924471,"centroide mpo"
"128","2017-10-12T14:21:52.000+0000","JBRJ","RB","RB01277015","Pouteria psammophila Radlk.",NA,"Sapotaceae","Pouteria","psammophila",NA,"Radlk.",NA,NA,NA,"4931",NA,"Araujo,D.",NA,NA,NA,"brazil","rio de janeiro","rio de janeiro",NA,NA,NA,NA,"urn:catalog:JBRJ:RB:1277015",NA,"Pouteria psammophila Radlk.",NA,1360,-22.924471,-22.924471,"centroide mpo"
"129","2017-10-12T14:21:53.000+0000","JBRJ","RB","RB01277016","Pouteria psammophila Radlk.",NA,"Sapotaceae","Pouteria","psammophila",NA,"Radlk.",NA,NA,NA,"7375",NA,"Araujo,D.",NA,NA,NA,"brazil","rio de janeiro","rio de janeiro",NA,NA,NA,NA,"urn:catalog:JBRJ:RB:1277016",NA,"Pouteria psammophila Radlk.",NA,1360,-22.924471,-22.924471,"centroide mpo"
"130",NA,"UFPE","UFP","69186","Pouteria psammophila Radlk.",NA,"Sapotaceae","Pouteria","psammophila",NA,"Radlk.","Alves-Araújo, A.","2008-11-01T00:00:00.000+0000",NA,"1080",NA,"Alves-Araújo, A.",NA,NA,NA,"brazil","pernambuco","buique","Parque Nacional do Vale do Catimbau",0,0,"HABITAT:Caatinga.; DESC:Arbusto entre 3-4 metros, material estéril.;","BRA:UFPE:UFP:0000069186",NA,"Pouteria psammophila Radlk.",NA,4154,-8.649471,-37.122599,"centroide mpo (0)"
"131","2017-10-12T14:21:55.000+0000","JBRJ","RB","RB01277019","Pouteria psammophila Radlk.",NA,"Sapotaceae","Pouteria","psammophila",NA,"Radlk.",NA,NA,NA,"2533",NA,"Oliveira, C.A.L. de",NA,NA,NA,"brazil","rio de janeiro","rio de janeiro",NA,NA,NA,NA,"urn:catalog:JBRJ:RB:1277019",NA,"Pouteria psammophila Radlk.",NA,1360,-22.924471,-22.924471,"centroide mpo"
"132",NA,"Comissão Executiva do Plano da Lavoura Cacaueira (CEPLAC)","CEPEC","26302","Pouteria psammophila Radlk.",NA,"Sapotaceae","Pouteria","psammophila",NA,"Radlk.","T. D. Pennington",NA,NA,"21279",NA,"R. M. Harley",NA,NA,NA,"brazil","bahia","caetite","8.5Km ao N de Brejinho das Ametistas, Rod. p/ Caetite. Serra Geral de Caetite.",-42.483333,-14.133333,"Ambiente: Vegetacao disturbada. Habito: Árvore menor que 5m","BRA:CEPLAC:CEPEC:0000026302",NA,"Pouteria psammophila Radlk.",NA,3351,-14.133333,-42.483333,"original coordinates"
"133","2017-10-12T14:21:52.000+0000","JBRJ","RB","RB01277014","Pouteria psammophila Radlk.",NA,"Sapotaceae","Pouteria","psammophila",NA,"Radlk.",NA,NA,NA,"2380",NA,"Oliveira, C.A.L. de",NA,NA,NA,"brazil","rio de janeiro","rio de janeiro",NA,NA,NA,NA,"urn:catalog:JBRJ:RB:1277014",NA,"Pouteria psammophila Radlk.",NA,1360,-22.924471,-22.924471,"centroide mpo"
"134","2009-08-26T12:23:40.000+0000","K","Herbarium","K000641153","Pouteria psammophila Radlk.",NA,"Sapotaceae","Pouteria","psammophila",NA,"Radlk.",NA,NA,NA,"s.n.",NA,"Gomes, A.I.",NA,NA,NA,"brazil",NA,NA,"Rio Janeiro",NA,NA,NA,"http://specimens.kew.org/herbarium/K000641153",NA,"Pouteria psammophila Radlk.",NA,NA,NA,NA,"no coordinates, municipality or state provided"
"135",NA,"US","Botany","1484383","Pouteria psammophila Radlk.",NA,"Sapotaceae","Pouteria","psammophila",NA,"Radlk.",NA,NA,NA,"545",NA,"L. Riedel",NA,NA,NA,"brazil","rio de janeiro",NA,NA,NA,NA,NA,"http://n2t.net/ark:/65665/305c991e9-bd0a-4b0f-bdbb-6d041b505a32",NA,"Pouteria psammophila Radlk.",NA,NA,-22.19581555,-22.19581555,"centroide estado"
"136",NA,"Escola Superior de Agricultura Luiz de Queiroz, ESALQ","ESA","ESA109744","Pouteria psammophila Radlk.",NA,"Sapotaceae","Pouteria","psammophila",NA,"Radlk.",NA,NA,NA,"29319",NA,"Souza, V.C.; Duarte, A.R.; Rando, J.G.; Ferreira, M.P.; et al.",NA,NA,NA,"brazil","sao paulo","sete barras","Parque Estadual Carlos Botelho. Área do projeto Parcelas Permanentes",NA,NA,NA,"BRA:ESALQ:ESA:0ESA109744",NA,"Pouteria psammophila Radlk.",NA,1010,-24.274063,-24.274063,"centroide mpo"
"137","2017-10-12T14:21:51.000+0000","JBRJ","RB","RB01277012","Pouteria psammophila Radlk.",NA,"Sapotaceae","Pouteria","psammophila",NA,"Radlk.",NA,NA,NA,"9280",NA,"Araujo,D.",NA,NA,NA,"brazil","rio de janeiro","rio de janeiro",NA,NA,NA,NA,"urn:catalog:JBRJ:RB:1277012",NA,"Pouteria psammophila Radlk.",NA,1360,-22.924471,-22.924471,"centroide mpo"
"138","2017-10-12T14:21:51.000+0000","JBRJ","RB","RB01277013","Pouteria psammophila Radlk.",NA,"Sapotaceae","Pouteria","psammophila",NA,"Radlk.",NA,NA,NA,"3233",NA,"Farney, C. et al.",NA,NA,NA,"brazil","rio de janeiro","rio de janeiro",NA,NA,NA,NA,"urn:catalog:JBRJ:RB:1277013",NA,"Pouteria psammophila Radlk.",NA,1360,-22.924471,-22.924471,"centroide mpo"
"139","2017-10-12T14:21:50.000+0000","JBRJ","RB","RB01277011","Pouteria psammophila Radlk.",NA,"Sapotaceae","Pouteria","psammophila",NA,"Radlk.",NA,NA,NA,"3695",NA,"Carauta,J.P.P.",NA,NA,NA,"brazil","rio de janeiro","rio de janeiro",NA,NA,NA,NA,"urn:catalog:JBRJ:RB:1277011",NA,"Pouteria psammophila Radlk.",NA,1360,-22.924471,-22.924471,"centroide mpo"
"140",NA,"Escola Superior de Agricultura Luiz de Queiroz, ESALQ","ESA","ESA109746","Pouteria psammophila Radlk.",NA,"Sapotaceae","Pouteria","psammophila",NA,"Radlk.",NA,NA,NA,"29321",NA,"Souza, V.C.; Duarte, A.R.; Rando, J.G.; Ferreira, M.P.; et al.",NA,NA,NA,"brazil","sao paulo","sete barras","Parque Estadual Carlos Botelho. Área do projeto Parcelas Permanentes",NA,NA,NA,"BRA:ESALQ:ESA:0ESA109746",NA,"Pouteria psammophila Radlk.",NA,1010,-24.274063,-24.274063,"centroide mpo"
"141",NA,"IF","SPSF","46846","Pouteria psammophila Radlk.",NA,"Sapotaceae","Pouteria","psammophila",NA,"Radlk.",NA,NA,NA,"806",NA,"R.A.F.Lima & N.M.Ivanauskas",NA,NA,NA,"brazil","sao paulo","sete barras","Parque Estadual Carlos Botelho",-47.924722,-24.183056,"COLETA: Árvore nº 3938 (Parcela PECB - Outra numeração 2).; GEOGRAFIA: Parcela permanente. Floresta Ombrófila Densa Submontana.;","BRA:IF:SPSF:0000046846",NA,"Pouteria psammophila Radlk.",NA,1010,-24.183056,-47.924722,"original coordinates"
"142","2017-10-12T14:21:54.000+0000","JBRJ","RB","RB01277017","Pouteria psammophila var. xestophylla (Miq.) Baehni",NA,"Sapotaceae","Pouteria","psammophila","xestophylla","var. xestophylla (Miq.) Baehni",NA,NA,NA,"5758",NA,"Araujo,D.",NA,NA,NA,"brazil","rio de janeiro","rio de janeiro",NA,NA,NA,NA,"urn:catalog:JBRJ:RB:1277017",NA,"Pouteria psammophila var. xestophylla (Miq.) Baehni",NA,1360,-22.924471,-22.924471,"centroide mpo"
"143","2017-10-12T14:21:49.000+0000","JBRJ","RB","RB01277009","Pouteria nitida (A.DC.) Radlk.",NA,"Sapotaceae","Pouteria","nitida",NA,"(A.DC.) Radlk.",NA,NA,NA,"5265",NA,"Araujo,D.",NA,NA,NA,"brazil","rio de janeiro","rio de janeiro",NA,NA,NA,NA,"urn:catalog:JBRJ:RB:1277009",NA,"Pouteria nitida (A.DC.) Radlk.",NA,1360,-22.924471,-22.924471,"centroide mpo"
