"","modified","institutionCode","collectionCode","catalogNumber","scientificName","identificationQualifier","family","genus","specificEpithet","infraspecificEpithet","scientificNameAuthorship","identifiedBy","dateIdentified","typeStatus","recordNumber","fieldNumber","recordedBy","year","month","day","country","stateProvince","municipality","locality","decimalLongitude","decimalLatitude","occurrenceRemarks","occurrenceID","bibliographicCitation","acceptedNameUsage","comments","FID","NOME","GEOCODIGO","POINT_X","POINT_Y","NOMEUF","SIGLAUF","estados_shp","x_estado","y_estado","new_Lat","new_Lon"
"1","2017-10-15T11:51:27.000+0000","JBRJ","RB","RB01174609","Guatteria candolleana Schltdl.",NA,"Annonaceae","Guatteria","candolleana",NA,"Schltdl.","A. Q. Lobão","2017-01-01T00:00:00.000+0000",NA,"19387",NA,"G.Martinelli; D.Maurenza, R.Negrão,M.Moraes",2016,8,10,"brazil","rio de janeiro","nova friburgo","Macaé de Cima, nascente do Rio das Flores, acima do Sítio Sophronitis. mata atlântica de altitude. APA de Macaé de Cima",-42.521944,-22.436111,"arvoreta, 6m, ciófila; folhas verdes, discolores; flores com brácteas e petalas verdes, estames amarelos; botões florais de cor verde.","urn:catalog:JBRJ:RB:1174609",NA,"Guatteria candolleana Schltdl.",NA,1598,"Nova Friburgo",3303401,-42.501539,-22.319613,"RIO DE JANEIRO","RJ","Rio de Janeiro",-42.66135386,-22.19491892,-22.436111,-42.521944
"2",NA,"Universidade Federal de Minas Gerais (UFMG)","BHCB","174404","Guatteria candolleana Schltdl.",NA,"Annonaceae","Guatteria","candolleana",NA,"Schltdl.",NA,"2014-05-10T00:00:00.000+0000",NA,"1801",NA,"Kamino, LHY; Campos, IC",2014,3,27,"brazil","minas gerais","jequitinhonha",NA,-41.175833,-16.474722,"PROJETO DESENVOLVIDO PELO INSTITUTO PRÍSTINO","BRA:UFMG:BHCB:0000174404",NA,"Guatteria candolleana Schltdl.",NA,3004,"Jequitinhonha",3135803,-41.082856,-16.389701,"MINAS GERAIS","MG","Minas Gerais",-44.65770348,-18.45798563,-16.474722,-41.175833
"3",NA,"Universidade Federal da Bahia (UFBA)","ALCB","133231","Guatteria candolleana Schltdl.",NA,"Annonaceae","Guatteria","candolleana",NA,"Schltdl.","Gomes, FS","2013-12-01T00:00:00.000+0000",NA,"1706",NA,"Gomes, FS",2013,3,25,"brazil","bahia","belmonte",NA,-39.227778,-15.900833,"Folhas cartáceas. 187.3. parcela 02.","BRA:UFBA:ALCB:0000133231",NA,"Guatteria candolleana Schltdl.",NA,3079,"Belmonte",2903409,-39.185654,-15.936505,"BAHIA","BA","Bahia",-41.73007713,-12.47331113,-15.900833,-39.227778
"4",NA,"UFES","VIES","23126","Guatteria candolleana Schltdl.",NA,"Annonaceae","Guatteria","candolleana",NA,"Schltdl.","Lobão, A.Q.","2010-02-01T00:00:00.000+0000",NA,"141",NA,"Ribeiro, M.; Broggio, I.S.; Rocha, T.R.; Nascimento, A.A.; Cosme, A.C. & Menezes, L.F.T.",2010,5,14,"brazil","espirito santo","linhares",NA,NA,NA,"SW1940","BRA:UFES:VIES:0000023126",NA,"Guatteria candolleana Schltdl.",NA,2565,"Linhares",3203205,-40.028138,-19.38214,"ESPIRITO SANTO","ES","Espírito Santo",-40.66114896,-19.64267182,-19.38214,-40.028138
"5",NA,"Comissão Executiva do Plano da Lavoura Cacaueira (CEPLAC)","CEPEC","123668","Guatteria candolleana Schltdl.",NA,"Annonaceae","Guatteria","candolleana",NA,"Schltdl.",NA,NA,NA,"288",NA,"Piotto, D.",2007,7,1,"brazil","bahia","urucuca","Serra Grande Parque Estadual da Serra do Conduru",-39.083333,-14.416667,"Floresta Ombrófila Densa","BRA:CEPLAC:CEPEC:0000123668",NA,"Guatteria candolleana Schltdl.",NA,3281,"Uruçuca",2932705,-39.232321,-14.527691,"BAHIA","BA","Bahia",-41.73007713,-12.47331113,-14.416667,-39.083333
"6","2017-10-15T13:53:30.000+0000","JBRJ","RB","RB01056963","Guatteria candolleana Schltdl.",NA,"Annonaceae","Guatteria","candolleana",NA,"Schltdl.","A.LOBÃO",NA,NA,"6096",NA,"J. Paula-Souza; et al",2006,7,18,"brazil","bahia","belmonte","Estrada para Barrolândia.",-39.171667,-16.0275,"Arbusto, ca. 2m alt. Flores amareladas","urn:catalog:JBRJ:RB:1056963",NA,"Guatteria candolleana Schltdl.",NA,3079,"Belmonte",2903409,-39.185654,-15.936505,"BAHIA","BA","Bahia",-41.73007713,-12.47331113,-16.0275,-39.171667
"7",NA,"MBM","MBM","334319","Guatteria candolleana Schltdl.",NA,"Annonaceae","Guatteria","candolleana",NA,"Schltdl.","Lobão, A","2005-05-01T00:00:00.000+0000",NA,"713",NA,"Lobão, A; Foster, W; Almeida, V",2005,5,18,"brazil","rio de janeiro","teresopolis","Parque Nacional da Serra dos Órgãos, Trilha da subida da Pedra do Sino, na beira do início da trilha.",0,0,"Arvoreta, ca 4m alt., folhas verdes.","BRA:MBM:MBM:0000334319",NA,"Guatteria candolleana Schltdl.",NA,1600,"Teresópolis",3305802,-42.874637,-22.313566,"RIO DE JANEIRO","RJ","Rio de Janeiro",-42.66135386,-22.19491892,-22.313566,-42.874637
"8",NA,"MBM","MBM","334318","Guatteria candolleana Schltdl.",NA,"Annonaceae","Guatteria","candolleana",NA,"Schltdl.","Lobão, A",NA,NA,"725",NA,"Pardo, CS",2005,6,20,"brazil","rio de janeiro","teresopolis","Parque Nacional da Serra dos Órgãos, Matas do Rio Paquequer próximo ao km 2,0 da estrada para Barragem 1125 msm.",0,0,"Arvoreta 7 m. alt. CAP 28 cm. Material com frutos.; Comum na mata rivular.","BRA:MBM:MBM:0000334318",NA,"Guatteria candolleana Schltdl.",NA,1600,"Teresópolis",3305802,-42.874637,-22.313566,"RIO DE JANEIRO","RJ","Rio de Janeiro",-42.66135386,-22.19491892,-22.313566,-42.874637
"9","2017-10-19T03:17:09.000+0000","JBRJ","RB","RB00349140","Guatteria candolleana Schltdl.",NA,"Annonaceae","Guatteria","candolleana",NA,"Schltdl.","O.Thier","2005-11-17T00:00:00.000+0000",NA,"208",NA,"O.Thier",2005,10,12,"brazil","rio de janeiro","teresopolis","Sebastiana, Between residential area Paraiso, and biggest Eukalyptus planting .",-42.843611,-22.276111,"tree, about 6m high","urn:catalog:JBRJ:RB:349140",NA,"Guatteria candolleana Schltdl.",NA,1600,"Teresópolis",3305802,-42.874637,-22.313566,"RIO DE JANEIRO","RJ","Rio de Janeiro",-42.66135386,-22.19491892,-22.276111,-42.843611
"10",NA,"Universidade Federal da Bahia (UFBA)","ALCB","65959","Guatteria candolleana Schltdl.",NA,"Annonaceae","Guatteria","candolleana",NA,"Schltdl.","Guedes, ML","2004-02-01T00:00:00.000+0000",NA,"11109",NA,"Guedes, ML",2004,2,19,"brazil","bahia","santa cruz cabralia","Extremo Sul, Santo André, caminho para Sapuira",-39,-16.233333,"com ramos pubescentes. Flores axilares, com pétalas carnosas, amarelas, pubescentes. Frutos carpídios verdes.; arbórea.","BRA:UFBA:ALCB:0000065959",NA,"Guatteria candolleana Schltdl.",NA,3034,"Santa Cruz Cabrália",2927705,-39.203176,-16.228954,"BAHIA","BA","Bahia",-41.73007713,-12.47331113,-16.233333,-39
"11",NA,"Comissão Executiva do Plano da Lavoura Cacaueira (CEPLAC)","CEPEC","122657","Guatteria candolleana Schltdl.",NA,"Annonaceae","Guatteria","candolleana",NA,"Schltdl.",NA,NA,NA,"CEPEC",NA,"Martini, A.",2004,4,NA,"brazil","bahia","urucuca","Estrada de Serra Grande para Uruçuca. Área do inventário do plano manejo do Parque Estadual da Serra do Conduru. Mata da Torre do Celular.",-39.115,-14.499722,"Floresta Ombrófila Densa.","BRA:CEPLAC:CEPEC:0000122657",NA,"Guatteria candolleana Schltdl.",NA,3281,"Uruçuca",2932705,-39.232321,-14.527691,"BAHIA","BA","Bahia",-41.73007713,-12.47331113,-14.499722,-39.115
"12",NA,"Universidade Federal da Bahia (UFBA)","ALCB","67149","Guatteria candolleana Schltdl.",NA,"Annonaceae","Guatteria","candolleana",NA,"Schltdl.","Guedes, ML","2004-01-01T00:00:00.000+0000",NA,"11104",NA,"Guedes, ML; et al.",2004,10,7,"brazil","bahia","santa cruz cabralia","Extremo Sul",-38.983333,-11.233333,"folhas cartáceas, discolores, pubescentes. Flores com pétalas amarelo-esverdeadas. Ocasional.; Restinga arbórea","BRA:UFBA:ALCB:0000067149",NA,"Guatteria candolleana Schltdl.",NA,3034,"Santa Cruz Cabrália",2927705,-39.203176,-16.228954,"BAHIA","BA","Bahia",-41.73007713,-12.47331113,-11.233333,-38.983333
"13",NA,"Universidade Federal da Bahia (UFBA)","ALCB","64171","Guatteria candolleana Schltdl.",NA,"Annonaceae","Guatteria","candolleana",NA,"Schltdl.","Guedes, ML","2003-08-01T00:00:00.000+0000",NA,"10599",NA,"Guedes, ML; et al.",2003,7,24,"brazil","bahia","santa cruz cabralia","Extremo Sul, Santo André, Mata medonha, antropizada,",-39,-16.233333,"ca de 3,0 m, ramos com tomentos ferrugíneos. Folhas cartáceas, discolores. Flores e botões axilares, com pétalas amarelas com tomentos ferrugíneos.; Antropizada.","BRA:UFBA:ALCB:0000064171",NA,"Guatteria candolleana Schltdl.",NA,3034,"Santa Cruz Cabrália",2927705,-39.203176,-16.228954,"BAHIA","BA","Bahia",-41.73007713,-12.47331113,-16.233333,-39
"14",NA,"Universidade Federal da Bahia (UFBA)","ALCB","54289","Guatteria candolleana Schltdl.",NA,"Annonaceae","Guatteria","candolleana",NA,"Schltdl.","Mello-Silva, R de","2002-08-01T00:00:00.000+0000",NA,"77",NA,"Pereira, PA de; Guedes, ML; Lima, SS dos",1999,3,29,"brazil","bahia","porto seguro","Extremo Sul, trecho de Mata Atlântica, entre Eunápolis e Porto Seguro, na RPPN (Veracel)",-39.05,-16.433333,"2,0 m. Folhas coriáceas, discolores. Flores amarelas, jovens tomentosas. Frutos carpídios, imaturos verdes, maduros vermelhos.; vegetação de mussununga, porte herbáceo-arbustivo recobrindo solo podzol hidromórfico ou espodossolo.","BRA:UFBA:ALCB:0000054289",NA,"Guatteria candolleana Schltdl.",NA,2962,"Porto Seguro",2925303,-39.278757,-16.625586,"BAHIA","BA","Bahia",-41.73007713,-12.47331113,-16.433333,-39.05
"15",NA,"Universidade Federal da Bahia (UFBA)","ALCB","026055","Guatteria candolleana Schltdl.",NA,"Annonaceae","Guatteria","candolleana",NA,"Schltdl.","Guedes, ML",NA,NA,"s.n.",NA,"Guedes, ML",1999,8,14,"brazil","bahia","cairu",NA,0,0,"de ca 3,5 m de altura. Flores com pétalas esverdeadas.","BRA:UFBA:ALCB:0000026055",NA,"Guatteria candolleana Schltdl.",NA,3402,"Cairu",2905404,-38.983317,-13.507976,"BAHIA","BA","Bahia",-41.73007713,-12.47331113,-13.507976,-38.983317
"16",NA,"MBM","MBM","328541","Guatteria candolleana Schltdl.",NA,"Annonaceae","Guatteria","candolleana",NA,"Schltdl.",NA,NA,NA,"164",NA,"Farias, DS",1994,3,15,"brazil","rio de janeiro","silva jardim","Reserva Biológica de Poço das Antas, Trilha p/ Fazenda Portuense, próx. entrada do cajueiro.",0,0,"Arbusto com ca. de 2,5m de alt. e 3cm de DAP. Flores isoladas com sépalas verdes e pétalas esverdeadas e disco alaranjado. Frutos mútiplos, quando imaturos verdes e com pedicelo roxo.","BRA:MBM:MBM:0000328541",NA,"Guatteria candolleana Schltdl.",NA,1506,"Silva Jardim",3305604,-42.414048,-22.567613,"RIO DE JANEIRO","RJ","Rio de Janeiro",-42.66135386,-22.19491892,-22.567613,-42.414048
"17",NA,"MBM","MBM","273572","Guatteria candolleana Schltdl.",NA,"Annonaceae","Guatteria","candolleana",NA,"Schltdl.","Mello-Silva, R","2002-01-01T00:00:00.000+0000",NA,"9872",NA,"Thomas, W; Carvalho, AM; Santos, TS; Jardim, J; Sant' Ana, SC",1993,5,12,"brazil","bahia","belmonte","Barrolândia, Estasção Experimental ""Gregorio Bondar"", 48Km east of BR 101 on road to Belmonte.",0,0,"Shrub 1-2m, leaves shiny yellow-green above, deflexed. Flowers hidden beneath leaves, calyx and corolla cramy pale greenish-yellow. Stamens pale orange, stigmas green.; Southern Bahian wet forest.","BRA:MBM:MBM:0000273572",NA,"Guatteria candolleana Schltdl.",NA,3079,"Belmonte",2903409,-39.185654,-15.936505,"BAHIA","BA","Bahia",-41.73007713,-12.47331113,-15.936505,-39.185654
"18",NA,NA,"Botany","U.1064106","Guatteria candolleana Schltdl.",NA,"Annonaceae","Guatteria","candolleana",NA,"Schltdl.","Maas PJM; Westra LYT",NA,NA,NA,NA,"Thomas WW; Carvalho AMV de; Santos TS dos; Jardim JG; Sant'Ana SC da",1993,5,12,"brazil","bahia",NA,"Brazil. Bahia: Mun. Belmonte. Barrolândia, Estação Experimental 'Gregorio Bondar' CEPLAC, 48 km east of BR 101 on road to Belmonte.",-39.25,-16.133333,NA,"http://data.biodiversitydata.nl/naturalis/specimen/U.1064106",NA,"Guatteria candolleana Schltdl.",NA,NA,NA,NA,NA,NA,NA,NA,"Bahia",-41.73007713,-12.47331113,-16.133333,-39.25
"19","2013-08-23T04:12:00.000+0000","MO","MO","3402955","Guatteria candolleana Schltdl.",NA,"Annonaceae","Guatteria","candolleana",NA,"Schltdl.","P.J.M.& H.Maas","2008-01-01T00:00:00.000+0000",NA,"Thomas 9872",NA,"W. Wayt Thomas",1993,5,12,"brazil","bahia",NA,"Mun. Belmonte. Barrolandia, Estacão Experimental ""Gregorio Bondar"" CEPLAC, 48 km east of BE 101 on road to Belmonte. Southern Bahian wet forest (""tabuleiro"" forest). Adjacent ""mussununga"" savanna.",-39.25,-16.13333,NA,"urn:catalog:MO:Tropicos:3402955","http://www.tropicos.org/Specimen/3402955","Guatteria candolleana Schltdl.",NA,NA,NA,NA,NA,NA,NA,NA,"Bahia",-41.73007713,-12.47331113,-16.13333,-39.25
"20",NA,"MBM","MBM","156232","Guatteria candolleana Schltdl.",NA,"Annonaceae","Guatteria","candolleana",NA,"Schltdl.","Mello-Silva","1994-01-01T00:00:00.000+0000",NA,"58044",NA,"Hatschbach, G; Cervi, AC; Silva, JM",1992,10,14,"brazil","espirito santo","sao mateus","Ligação Rodovia BR-101 a Ponta do Ipiranga.",0,0,"Arvoreta 4 m, flor creme.; Mata de mussununga.","BRA:MBM:MBM:0000156232",NA,"Guatteria candolleana Schltdl.",NA,2678,"São Mateus",3204906,-40.02055,-18.748914,"ESPIRITO SANTO","ES","Espírito Santo",-40.66114896,-19.64267182,-18.748914,-40.02055
"21",NA,"Reserva Natural Vale (CVRD)","CVRD","3384","Guatteria candolleana Schltdl.",NA,"Annonaceae","Guatteria","candolleana",NA,"Schltdl.","Adriana Lobão","2009-08-26T00:00:00.000+0000",NA,"166",NA,"Souza, V.D.",1991,8,22,"brazil","es","linhares","Localizada no Arrastão da porteira dos dois cadeados, lado direito.",NA,NA,"Projeto coleta de sementes. <ll>dwc_commonname:</ll> Pindaíba candolena","BRA:CVRD:CVRD:0000003384",NA,"Guatteria candolleana Schltdl.",NA,NA,NA,NA,NA,NA,NA,NA,NA,NA,NA,NA,NA
"22",NA,NA,"Botany","U.1064105","Guatteria candolleana Schltdl.",NA,"Annonaceae","Guatteria","candolleana",NA,"Schltdl.","Maas PJM; Westra LYT",NA,NA,NA,NA,"Souza V de",1991,8,22,"brazil","espirito santo",NA,"Reserva Biológica do Comboios - IBAMA - Regência, Linhares, ES.",NA,NA,NA,"http://data.biodiversitydata.nl/naturalis/specimen/U.1064105",NA,"Guatteria candolleana Schltdl.",NA,NA,NA,NA,NA,NA,NA,NA,"Espírito Santo",-40.66114896,-19.64267182,-19.64267182,-40.66114896
"23","2014-07-22T16:39:33.000+0000","JBRJ","RB","RB00484646","Guatteria candolleana Schltdl.",NA,"Annonaceae","Guatteria","candolleana",NA,"Schltdl.","A. Lobão",NA,NA,"166",NA,"V.de Souza",1991,8,22,"brazil","espirito santo","linhares","Regência, no arrastão daq. port. Dos dois cadeados, lado direito.",NA,NA,"Botão verde, flor amarelo, projeto coleta de sementes, terrestre, porte arbustivo, altura total 3, CAP do fuste 17,91, diametro da copa 1,5, descamação ausente","urn:catalog:JBRJ:RB:484646",NA,"Guatteria candolleana Schltdl.",NA,2565,"Linhares",3203205,-40.028138,-19.38214,"ESPIRITO SANTO","ES","Espírito Santo",-40.66114896,-19.64267182,-19.38214,-40.028138
"24",NA,"Reserva Natural Vale (CVRD)","CVRD","2738","Guatteria candolleana Schltdl.",NA,"Annonaceae","Guatteria","candolleana",NA,"Schltdl.","Renato Mello-Silva","1993-06-04T00:00:00.000+0000",NA,"105",NA,"Gibran, M.",1990,5,15,"brazil","es","aracruz","Arbustiva quase rasteira. Entre rios, próximo à Faz. Zacarias.",NA,NA,"<ll>dwc_commonname:</ll> Pindaíba candolena","BRA:CVRD:CVRD:0000002738",NA,"Guatteria candolleana Schltdl.",NA,NA,NA,NA,NA,NA,NA,NA,NA,NA,NA,NA,NA
"25","2014-07-22T16:39:30.000+0000","JBRJ","RB","RB00484615","Guatteria candolleana Schltdl.",NA,"Annonaceae","Guatteria","candolleana",NA,"Schltdl.","R.Mello-Silva",NA,NA,"263",NA,"G.L.Farias",1989,3,27,"brazil","espirito santo","linhares","Regência, ao lado da Fazenda com o cata vento.",NA,NA,"Casca áspera, flor rosa, botão verde, exsudação incolor, porte arbustivo, terrestre, descamação em ripas, altura total 2","urn:catalog:JBRJ:RB:484615",NA,"Guatteria candolleana Schltdl.",NA,2565,"Linhares",3203205,-40.028138,-19.38214,"ESPIRITO SANTO","ES","Espírito Santo",-40.66114896,-19.64267182,-19.38214,-40.028138
"26",NA,"Reserva Natural Vale (CVRD)","CVRD","2213","Guatteria candolleana Schltdl.",NA,"Annonaceae","Guatteria","candolleana",NA,"Schltdl.","Renato Mello-Silva","1993-06-04T00:00:00.000+0000",NA,"263",NA,"Farias, G.L.",1989,3,27,"brazil","es","linhares","Localizada ao lado da Fazenda com o Cata-vento.",NA,NA,"<ll>dwc_commonname:</ll> Pindaíba candolena","BRA:CVRD:CVRD:0000002213",NA,"Guatteria candolleana Schltdl.",NA,NA,NA,NA,NA,NA,NA,NA,NA,NA,NA,NA,NA
"27",NA,NA,"Botany","U.1064101","Guatteria candolleana Schltdl.",NA,"Annonaceae","Guatteria","candolleana",NA,"Schltdl.","Maas PJM; Westra LYT",NA,NA,NA,NA,"Folli DA",1988,3,11,"brazil","bahia",NA,"Reserva Florestal de Porto Seguro -CRVD/BA. Est. Municipal, Km 9,500, lado esquerdo.",NA,NA,NA,"http://data.biodiversitydata.nl/naturalis/specimen/U.1064101",NA,"Guatteria candolleana Schltdl.",NA,NA,NA,NA,NA,NA,NA,NA,"Bahia",-41.73007713,-12.47331113,-12.47331113,-41.73007713
"28",NA,"Reserva Natural Vale (CVRD)","CVRD","1741","Guatteria candolleana Schltdl.",NA,"Annonaceae","Guatteria","candolleana",NA,"Schltdl.","Adriana Lobão","2009-08-26T00:00:00.000+0000",NA,"698",NA,"Folli, D.A.",1988,3,11,"brazil","ba","porto seguro",NA,NA,NA,"<ll>dwc_commonname:</ll> Pindaíba candolena","BRA:CVRD:CVRD:0000001741",NA,"Guatteria candolleana Schltdl.",NA,NA,NA,NA,NA,NA,NA,NA,NA,NA,NA,NA,NA
"29",NA,"Pontifícia Universidade Católica do Rio de Janeiro (PUC-RIO)","FCAB","3955","Guatteria candolleana Schltdl.",NA,"Annonaceae","Guatteria","candolleana",NA,"Schltdl.","A. Lobão",NA,NA,"2210",NA,"J.C. Siqueira",1986,11,23,"brazil","rio de janeiro","nova friburgo","Cascata do Pinel",0,0,NA,"BRA:PUC-RIO:FCAB:0000003955",NA,"Guatteria candolleana Schltdl.",NA,1598,"Nova Friburgo",3303401,-42.501539,-22.319613,"RIO DE JANEIRO","RJ","Rio de Janeiro",-42.66135386,-22.19491892,-22.319613,-42.501539
"30",NA,"Escola Superior de Agricultura Luiz de Queiroz, ESALQ","ESA","ESA036617","Guatteria candolleana Schltdl.",NA,"Annonaceae","Guatteria","candolleana",NA,"Schltdl.","Tamashiro, J.Y. & Zickel, C.S.","1985-01-01T00:00:00.000+0000",NA,"101",NA,"Los, M.M.",1985,2,23,"brazil","parana","caioba",NA,NA,NA,NA,"BRA:ESALQ:ESA:0ESA036617",NA,"Guatteria candolleana Schltdl.",NA,NA,NA,NA,NA,NA,NA,NA,"Paraná",-51.62375032,-24.6368312,NA,NA
"31",NA,"UNICAMP","UEC","31051","Guatteria candolleana Schltdl.",NA,"Annonaceae","Guatteria","candolleana",NA,"Schltdl.","Lobão, A.","2002-03-01T00:00:00.000+0000",NA,"58",NA,"Brito, H.S.; Vinha, S.G.",1981,8,12,"brazil","bahia","belmonte","Estação Experimental Gregório Bondar. CE",0,0,"fruto, Arvorezinha de 3m de altura. Frutos imaturos, verdes.","BRA:UNICAMP:UEC:0000031051",NA,"Guatteria candolleana Schltdl.",NA,3079,"Belmonte",2903409,-39.185654,-15.936505,"BAHIA","BA","Bahia",-41.73007713,-12.47331113,-15.936505,-39.185654
"32",NA,"NY","NY","395663","Guatteria candolleana Schltdl.",NA,"Annonaceae","Guatteria","candolleana",NA,"Schltdl.","P. J. M. Maas; H. Maas-van de Kamer; R. H. J. Erkens","2012-01-01T00:00:00.000+0000",NA,"860",NA,"L. A. Mattos Silva",1980,6,17,"brazil","bahia",NA,"Estrada que liga o Povoado de Santo AndrÃ© a S. C. de CabrÃ¡lia, numa extensao aprox. de 3 km",-39.025,-16.25,NA,"2a4de08b-a818-40bb-81bd-ec00ee3356a2",NA,"Guatteria candolleana Schltdl.",NA,NA,NA,NA,NA,NA,NA,NA,"Bahia",-41.73007713,-12.47331113,-16.25,-39.025
"33",NA,NA,"Botany","U.1064104","Guatteria candolleana Schltdl.",NA,"Annonaceae","Guatteria","candolleana",NA,"Schltdl.","Maas PJM; Westra LYT",NA,NA,NA,NA,"Mattos Silva LA; Brito HS; Espirito Santo LB do",1980,6,19,"brazil","bahia",NA,"Brasil. Município de Santa Cruz de Cabrália. Km 4 da estrada que liga S.C. Cabrália À Estação Ecológica do Pau-brasil (antiga odovia Sta. Cruz/Porto Seguro). Campo Natural. Folha SE-24 (16-39c).",NA,NA,NA,"http://data.biodiversitydata.nl/naturalis/specimen/U.1064104",NA,"Guatteria candolleana Schltdl.",NA,NA,NA,NA,NA,NA,NA,NA,"Bahia",-41.73007713,-12.47331113,-12.47331113,-41.73007713
"34",NA,NA,"Botany","U  0009308","Guatteria candolleana Schltdl.",NA,"Annonaceae","Guatteria","candolleana",NA,"Schltdl.","Maas PJM; Westra LYT",NA,NA,NA,NA,"Mori SA; Santos TS dos; Thompson CB",1978,10,21,"brazil","bahia",NA,"Brasil. Bahia. Município de Sta. Cruz de Cabrália. 2-4 Km a W de Sta. Cruz de Cabrália, pela estrada antiga. Folha SE-24 (16-39c).",NA,NA,NA,"http://data.biodiversitydata.nl/naturalis/specimen/U%20%200009308",NA,"Guatteria candolleana Schltdl.",NA,NA,NA,NA,NA,NA,NA,NA,"Bahia",-41.73007713,-12.47331113,-12.47331113,-41.73007713
"35",NA,"NY","NY","395661","Guatteria candolleana Schltdl.",NA,"Annonaceae","Guatteria","candolleana",NA,"Schltdl.","P. J. M. Maas; H. Maas-van de Kamer; R. H. J. Erkens","2012-01-01T00:00:00.000+0000",NA,"10901",NA,"S. A. Mori",1978,10,21,"brazil","bahia",NA,"2-4 km a W de Sta. Cruz de CabrÃ¡lia, pela estrada antiga. Folha SE-24 (16-39c)",-39.044099,-16.298624,NA,"c2ec66a7-cd31-4727-a644-19b29d0ccec9",NA,"Guatteria candolleana Schltdl.",NA,NA,NA,NA,NA,NA,NA,NA,"Bahia",-41.73007713,-12.47331113,-16.298624,-39.044099
"36",NA,"NY","NY","378892","Guatteria candolleana Schltdl.",NA,"Annonaceae","Guatteria","candolleana",NA,"Schltdl.","R. de Mello-Silva","1997-12-01T00:00:00.000+0000",NA,"18091",NA,"R. M. Harley",1977,1,18,"brazil","bahia",NA,"13 km S of Cumuruxatiba on the roas to Prado",-39.23,-17.2,NA,"2e5d33ee-67b3-4eec-a162-b0b7d34aabb9",NA,"Guatteria candolleana Schltdl.",NA,NA,NA,NA,NA,NA,NA,NA,"Bahia",-41.73007713,-12.47331113,-17.2,-39.23
"37",NA,NA,"Botany","U  0009309","Guatteria candolleana Schltdl.",NA,"Annonaceae","Guatteria","candolleana",NA,"Schltdl.","Maas PJM; Westra LYT",NA,NA,NA,NA,"Harley RM",1977,1,18,"brazil","bahia",NA,"Brazil, Bahia. 13 km. S. of Cumuruxatiba on the road to Prado.",-39.233333,-17.2,NA,"http://data.biodiversitydata.nl/naturalis/specimen/U%20%200009309",NA,"Guatteria candolleana Schltdl.",NA,NA,NA,NA,NA,NA,NA,NA,"Bahia",-41.73007713,-12.47331113,-17.2,-39.233333
"38",NA,"NY","NY","395658","Guatteria candolleana Schltdl.",NA,"Annonaceae","Guatteria","candolleana",NA,"Schltdl.","P. J. M. Maas; H. Maas-van de Kamer; R. H. J. Erkens","2012-01-01T00:00:00.000+0000",NA,"17360",NA,"R. M. Harley",1974,3,24,"brazil","bahia",NA,"24 km SW of Belmonte on road to Itapebi",-39.05,-16,NA,"c019971b-2fbb-4fb7-a091-ef70a51d8f8f",NA,"Guatteria candolleana Schltdl.",NA,NA,NA,NA,NA,NA,NA,NA,"Bahia",-41.73007713,-12.47331113,-16,-39.05
"39",NA,NA,"Botany","U.1605379","Guatteria candolleana Schltdl.",NA,"Annonaceae","Guatteria","candolleana",NA,"Schltdl.","Maas PJM; Westra LYT",NA,NA,NA,NA,"Harley RM; et al.",1974,3,24,"brazil","bahia",NA,"24km S.W. of Belmonte on road to Itapebi.",-39.5,-16,NA,"http://data.biodiversitydata.nl/naturalis/specimen/U.1605379",NA,"Guatteria candolleana Schltdl.",NA,NA,NA,NA,NA,NA,NA,NA,"Bahia",-41.73007713,-12.47331113,-16,-39.5
"40","2015-08-23T05:45:00.000+0000","MO","MO","3401248","Guatteria candolleana Schltdl.",NA,"Annonaceae","Guatteria","candolleana",NA,"Schltdl.","R.M. Harley",NA,NA,"Harley 17360",NA,"R.M. Harley|S.A. Renvoize|C.M. Erskine|Christine A. Brighton|R.S. Pinheiro",1974,3,24,"brazil","bahia",NA,"Coastal Zone. 24km. S.W. of Belmonte on road to Itapebi. High evergreen restinga forest, low restinga and damp open areas on white sand. Alt. ca. Sea level.",-39.05,-16,NA,"urn:catalog:MO:Tropicos:3401248","http://www.tropicos.org/Specimen/3401248","Guatteria candolleana Schltdl.",NA,NA,NA,NA,NA,NA,NA,NA,"Bahia",-41.73007713,-12.47331113,-16,-39.05
"41",NA,NA,"Botany","U.1064107","Guatteria candolleana Schltdl.",NA,"Annonaceae","Guatteria","candolleana",NA,"Schltdl.","Maas PJM; Westra LYT",NA,NA,NA,NA,"Euponino A",1972,1,5,"brazil","bahia",NA,"Brazil, Bahía, Ba.S.C.Cabralis, Reserva Biologica do Pau-Brasil.",NA,NA,NA,"http://data.biodiversitydata.nl/naturalis/specimen/U.1064107",NA,"Guatteria candolleana Schltdl.",NA,NA,NA,NA,NA,NA,NA,NA,"Bahia",-41.73007713,-12.47331113,-12.47331113,-41.73007713
"42",NA,"MBM","MBM","334317","Guatteria candolleana Schltdl.",NA,"Annonaceae","Guatteria","candolleana",NA,"Schltdl.","Lobão, A","2004-07-01T00:00:00.000+0000",NA,"257",NA,"Sucre, D; Braga, PIS",1968,2,12,"brazil","rio de janeiro","teresopolis","Estrada para Posse",0,0,"Arbusto variando de 5-6m de alt., pétalas e sépalas verdes, estames amarelos, estigma marrom, frutos ainda verdes com pedúnculo roxo.; Mata Secubdária.","BRA:MBM:MBM:0000334317",NA,"Guatteria candolleana Schltdl.",NA,1600,"Teresópolis",3305802,-42.874637,-22.313566,"RIO DE JANEIRO","RJ","Rio de Janeiro",-42.66135386,-22.19491892,-22.313566,-42.874637
"43",NA,NA,"Botany","U  0011511","Guatteria candolleana Schltdl.",NA,"Annonaceae","Guatteria","candolleana",NA,"Schltdl.","Maas PJM; Westra LYT",NA,NA,NA,NA,"Vinha SG da",1968,2,16,"brazil","bahia",NA,"Brazil, Bahía, Ilhéus, Castelo Novo, Fda. Ponta Grossa, margem de lagoa Encantada.",NA,NA,NA,"http://data.biodiversitydata.nl/naturalis/specimen/U%20%200011511",NA,"Guatteria candolleana Schltdl.",NA,NA,NA,NA,NA,NA,NA,NA,"Bahia",-41.73007713,-12.47331113,-12.47331113,-41.73007713
"44",NA,"UnB","UB","114757","Guatteria candolleana Schltdl.",NA,"Annonaceae","Guatteria","candolleana",NA,"Schltdl.","Lobão, A","2014-05-01T00:00:00.000+0000",NA,"3266",NA,"Belém, RP",1967,2,3,"brazil","bahia","belmonte",NA,0,0,"Flores amarelas; frutos verdes.; Arbusto 2m.; Mata costeira.","BRA:UnB:UB:0000114757",NA,"Guatteria candolleana Schltdl.",NA,3079,"Belmonte",2903409,-39.185654,-15.936505,"BAHIA","BA","Bahia",-41.73007713,-12.47331113,-15.936505,-39.185654
"45",NA,"UnB","UB","114806","Guatteria candolleana Schltdl.",NA,"Annonaceae","Guatteria","candolleana",NA,"Schltdl.","Lobão, A","2014-05-01T00:00:00.000+0000",NA,"2521",NA,"Belém, RP",1966,7,7,"brazil","bahia","belmonte",NA,0,0,"Flores esverdeadas.; Planta 1m; Restinga.","BRA:UnB:UB:0000114806",NA,"Guatteria candolleana Schltdl.",NA,3079,"Belmonte",2903409,-39.185654,-15.936505,"BAHIA","BA","Bahia",-41.73007713,-12.47331113,-15.936505,-39.185654
"46",NA,"UnB","UB","114805","Guatteria candolleana Schltdl.",NA,"Annonaceae","Guatteria","candolleana",NA,"Schltdl.","Lobão, A","2014-05-01T00:00:00.000+0000",NA,"2503",NA,"Belém, RP",1966,7,6,"brazil","bahia","belmonte",NA,0,0,"Frutos roxos.; Arbusto 2m.; Restinga.","BRA:UnB:UB:0000114805",NA,"Guatteria candolleana Schltdl.",NA,3079,"Belmonte",2903409,-39.185654,-15.936505,"BAHIA","BA","Bahia",-41.73007713,-12.47331113,-15.936505,-39.185654
"47",NA,NA,"Botany","U.1064109","Guatteria candolleana Schltdl.",NA,"Annonaceae","Guatteria","candolleana",NA,"Schltdl.","Maas PJM; Westra LYT",NA,NA,NA,NA,"Duarte AP",1962,6,25,"brazil","bahia",NA,"Porto Seguro - Bahia.",NA,NA,NA,"http://data.biodiversitydata.nl/naturalis/specimen/U.1064109",NA,"Guatteria candolleana Schltdl.",NA,NA,NA,NA,NA,NA,NA,NA,"Bahia",-41.73007713,-12.47331113,-12.47331113,-41.73007713
"48","2011-02-18T15:11:00.000+0000","MO","MO","3402287","Guatteria candolleana Schltdl.",NA,"Annonaceae","Guatteria","candolleana",NA,"Schltdl.","P. & H. Maas (WAG)","2008-01-01T00:00:00.000+0000",NA,"Duarte 6801",NA,"Apparicio P. Duarte",1962,NA,NA,"brazil","rio de janeiro",NA,"Porto Seguro-Bahia.",NA,NA,NA,"urn:catalog:MO:Tropicos:3402287","http://www.tropicos.org/Specimen/3402287","Guatteria candolleana Schltdl.",NA,NA,NA,NA,NA,NA,NA,NA,"Rio de Janeiro",-42.66135386,-22.19491892,-22.19491892,-42.66135386
"49",NA,"NY","NY","378893","Guatteria candolleana Schltdl.",NA,"Annonaceae","Guatteria","candolleana",NA,"Schltdl.","R. E. Fries","1938-01-01T00:00:00.000+0000",NA,"214",NA,"P. K. H. DusÃ©n",1902,3,2,"brazil","rio de janeiro",NA,"MauÃ¡",-43.0407567361808,-22.6569559555097,NA,"67ea8d61-d36b-4f35-be9c-4c89181b656c",NA,"Guatteria candolleana Schltdl.",NA,NA,NA,NA,NA,NA,NA,NA,"Rio de Janeiro",-42.66135386,-22.19491892,-22.6569559555097,-43.0407567361808
"50",NA,NA,"Botany","L.1761531","Guatteria candolleana Schltdl.",NA,"Annonaceae","Guatteria","candolleana",NA,"Schltdl.","Maas PJM; Westra LYT",NA,NA,NA,NA,"Dusén PKH",1902,3,2,"brazil","rio de janeiro",NA,"Rio De Janeiro, Maua, Restinga.",NA,NA,NA,"http://data.biodiversitydata.nl/naturalis/specimen/L.1761531",NA,"Guatteria candolleana Schltdl.",NA,NA,NA,NA,NA,NA,NA,NA,"Rio de Janeiro",-42.66135386,-22.19491892,-22.19491892,-42.66135386
"51","2009-07-17T17:34:00.000+0000","MO","MO","3401314","Guatteria candolleana Schltdl.",NA,"Annonaceae","Guatteria","candolleana",NA,"Schltdl.","R.E Fries","1938-01-01T00:00:00.000+0000",NA,"Dusén 214",NA,"Per Dusén",1902,NA,NA,"brazil","rio de janeiro",NA,"Mará Restinga.",NA,NA,NA,"urn:catalog:MO:Tropicos:3401314","http://www.tropicos.org/Specimen/3401314","Guatteria candolleana Schltdl.",NA,NA,NA,NA,NA,NA,NA,NA,"Rio de Janeiro",-42.66135386,-22.19491892,-22.19491892,-42.66135386
"52",NA,"Instituto de Botânica, IBT","SP","17872","Guatteria candolleana Schltdl.",NA,"Annonaceae","Guatteria","candolleana",NA,"Schltdl.","Fries, RE","1938-01-01T00:00:00.000+0000",NA,"CGG2743",NA,"Loefgren, A; Edwall, G",1894,10,16,"brazil","sao paulo","eldorado","Xiririca",0,0,NA,"BRA:IBt:SP:0000017872",NA,"Guatteria candolleana Schltdl.",NA,980,"Eldorado",3514809,-48.233534,-24.49474,"SAO PAULO","SP","São Paulo",-48.73276064,-22.26541286,-24.49474,-48.233534
"53",NA,"MN","R","60699","Guatteria candolleana Schltdl.",NA,"Annonaceae","Guatteria","candolleana",NA,"Schltdl.","Lobão, A.","2004-05-01T00:00:00.000+0000",NA,"17462",NA,"Glaziou, A.F.M.",1881,1,18,"brazil","rio de janeiro","petropolis",NA,NA,NA,"Plantas do Brasil Central","BRA:MN:R:0000060699",NA,"Guatteria candolleana Schltdl.",NA,1574,"Petrópolis",3303906,-43.155902,-22.393567,"RIO DE JANEIRO","RJ","Rio de Janeiro",-42.66135386,-22.19491892,-22.393567,-43.155902
"54","2015-09-03T18:47:01.000+0000","MNHN","P","P00123763","Guatteria candolleana Schltdl.",NA,"Annonaceae","Guatteria","candolleana",NA,"Schltdl.","Glaziou",NA,NA,NA,7504,"Glaziou, A.|Wittiq",1874,10,18,"brazil",NA,NA,NA,NA,NA,NA,"http://coldb.mnhn.fr/catalognumber/mnhn/p/p00123763",NA,"Guatteria candolleana Schltdl.",NA,NA,NA,NA,NA,NA,NA,NA,NA,NA,NA,NA,NA
"55","2015-09-30T04:53:53.000+0000","MNHN","P","P00123848","Guatteria hilariana var. pallescens R.E.Fr.",NA,"Annonaceae","Guatteria","hilariana","pallescens","var. pallescens R.E.Fr.","Mello-Silva",NA,NA,NA,3857,"Glaziou, A.",1870,2,18,"brazil",NA,NA,NA,NA,NA,NA,"http://coldb.mnhn.fr/catalognumber/mnhn/p/p00123848",NA,"Guatteria hilariana var. pallescens R.E.Fr.",NA,NA,NA,NA,NA,NA,NA,NA,NA,NA,NA,NA,NA
"56",NA,"MN","R","60696","Guatteria candolleana Schltdl.",NA,"Annonaceae","Guatteria","candolleana",NA,"Schltdl.",NA,NA,NA,"7504",NA,"Glaziou, A.F.M.",1870,10,18,"brazil","sao paulo","maua",NA,NA,NA,"Plantas do Brasil Central","BRA:MN:R:0000060696",NA,"Guatteria candolleana Schltdl.",NA,1125,"Mauá",3529401,-46.445791,-23.666233,"SAO PAULO","SP","São Paulo",-48.73276064,-22.26541286,-23.666233,-46.445791
"57",NA,"MN","R","60707","Guatteria candolleana Schltdl.",NA,"Annonaceae","Guatteria","candolleana",NA,"Schltdl.","Lobão, A.",NA,NA,"7506 a",NA,"Glaziou, A.F.M.",1869,11,10,"brazil","rio de janeiro","petropolis",NA,NA,NA,"Plantas do Brasil Central","BRA:MN:R:0000060707",NA,"Guatteria candolleana Schltdl.",NA,1574,"Petrópolis",3303906,-43.155902,-22.393567,"RIO DE JANEIRO","RJ","Rio de Janeiro",-42.66135386,-22.19491892,-22.393567,-43.155902
"58",NA,"NY","NY","00378997","Guatteria candolleana Schltdl.",NA,"Annonaceae","Guatteria","candolleana",NA,"Schltdl.","J. A. Kallunki",NA,NA,"N1172",NA,"L. Riedel",1832,11,NA,"brazil","rio de janeiro",NA,"[This is not on the label: Prope Rio de Janeiro. Organ Mount. Protologue stated that the specific locality was not known]",-43.0084,-22.5309,NA,"a6b1a439-18c4-4811-b626-d0eac58fbc3f",NA,"Guatteria candolleana Schltdl.",NA,NA,NA,NA,NA,NA,NA,NA,"Rio de Janeiro",-42.66135386,-22.19491892,-22.5309,-43.0084
"59","2013-12-23T00:00:00.000+0000","BR",NA,"BR0000013488970","Guatteria candolleana Schltdl.",NA,"Annonaceae","Guatteria","candolleana",NA,"Schltdl.",NA,NA,NA,"S.N.",NA,"Karwinski von Karwin W.F.",1823,NA,NA,"brazil",NA,NA,NA,NA,NA,NA,"http://www.botanicalcollections.be/specimen/BR0000013488970",NA,"Guatteria candolleana Schltdl.",NA,NA,NA,NA,NA,NA,NA,NA,NA,NA,NA,NA,NA
"60",NA,"Comissão Executiva do Plano da Lavoura Cacaueira (CEPLAC)","CEPEC","34002","Guatteria candolleana Schltdl.",NA,"Annonaceae","Guatteria","candolleana",NA,"Schltdl.","R. de Mello-Silva",NA,NA,"140",NA,"F. S. Santos",NA,NA,NA,"brazil","bahia","santa cruz cabralia","16Km ao W Porto Seguro. Área da Estação Ecologica d Pau-brasil. CEPLAC.",NA,NA,"Ambiente: Mata higrofila. Habito: Arbusto","BRA:CEPLAC:CEPEC:0000034002",NA,"Guatteria candolleana Schltdl.",NA,3034,"Santa Cruz Cabrália",2927705,-39.203176,-16.228954,"BAHIA","BA","Bahia",-41.73007713,-12.47331113,-16.228954,-39.203176
"61",NA,"Comissão Executiva do Plano da Lavoura Cacaueira (CEPLAC)","CEPEC","21233","Guatteria candolleana Schltdl.",NA,"Annonaceae","Guatteria","candolleana",NA,"Schltdl.","R. de Mello-Silva",NA,NA,"860",NA,"L. A. M. Silva",NA,NA,NA,"brazil","bahia","santa cruz cabralia","Estrada liga póvoado de Sto.André/Cabralia, numa extensão aprox. 3Km.",-39.025,-16.25,"Ambiente: Restinga. Solo arenoso. Habito: Árvore maior que 5m e menor 20m","BRA:CEPLAC:CEPEC:0000021233",NA,"Guatteria candolleana Schltdl.",NA,3034,"Santa Cruz Cabrália",2927705,-39.203176,-16.228954,"BAHIA","BA","Bahia",-41.73007713,-12.47331113,-16.25,-39.025
"62",NA,"Comissão Executiva do Plano da Lavoura Cacaueira (CEPLAC)","CEPEC","42908","Guatteria candolleana Schltdl.",NA,"Annonaceae","Guatteria","candolleana",NA,"Schltdl.","R. de Mello-Silva",NA,NA,"7057",NA,"P. J. M. Maas",NA,NA,NA,"brazil","bahia","ilheus","Faz. Serrapilheira,ca. 20Km ao N de Ilheus 9direção a Castelo Novo e Lagoa Santa).",NA,NA,"Ambiente: Mata. Habito: Árvore menor que 5m","BRA:CEPLAC:CEPEC:0000042908",NA,"Guatteria candolleana Schltdl.",NA,3250,"Ilhéus",2913606,-39.190761,-14.766458,"BAHIA","BA","Bahia",-41.73007713,-12.47331113,-14.766458,-39.190761
"63",NA,"Comissão Executiva do Plano da Lavoura Cacaueira (CEPLAC)","CEPEC","3486","Guatteria candolleana Schltdl.",NA,"Annonaceae","Guatteria","candolleana",NA,"Schltdl.","R. de Mello-Silva",NA,NA,"110",NA,"S. G. da Vinha",NA,NA,NA,"brazil","bahia","ilheus","Castelo Novo, Faz. Ponta Grossa. Margem da lagoa Encantada.",NA,NA,"Ambiente: Mata. Habito: Árvore menor que 5m","BRA:CEPLAC:CEPEC:0000003486",NA,"Guatteria candolleana Schltdl.",NA,3250,"Ilhéus",2913606,-39.190761,-14.766458,"BAHIA","BA","Bahia",-41.73007713,-12.47331113,-14.766458,-39.190761
"64","2007-06-05T10:30:27.000+0000","K","Herbarium","K000487267","Guatteria candolleana Schltdl.",NA,"Annonaceae","Guatteria","candolleana",NA,"Schltdl.","Mello-Silva, R.",NA,"ISOTYPE","s.n.",NA,"Sellow",NA,NA,NA,"brazil",NA,NA,NA,NA,NA,"Herb. Reg. Berolinense.  Herbarium Hookerianum 1867","http://specimens.kew.org/herbarium/K000487267",NA,"Guatteria candolleana Schltdl.",NA,NA,NA,NA,NA,NA,NA,NA,NA,NA,NA,NA,NA
"65",NA,"Comissão Executiva do Plano da Lavoura Cacaueira (CEPLAC)","CEPEC","2735","Guatteria candolleana Schltdl.",NA,"Annonaceae","Guatteria","candolleana",NA,"Schltdl.","R. de Mello-Silva",NA,NA,"2521",NA,"R. P. Belém",NA,NA,NA,"brazil","bahia","belmonte","Sem informação.",NA,NA,"Ambiente: Restinga. Habito: Arbusto","BRA:CEPLAC:CEPEC:0000002735",NA,"Guatteria candolleana Schltdl.",NA,3079,"Belmonte",2903409,-39.185654,-15.936505,"BAHIA","BA","Bahia",-41.73007713,-12.47331113,-15.936505,-39.185654
"66",NA,"B","Herbarium Berolinense","B 10 0243159","Guatteria candolleana Schltdl.",NA,"Annonaceae","Guatteria","candolleana",NA,"Schltdl.",NA,NA,NA,NA,NA,"Sellow,F.",NA,NA,NA,"brazil",NA,NA,NA,NA,NA,NA,"http://herbarium.bgbm.org/object/B100243159",NA,"Guatteria candolleana Schltdl.",NA,NA,NA,NA,NA,NA,NA,NA,NA,NA,NA,NA,NA
"67",NA,"Comissão Executiva do Plano da Lavoura Cacaueira (CEPLAC)","CEPEC","45598","Guatteria candolleana Schltdl.",NA,"Annonaceae","Guatteria","candolleana",NA,"Schltdl.","R. de Mello-Silva",NA,NA,"698",NA,"D. A. Folli",NA,NA,NA,"brazil","bahia","porto seguro","Reserva Florestal de Porto Seguro. - CVRD/BA. Est. Municipal, Km 9,500, a esquerda.",NA,NA,"Ambiente: Mata. Habito: Arbusto","BRA:CEPLAC:CEPEC:0000045598",NA,"Guatteria candolleana Schltdl.",NA,2962,"Porto Seguro",2925303,-39.278757,-16.625586,"BAHIA","BA","Bahia",-41.73007713,-12.47331113,-16.625586,-39.278757
"68","2011-03-11T22:16:00.000+0000","MO","MO","3401255","Guatteria candolleana Schltdl.",NA,"Annonaceae","Guatteria","candolleana",NA,"Schltdl.",NA,NA,NA,"Poeppig 475",NA,"Eduard F. Poeppig",NA,NA,NA,"brazil",NA,NA,NA,NA,NA,NA,"urn:catalog:MO:Tropicos:3401255","http://www.tropicos.org/Specimen/3401255","Guatteria candolleana Schltdl.",NA,NA,NA,NA,NA,NA,NA,NA,NA,NA,NA,NA,NA
"69","2017-10-15T15:45:35.000+0000","JBRJ","RB","RB00042430","Guatteria candolleana Schltdl.",NA,"Annonaceae","Guatteria","candolleana",NA,"Schltdl.","A. Lobão",NA,NA,"6801",NA,"A. P. Duarte",NA,NA,NA,"brazil","bahia","porto seguro",NA,NA,NA,"Planta de solo arenoso","urn:catalog:JBRJ:RB:42430",NA,"Guatteria candolleana Schltdl.",NA,2962,"Porto Seguro",2925303,-39.278757,-16.625586,"BAHIA","BA","Bahia",-41.73007713,-12.47331113,-16.625586,-39.278757
"70",NA,"Comissão Executiva do Plano da Lavoura Cacaueira (CEPLAC)","CEPEC","27639","Guatteria candolleana Schltdl.",NA,"Annonaceae","Guatteria","candolleana",NA,"Schltdl.","R. de Mello-Silva",NA,NA,"13858",NA,"S. A. Mori",NA,NA,NA,"brazil","bahia","una","Maruim, arredores Faz. Marui e 2 de Julho, 33Km ao SW de Olivença,Rod. p/ Buerarema.",NA,NA,"Ambiente: Mata higrofila, umida. Habito: Árvore maior que 5m e menor 20m","BRA:CEPLAC:CEPEC:0000027639",NA,"Guatteria candolleana Schltdl.",NA,3186,"Una",2932507,-39.154571,-15.224128,"BAHIA","BA","Bahia",-41.73007713,-12.47331113,-15.224128,-39.154571
"71",NA,"Universidade Federal de Minas Gerais (UFMG)","BHCB","52468","Guatteria candolleana Schltdl.",NA,"Annonaceae","Guatteria","candolleana",NA,"Schltdl.",NA,NA,NA,"s.n.",NA,"Costa, LV",NA,NA,NA,"brazil","minas gerais","antonio dias",NA,0,0,NA,"BRA:UFMG:BHCB:0000052468",NA,"Guatteria candolleana Schltdl.",NA,2530,"Antônio Dias",3103009,-42.876634,-19.567207,"MINAS GERAIS","MG","Minas Gerais",-44.65770348,-18.45798563,-19.567207,-42.876634
"72",NA,"Comissão Executiva do Plano da Lavoura Cacaueira (CEPLAC)","CEPEC","22565","Guatteria candolleana Schltdl.",NA,"Annonaceae","Guatteria","candolleana",NA,"Schltdl.","R. de Mello-Silva",NA,NA,"928",NA,"L. A. M. Silva",NA,NA,NA,"brazil","bahia","santa cruz cabralia","Km 4 da antiga estrada liga Cabralia/Estação ecologica do Pau-brasil.",NA,NA,"Ambiente: Campo natural. Vegetação arborea.Solo arenoso. Habito: Árvore menor que 5m","BRA:CEPLAC:CEPEC:0000022565",NA,"Guatteria candolleana Schltdl.",NA,3034,"Santa Cruz Cabrália",2927705,-39.203176,-16.228954,"BAHIA","BA","Bahia",-41.73007713,-12.47331113,-16.228954,-39.203176
"73",NA,"Comissão Executiva do Plano da Lavoura Cacaueira (CEPLAC)","CEPEC","4248","Guatteria candolleana Schltdl.",NA,"Annonaceae","Guatteria","candolleana",NA,"Schltdl.","R. de Mello-Silva",NA,NA,"3266",NA,"R. P. Belém",NA,NA,NA,"brazil","bahia","belmonte","Sem informação.",NA,NA,"Ambiente: Mata costeira. Habito: Arbusto","BRA:CEPLAC:CEPEC:0000004248",NA,"Guatteria candolleana Schltdl.",NA,3079,"Belmonte",2903409,-39.185654,-15.936505,"BAHIA","BA","Bahia",-41.73007713,-12.47331113,-15.936505,-39.185654
"74",NA,"Escola Superior de Agricultura Luiz de Queiroz, ESALQ","ESA","ESA100930","Guatteria candolleana Schltdl.",NA,"Annonaceae","Guatteria","candolleana",NA,"Schltdl.","Lobão, A.","2004-07-01T00:00:00.000+0000",NA,"2415",NA,"Sucre, D.",NA,NA,NA,"brazil","rio de janeiro","teresopolis",NA,NA,NA,NA,"BRA:ESALQ:ESA:0ESA100930",NA,"Guatteria candolleana Schltdl.",NA,1600,"Teresópolis",3305802,-42.874637,-22.313566,"RIO DE JANEIRO","RJ","Rio de Janeiro",-42.66135386,-22.19491892,-22.313566,-42.874637
"75",NA,"Comissão Executiva do Plano da Lavoura Cacaueira (CEPLAC)","CEPEC","59232","Guatteria candolleana Schltdl.",NA,"Annonaceae","Guatteria","candolleana",NA,"Schltdl.","R. de Mello-Silva",NA,NA,"9872",NA,"W. W. Thomas",NA,NA,NA,"brazil","bahia","belmonte","48Km a E da BR-101 Rod. para Belmonte. Estação Experimental Gregorio Bondar. CEPLAC.",-39.25,-16.133333,"Ambiente: Mata higrofila (Mata de tabuleiro"" ). Habito: Arbusto","BRA:CEPLAC:CEPEC:0000059232",NA,"Guatteria candolleana Schltdl.",NA,3079,"Belmonte",2903409,-39.185654,-15.936505,"BAHIA","BA","Bahia",-41.73007713,-12.47331113,-16.133333,-39.25
"76",NA,"Comissão Executiva do Plano da Lavoura Cacaueira (CEPLAC)","CEPEC","8232","Guatteria candolleana Schltdl.",NA,"Annonaceae","Guatteria","candolleana",NA,"Schltdl.","R. de Mello-Silva",NA,NA,"100",NA,"A. Eupunino",NA,NA,NA,"brazil","bahia","santa cruz cabralia","Reserva Biológica do Pau-brasil. CEPLAC.",NA,NA,"Ambiente: Mata higrofila. Habito: Arbusto","BRA:CEPLAC:CEPEC:0000008232",NA,"Guatteria candolleana Schltdl.",NA,3034,"Santa Cruz Cabrália",2927705,-39.203176,-16.228954,"BAHIA","BA","Bahia",-41.73007713,-12.47331113,-16.228954,-39.203176
"77",NA,"Comissão Executiva do Plano da Lavoura Cacaueira (CEPLAC)","CEPEC","62907","Guatteria candolleana Schltdl.",NA,"Annonaceae","Guatteria","candolleana",NA,"Schltdl.","R. de Mello-Silva",NA,NA,"58044",NA,"G. Hatschbach",NA,NA,NA,"brazil","espirito santo","sao mateus","Entre BR-101/Ponta do Ipiranga.",NA,NA,"Ambiente: Mata de mussununga. Habito: Árvore menor que 5m","BRA:CEPLAC:CEPEC:0000062907",NA,"Guatteria candolleana Schltdl.",NA,2678,"São Mateus",3204906,-40.02055,-18.748914,"ESPIRITO SANTO","ES","Espírito Santo",-40.66114896,-19.64267182,-18.748914,-40.02055
"78",NA,"Comissão Executiva do Plano da Lavoura Cacaueira (CEPLAC)","CEPEC","104300","Guatteria candolleana Schltdl.",NA,"Annonaceae","Guatteria","candolleana",NA,"Schltdl.","P. Fiaschi",NA,NA,"2668",NA,"P. Fiaschi",NA,NA,NA,"brazil","bahia","ilheus","Rod. Ilhéus/Itacaré (BA-001), na atura do Km 20, estrada a esquerda. Acesso ao Retiro. Ramal vicinal ca. 5,5Km a direita, para a Lagoa Encantada.",-39.117222,-14.586111,"Ambiente: Mata Ombrófila, antropizada. Habito: Arvoreta, ca. 5m.","BRA:CEPLAC:CEPEC:0000104300",NA,"Guatteria candolleana Schltdl.",NA,3250,"Ilhéus",2913606,-39.190761,-14.766458,"BAHIA","BA","Bahia",-41.73007713,-12.47331113,-14.586111,-39.117222
"79",NA,"Comissão Executiva do Plano da Lavoura Cacaueira (CEPLAC)","CEPEC","105937","Guatteria candolleana Schltdl.",NA,"Annonaceae","Guatteria","candolleana",NA,"Schltdl.","M. L. Guedes",NA,NA,"11109",NA,"M. L. Guedes",NA,NA,NA,"brazil","bahia","santa cruz cabralia","Extremo Sul. Santo André, caminho para Sapuira.",-39,-16.233333,"Ambiente: Restinga Arbórea. Habito: Árvore com ramos pubescentes","BRA:CEPLAC:CEPEC:0000105937",NA,"Guatteria candolleana Schltdl.",NA,3034,"Santa Cruz Cabrália",2927705,-39.203176,-16.228954,"BAHIA","BA","Bahia",-41.73007713,-12.47331113,-16.233333,-39
"80",NA,"Comissão Executiva do Plano da Lavoura Cacaueira (CEPLAC)","CEPEC","81271","Guatteria candolleana Schltdl.",NA,"Annonaceae","Guatteria","candolleana",NA,"Schltdl.","R. de Mello-Silva",NA,NA,"6675",NA,"A. M. de Carvalho",NA,NA,NA,"brazil","bahia","ilheus","Km 18 Rod. Ilheus/Itacaré. Viscinal para o distrito do retiro, 5Km na estrada de acesso.Sítio Bom Retiro.",NA,NA,"Ambiente: Mata. Habito: Arbusto","BRA:CEPLAC:CEPEC:0000081271",NA,"Guatteria candolleana Schltdl.",NA,3250,"Ilhéus",2913606,-39.190761,-14.766458,"BAHIA","BA","Bahia",-41.73007713,-12.47331113,-14.766458,-39.190761
"81",NA,"F","Botany",NA,"Guatteria candolleana Schltdl.",NA,"Annonaceae","Guatteria","candolleana",NA,"Schltdl.",NA,NA,"LECTOTYPE","1889",NA,"E. F. Poeppig",NA,NA,NA,"brazil",NA,NA,NA,-52.8731,-10.8339,NA,"0f85296b-3e35-408c-a453-62ec98003c66",NA,"Guatteria candolleana Schltdl.",NA,NA,NA,NA,NA,NA,NA,NA,NA,NA,NA,-10.8339,-52.8731
"82",NA,"F","Botany",NA,"Guatteria hilariana var. pallescens R.E.Fr.",NA,"Annonaceae","Guatteria","hilariana","pallescens","var. pallescens R.E.Fr.",NA,NA,"SYNTYPE","3857",NA,"A. F. M. Glaziou",NA,NA,NA,"brazil",NA,NA,NA,-52.8731,-10.8339,NA,"6ff6d9ee-c682-433b-afe0-12a5d7a897a2",NA,"Guatteria hilariana var. pallescens R.E.Fr.",NA,NA,NA,NA,NA,NA,NA,NA,NA,NA,NA,-10.8339,-52.8731
"83","2014-07-08T02:56:12.000+0000","JBRJ","RB","RB00041392","Guatteria candolleana Schltdl.",NA,"Annonaceae","Guatteria","candolleana",NA,"Schltdl.","Adriana Lobão","2004-05-14T00:00:00.000+0000",NA,"5407",NA,"Schwacke",NA,NA,NA,"brazil","rio de janeiro","rio de janeiro","Restinga de Mauá.",NA,NA,NA,"urn:catalog:JBRJ:RB:41392",NA,"Guatteria candolleana Schltdl.",NA,1360,"Rio de Janeiro",3304557,-43.45231,-22.924471,"RIO DE JANEIRO","RJ","Rio de Janeiro",-42.66135386,-22.19491892,-22.924471,-43.45231
"84",NA,"Comissão Executiva do Plano da Lavoura Cacaueira (CEPLAC)","CEPEC","24591","Guatteria candolleana Schltdl.",NA,"Annonaceae","Guatteria","candolleana",NA,"Schltdl.","R. de Mello-Silva",NA,NA,"58",NA,"H. S. Brito",NA,NA,NA,"brazil","bahia","belmonte","Estação Experimental Gregório Bondar. CEPLAC. Barrolandia.",NA,NA,"Ambiente: Mata. Habito: Árvore menor que 5m","BRA:CEPLAC:CEPEC:0000024591",NA,"Guatteria candolleana Schltdl.",NA,3079,"Belmonte",2903409,-39.185654,-15.936505,"BAHIA","BA","Bahia",-41.73007713,-12.47331113,-15.936505,-39.185654
"85",NA,"Comissão Executiva do Plano da Lavoura Cacaueira (CEPLAC)","CEPEC","22303","Guatteria candolleana Schltdl.",NA,"Annonaceae","Guatteria","candolleana",NA,"Schltdl.","R. de Mello-Silva",NA,NA,"961",NA,"L. A. M. Silva",NA,NA,NA,"brazil","bahia","belmonte","Ramal p/ Mogiquiçaba, entr. Km 76 Rod. Itapebi/Belmonte a direita. 2-5Km antes de Mogiquiçaba.",NA,NA,"Ambiente: Mata higrofia, raleada. Solo arenoso. Habito: Arbusto","BRA:CEPLAC:CEPEC:0000022303",NA,"Guatteria candolleana Schltdl.",NA,3079,"Belmonte",2903409,-39.185654,-15.936505,"BAHIA","BA","Bahia",-41.73007713,-12.47331113,-15.936505,-39.185654
"86","2014-07-08T02:45:07.000+0000","JBRJ","RB","RB00042451","Guatteria candolleana Schltdl.",NA,"Annonaceae","Guatteria","candolleana",NA,"Schltdl.","A. Lobão",NA,NA,"263",NA,"G. L. Farias",NA,NA,NA,"brazil","espirito santo","espirito santo","Reserva Biológica de Comboio - IBDF - Regência, ao lado da Fazenda Cata-Vento. Reserva Biológica de Comboi",NA,NA,"Arbusto em floresta de capoeira ca. 2m de altura. com flor rosa e botão verde. Casca áspera","urn:catalog:JBRJ:RB:42451",NA,"Guatteria candolleana Schltdl.",NA,NA,NA,NA,NA,NA,NA,NA,"Espírito Santo",-40.66114896,-19.64267182,NA,NA
